CustomerID,Age,Gender,City,PreferredChannel,RecencyDays,PurchaseFrequency,MonetaryValue,TrueSegment
CUST100001,49,Male,Mumbai,Online,140,6,1671.2,At Risk
CUST100002,37,Female,Pune,Mobile App,81,6,2487.02,Potential Loyalists
CUST100003,28,Female,Noida,Online,278,4,1415.94,Lost
CUST100004,35,Other,Delhi,Online,100,9,1681.72,At Risk
CUST100005,40,Male,Mumbai,Store,21,27,10190.05,Champions
CUST100006,24,Male,Kolkata,Online,279,3,208.13,Lost
CUST100007,18,Male,Mumbai,Online,155,9,1262.89,At Risk
CUST100008,35,Female,Mumbai,Online,161,7,1545.05,At Risk
CUST100009,18,Female,Bengaluru,Store,29,22,3278.24,Champions
CUST100010,19,Male,Chennai,Online,110,6,634.4,Potential Loyalists
CUST100011,31,Female,Pune,Store,47,14,1944.54,Loyal
CUST100012,37,Male,Delhi,Online,287,2,1141.53,Lost
CUST100013,22,Male,Hyderabad,Store,139,5,1184.31,At Risk
CUST100014,42,Male,Noida,Online,317,4,797.49,Lost
CUST100015,41,Other,Mumbai,Online,85,3,2985.48,Potential Loyalists
CUST100016,44,Male,Noida,Online,41,14,3660.85,Loyal
CUST100017,24,Female,Pune,Online,21,5,1001.6,Potential Loyalists
CUST100018,29,Other,Noida,Mobile App,16,24,4560.31,Champions
CUST100019,24,Male,Hyderabad,Online,304,4,1467.85,Lost
CUST100020,37,Male,Delhi,Online,237,5,850.72,At Risk
CUST100021,23,Male,Hyderabad,Online,126,4,5562.7,At Risk
CUST100022,31,Male,Hyderabad,Online,61,6,4462.56,Loyal
CUST100023,42,Male,Chennai,Online,320,2,2242.48,Lost
CUST100024,28,Female,Bengaluru,Online,200,2,687.5,Lost
CUST100025,38,Male,Hyderabad,Store,103,8,1695.0,At Risk
CUST100026,27,Male,Noida,Mobile App,66,18,2212.21,Loyal
CUST100027,41,Female,Mumbai,Mobile App,114,7,2988.69,Potential Loyalists
CUST100028,18,Male,Noida,Store,10,20,12381.29,Champions
CUST100029,33,Male,Delhi,Store,6,20,6547.96,Champions
CUST100030,27,Male,Hyderabad,Online,110,6,2092.69,At Risk
CUST100031,28,Male,Pune,Mobile App,228,9,2443.63,At Risk
CUST100032,40,Female,Bengaluru,Online,341,1,1779.27,Lost
CUST100033,42,Female,Chennai,Online,58,18,2112.5,Loyal
CUST100034,48,Female,Kolkata,Online,12,11,5509.25,Loyal
CUST100035,39,Male,Kolkata,Store,110,5,2841.4,Potential Loyalists
CUST100036,29,Male,Noida,Store,63,12,3209.79,Loyal
CUST100037,43,Male,Mumbai,Store,6,20,4061.23,Champions
CUST100038,26,Female,Noida,Mobile App,32,7,2492.8,Potential Loyalists
CUST100039,41,Female,Pune,Store,19,13,2996.37,Loyal
CUST100040,25,Female,Bengaluru,Mobile App,161,6,4262.78,At Risk
CUST100041,42,Female,Mumbai,Online,37,5,994.11,Potential Loyalists
CUST100042,27,Male,Kolkata,Mobile App,206,2,138.72,Lost
CUST100043,18,Female,Chennai,Mobile App,226,7,2011.59,At Risk
CUST100044,27,Male,Noida,Store,60,14,3485.32,Loyal
CUST100045,46,Female,Chennai,Online,266,3,727.24,Lost
CUST100046,19,Male,Hyderabad,Online,103,6,1747.85,At Risk
CUST100047,34,Female,Chennai,Mobile App,39,16,4962.81,Loyal
CUST100048,33,Male,Pune,Online,10,13,1641.54,Loyal
CUST100049,24,Male,Chennai,Online,141,6,1075.15,At Risk
CUST100050,41,Other,Noida,Online,20,18,5986.61,Champions
CUST100051,24,Female,Chennai,Online,48,19,1772.01,Loyal
CUST100052,38,Male,Hyderabad,Store,18,23,5335.65,Champions
CUST100053,42,Female,Pune,Mobile App,161,7,2034.1,At Risk
CUST100054,37,Male,Delhi,Online,236,6,1495.79,At Risk
CUST100055,24,Female,Hyderabad,Online,125,5,1331.43,At Risk
CUST100056,34,Female,Hyderabad,Online,115,8,1617.4,At Risk
CUST100057,36,Male,Bengaluru,Store,38,6,787.63,Potential Loyalists
CUST100058,21,Male,Mumbai,Mobile App,24,11,2211.96,Potential Loyalists
CUST100059,32,Male,Kolkata,Online,29,21,3954.31,Champions
CUST100060,20,Male,Kolkata,Store,33,29,7221.99,Champions
CUST100061,42,Female,Delhi,Mobile App,116,7,1888.54,At Risk
CUST100062,23,Female,Delhi,Online,97,8,2344.04,Potential Loyalists
CUST100063,26,Male,Delhi,Mobile App,53,9,2157.4,Potential Loyalists
CUST100064,48,Male,Noida,Mobile App,163,11,1372.01,At Risk
CUST100065,46,Female,Hyderabad,Mobile App,203,7,710.93,At Risk
CUST100066,37,Female,Noida,Store,54,10,2294.51,Potential Loyalists
CUST100067,19,Female,Chennai,Store,56,8,1875.97,Potential Loyalists
CUST100068,39,Male,Chennai,Mobile App,17,15,2779.36,Loyal
CUST100069,37,Male,Kolkata,Mobile App,12,23,4895.0,Champions
CUST100070,52,Female,Mumbai,Store,61,8,2470.75,Potential Loyalists
CUST100071,44,Female,Chennai,Store,35,13,1839.79,Loyal
CUST100072,44,Female,Noida,Store,90,7,1825.77,Potential Loyalists
CUST100073,28,Female,Pune,Online,262,3,986.81,Lost
CUST100074,45,Female,Chennai,Online,40,9,4059.84,Loyal
CUST100075,18,Male,Bengaluru,Online,34,21,8252.88,Champions
CUST100076,28,Male,Mumbai,Mobile App,41,12,7835.06,Loyal
CUST100077,28,Female,Mumbai,Mobile App,55,14,3279.28,Loyal
CUST100078,47,Female,Bengaluru,Mobile App,126,5,1200.53,At Risk
CUST100079,38,Female,Delhi,Store,44,6,2037.06,Potential Loyalists
CUST100080,52,Male,Chennai,Store,124,6,1480.49,At Risk
CUST100081,35,Male,Hyderabad,Online,125,7,1639.91,At Risk
CUST100082,43,Female,Bengaluru,Online,35,9,1670.9,Potential Loyalists
CUST100083,44,Male,Bengaluru,Store,144,9,2678.14,At Risk
CUST100084,47,Female,Chennai,Mobile App,41,16,1257.01,Loyal
CUST100085,45,Female,Kolkata,Online,14,25,6052.39,Champions
CUST100086,49,Male,Chennai,Online,18,29,5861.98,Champions
CUST100087,31,Male,Noida,Online,175,6,3542.72,At Risk
CUST100088,28,Male,Hyderabad,Online,102,3,1536.98,Potential Loyalists
CUST100089,37,Female,Delhi,Mobile App,47,11,2822.79,Loyal
CUST100090,42,Male,Hyderabad,Online,107,7,1061.14,Potential Loyalists
CUST100091,22,Male,Mumbai,Mobile App,1,27,5953.43,Champions
CUST100092,42,Male,Delhi,Online,115,6,3600.9,At Risk
CUST100093,41,Female,Pune,Mobile App,25,7,1960.42,Potential Loyalists
CUST100094,33,Male,Hyderabad,Mobile App,57,13,3287.67,Loyal
CUST100095,39,Female,Delhi,Store,24,10,4133.84,Loyal
CUST100096,50,Female,Bengaluru,Store,134,7,830.96,At Risk
CUST100097,24,Male,Chennai,Store,54,15,3099.77,Loyal
CUST100098,20,Other,Pune,Store,7,29,2841.7,Champions
CUST100099,37,Male,Hyderabad,Online,14,22,8213.28,Champions
CUST100100,39,Female,Hyderabad,Online,363,1,543.63,Lost
CUST100101,42,Male,Chennai,Store,184,3,1409.02,Lost
CUST100102,31,Male,Hyderabad,Online,106,9,1502.45,At Risk
CUST100103,24,Male,Kolkata,Online,19,10,4159.55,Loyal
CUST100104,25,Male,Pune,Store,231,2,60.99,Lost
CUST100105,52,Female,Noida,Store,159,6,2951.14,At Risk
CUST100106,43,Female,Mumbai,Online,93,5,3250.86,At Risk
CUST100107,31,Female,Mumbai,Online,38,8,1226.0,Potential Loyalists
CUST100108,43,Male,Hyderabad,Online,56,8,6793.79,Loyal
CUST100109,32,Male,Chennai,Online,14,19,9511.98,Champions
CUST100110,50,Other,Kolkata,Mobile App,364,4,788.77,Lost
CUST100111,22,Female,Mumbai,Store,84,9,1285.08,Potential Loyalists
CUST100112,47,Male,Bengaluru,Store,14,15,2940.51,Loyal
CUST100113,36,Male,Kolkata,Mobile App,65,15,4683.45,Loyal
CUST100114,35,Male,Bengaluru,Store,61,12,1042.19,Potential Loyalists
CUST100115,36,Male,Chennai,Online,18,13,5075.51,Loyal
CUST100116,30,Male,Noida,Mobile App,304,2,519.15,Lost
CUST100117,33,Female,Noida,Store,118,6,2027.52,At Risk
CUST100118,46,Female,Kolkata,Store,159,6,1981.98,At Risk
CUST100119,44,Male,Mumbai,Store,31,4,1588.85,Potential Loyalists
CUST100120,38,Male,Hyderabad,Store,104,9,2071.45,At Risk
CUST100121,43,Female,Hyderabad,Store,112,7,2641.42,Potential Loyalists
CUST100122,35,Female,Kolkata,Store,184,9,1494.17,At Risk
CUST100123,49,Male,Hyderabad,Store,26,26,8578.27,Champions
CUST100124,51,Female,Pune,Online,24,11,1909.26,Potential Loyalists
CUST100125,35,Male,Hyderabad,Store,4,28,3343.49,Champions
CUST100126,18,Female,Noida,Store,47,7,1605.62,Potential Loyalists
CUST100127,37,Female,Bengaluru,Store,14,13,4026.09,Loyal
CUST100128,45,Male,Chennai,Online,31,19,8077.73,Champions
CUST100129,30,Female,Noida,Mobile App,5,21,6081.01,Champions
CUST100130,35,Female,Delhi,Online,96,5,1956.92,Potential Loyalists
CUST100131,20,Female,Pune,Online,56,13,3664.44,Loyal
CUST100132,44,Female,Mumbai,Store,302,3,391.36,Lost
CUST100133,52,Male,Pune,Online,82,14,3468.53,Potential Loyalists
CUST100134,49,Male,Noida,Online,12,14,3318.6,Loyal
CUST100135,33,Male,Chennai,Store,102,5,1998.58,Potential Loyalists
CUST100136,37,Male,Noida,Mobile App,7,18,10082.81,Champions
CUST100137,43,Female,Delhi,Online,226,2,1032.53,Lost
CUST100138,41,Male,Chennai,Online,86,6,5606.26,Potential Loyalists
CUST100139,27,Other,Kolkata,Store,196,6,1766.97,At Risk
CUST100140,26,Male,Chennai,Mobile App,22,23,5934.45,Champions
CUST100141,41,Male,Bengaluru,Store,61,9,3599.9,Potential Loyalists
CUST100142,32,Female,Chennai,Store,84,5,1251.16,Potential Loyalists
CUST100143,36,Male,Mumbai,Mobile App,280,5,1663.38,Lost
CUST100144,48,Male,Bengaluru,Store,22,6,3786.9,Potential Loyalists
CUST100145,33,Female,Mumbai,Mobile App,63,6,1448.86,Potential Loyalists
CUST100146,18,Female,Kolkata,Mobile App,36,12,2806.48,Loyal
CUST100147,33,Male,Kolkata,Online,59,11,1689.92,Loyal
CUST100148,30,Male,Pune,Online,56,5,2260.79,Potential Loyalists
CUST100149,28,Female,Kolkata,Online,56,5,3259.37,Potential Loyalists
CUST100150,36,Other,Kolkata,Store,1,23,5317.33,Champions
CUST100151,33,Female,Pune,Online,189,3,70.79,Lost
CUST100152,48,Female,Delhi,Store,234,4,786.67,Lost
CUST100153,37,Female,Chennai,Online,5,24,4841.73,Champions
CUST100154,34,Female,Hyderabad,Online,49,10,1004.48,Potential Loyalists
CUST100155,31,Female,Mumbai,Mobile App,20,23,9795.66,Champions
CUST100156,32,Other,Chennai,Store,103,8,1900.42,At Risk
CUST100157,31,Male,Chennai,Online,16,12,1475.34,Loyal
CUST100158,23,Male,Bengaluru,Store,116,6,2747.4,At Risk
CUST100159,48,Female,Chennai,Online,161,9,1675.89,At Risk
CUST100160,18,Male,Hyderabad,Mobile App,162,11,874.26,At Risk
CUST100161,20,Female,Pune,Store,30,31,5769.46,Champions
CUST100162,39,Male,Chennai,Store,229,5,484.49,Lost
CUST100163,30,Female,Pune,Store,55,15,4451.24,Loyal
CUST100164,39,Male,Pune,Store,30,16,11119.05,Champions
CUST100165,18,Male,Kolkata,Mobile App,97,11,1504.82,Potential Loyalists
CUST100166,44,Female,Mumbai,Online,31,13,5707.61,Loyal
CUST100167,23,Male,Mumbai,Online,341,6,622.12,Lost
CUST100168,36,Female,Delhi,Store,175,11,885.35,At Risk
CUST100169,51,Female,Delhi,Online,17,6,5419.46,Loyal
CUST100170,18,Male,Hyderabad,Mobile App,274,1,1294.82,Lost
CUST100171,56,Female,Hyderabad,Online,70,10,1827.64,Loyal
CUST100172,32,Female,Delhi,Online,37,8,770.04,Potential Loyalists
CUST100173,35,Male,Bengaluru,Online,41,12,2532.5,Loyal
CUST100174,30,Male,Hyderabad,Mobile App,250,6,456.28,Lost
CUST100175,25,Female,Mumbai,Mobile App,62,16,7135.17,Loyal
CUST100176,44,Female,Bengaluru,Online,2,23,3264.13,Champions
CUST100177,35,Female,Delhi,Store,105,5,2727.12,Potential Loyalists
CUST100178,35,Female,Pune,Mobile App,191,5,576.58,Lost
CUST100179,31,Male,Bengaluru,Online,220,4,1555.99,Lost
CUST100180,37,Female,Bengaluru,Online,93,6,2535.53,At Risk
CUST100181,18,Female,Chennai,Store,284,4,707.6,Lost
CUST100182,38,Female,Chennai,Mobile App,206,4,327.91,Lost
CUST100183,44,Male,Hyderabad,Store,26,5,1866.28,Potential Loyalists
CUST100184,19,Female,Delhi,Online,19,12,2588.24,Loyal
CUST100185,48,Male,Pune,Store,142,11,812.86,At Risk
CUST100186,21,Male,Pune,Mobile App,181,5,1618.91,At Risk
CUST100187,36,Male,Chennai,Online,69,10,3908.57,Loyal
CUST100188,60,Male,Noida,Mobile App,27,21,8346.95,Champions
CUST100189,34,Female,Chennai,Mobile App,169,12,3207.74,At Risk
CUST100190,42,Female,Pune,Store,53,12,2160.5,Loyal
CUST100191,33,Female,Bengaluru,Online,305,3,1820.68,Lost
CUST100192,45,Female,Pune,Online,44,12,1852.86,Loyal
CUST100193,18,Female,Mumbai,Store,28,25,7524.75,Champions
CUST100194,35,Male,Hyderabad,Online,351,3,586.85,Lost
CUST100195,38,Male,Hyderabad,Store,5,24,4794.55,Champions
CUST100196,42,Female,Delhi,Online,23,13,3226.49,Loyal
CUST100197,20,Male,Chennai,Store,39,8,2544.32,Potential Loyalists
CUST100198,47,Male,Mumbai,Store,239,1,609.73,Lost
CUST100199,28,Male,Chennai,Mobile App,63,12,1930.4,Loyal
CUST100200,46,Female,Kolkata,Mobile App,12,13,2354.99,Loyal
CUST100201,19,Female,Mumbai,Mobile App,206,4,1609.97,At Risk
CUST100202,32,Male,Hyderabad,Store,264,4,828.64,Lost
CUST100203,45,Female,Noida,Online,22,7,1257.97,Potential Loyalists
CUST100204,18,Male,Hyderabad,Store,25,17,4066.08,Champions
CUST100205,29,Male,Noida,Store,24,18,4908.81,Champions
CUST100206,40,Male,Delhi,Online,67,13,3664.0,Loyal
CUST100207,31,Female,Hyderabad,Store,10,23,4730.97,Champions
CUST100208,49,Female,Delhi,Online,201,5,2645.55,At Risk
CUST100209,36,Female,Bengaluru,Online,13,22,6949.15,Champions
CUST100210,18,Female,Pune,Mobile App,72,8,1444.45,Potential Loyalists
CUST100211,32,Female,Delhi,Online,103,7,2000.09,At Risk
CUST100212,34,Female,Chennai,Mobile App,83,8,1008.76,Potential Loyalists
CUST100213,40,Male,Bengaluru,Mobile App,69,8,1801.77,Loyal
CUST100214,32,Male,Mumbai,Mobile App,225,5,2743.56,At Risk
CUST100215,34,Male,Bengaluru,Store,120,9,3617.74,At Risk
CUST100216,33,Female,Mumbai,Online,184,10,904.98,At Risk
CUST100217,21,Male,Noida,Mobile App,5,31,3296.04,Champions
CUST100218,43,Male,Delhi,Store,25,21,1927.34,Champions
CUST100219,28,Female,Mumbai,Store,184,4,715.61,Lost
CUST100220,26,Female,Bengaluru,Store,53,20,2805.36,Loyal
CUST100221,39,Female,Kolkata,Mobile App,71,9,1977.27,Loyal
CUST100222,30,Male,Chennai,Mobile App,77,5,2665.58,Potential Loyalists
CUST100223,18,Male,Chennai,Store,181,6,1286.69,At Risk
CUST100224,46,Female,Mumbai,Store,268,4,545.1,Lost
CUST100225,36,Male,Mumbai,Mobile App,40,20,5683.2,Loyal
CUST100226,26,Female,Chennai,Online,242,3,554.89,Lost
CUST100227,35,Female,Bengaluru,Store,11,27,3598.62,Champions
CUST100228,48,Male,Hyderabad,Online,23,7,2327.32,Potential Loyalists
CUST100229,20,Female,Pune,Online,93,8,7402.03,At Risk
CUST100230,36,Female,Mumbai,Online,13,25,3309.76,Champions
CUST100231,41,Female,Hyderabad,Mobile App,1,17,6316.65,Champions
CUST100232,39,Female,Pune,Online,89,10,2100.22,Potential Loyalists
CUST100233,47,Other,Bengaluru,Online,335,3,807.85,Lost
CUST100234,41,Male,Chennai,Online,114,3,3123.7,Potential Loyalists
CUST100235,20,Female,Kolkata,Online,259,3,642.09,Lost
CUST100236,33,Male,Chennai,Online,158,9,1021.29,At Risk
CUST100237,32,Female,Mumbai,Store,116,8,2646.72,Potential Loyalists
CUST100238,29,Female,Bengaluru,Online,180,11,4561.32,At Risk
CUST100239,32,Female,Mumbai,Store,20,17,2199.85,Champions
CUST100240,22,Female,Bengaluru,Online,11,28,7594.99,Champions
CUST100241,44,Female,Bengaluru,Online,350,3,448.82,Lost
CUST100242,27,Female,Mumbai,Store,137,7,945.06,At Risk
CUST100243,36,Male,Delhi,Mobile App,65,8,3389.1,Loyal
CUST100244,29,Female,Delhi,Store,65,5,1310.39,Potential Loyalists
CUST100245,22,Male,Noida,Mobile App,65,4,1468.1,Potential Loyalists
CUST100246,32,Other,Bengaluru,Online,246,5,1885.74,Lost
CUST100247,24,Female,Mumbai,Store,35,9,1567.16,Potential Loyalists
CUST100248,39,Male,Mumbai,Online,27,4,2425.59,Potential Loyalists
CUST100249,18,Female,Pune,Online,26,10,5255.07,Loyal
CUST100250,48,Male,Hyderabad,Online,21,7,1333.49,Potential Loyalists
CUST100251,59,Female,Noida,Online,137,7,1921.28,At Risk
CUST100252,22,Female,Mumbai,Mobile App,218,2,762.37,Lost
CUST100253,43,Male,Hyderabad,Online,59,14,1120.56,Potential Loyalists
CUST100254,35,Male,Mumbai,Store,22,18,3056.93,Loyal
CUST100255,34,Male,Chennai,Mobile App,47,15,3434.55,Loyal
CUST100256,55,Female,Hyderabad,Mobile App,96,7,2754.81,At Risk
CUST100257,44,Male,Chennai,Online,164,13,3083.96,At Risk
CUST100258,28,Male,Hyderabad,Store,16,22,4302.58,Champions
CUST100259,33,Female,Mumbai,Mobile App,28,19,3326.27,Champions
CUST100260,28,Male,Mumbai,Mobile App,41,5,1634.42,Potential Loyalists
CUST100261,22,Female,Pune,Store,29,22,7437.53,Champions
CUST100262,35,Female,Delhi,Mobile App,272,3,614.61,Lost
CUST100263,37,Female,Mumbai,Mobile App,70,17,2115.67,Loyal
CUST100264,19,Male,Bengaluru,Online,28,22,6478.25,Champions
CUST100265,30,Female,Bengaluru,Online,243,3,853.62,Lost
CUST100266,31,Male,Pune,Mobile App,24,15,3140.92,Loyal
CUST100267,27,Male,Hyderabad,Online,20,16,2545.76,Loyal
CUST100268,38,Female,Pune,Mobile App,17,27,12100.44,Champions
CUST100269,18,Female,Pune,Online,25,19,5011.9,Champions
CUST100270,21,Other,Bengaluru,Online,31,21,2857.99,Champions
CUST100271,19,Female,Chennai,Online,26,24,4377.31,Champions
CUST100272,36,Female,Bengaluru,Online,71,14,2852.71,Loyal
CUST100273,18,Female,Pune,Online,11,25,4866.67,Champions
CUST100274,35,Female,Mumbai,Store,55,4,2418.15,Potential Loyalists
CUST100275,38,Female,Chennai,Mobile App,100,8,2382.89,At Risk
CUST100276,33,Male,Mumbai,Online,73,16,1644.93,Loyal
CUST100277,33,Female,Hyderabad,Online,19,12,2743.04,Loyal
CUST100278,25,Male,Hyderabad,Mobile App,34,6,3001.13,Potential Loyalists
CUST100279,22,Male,Delhi,Online,239,2,619.14,Lost
CUST100280,18,Female,Delhi,Store,359,2,477.75,Lost
CUST100281,24,Female,Kolkata,Online,23,23,5524.99,Champions
CUST100282,37,Female,Kolkata,Mobile App,29,14,3700.29,Loyal
CUST100283,33,Male,Mumbai,Online,58,14,7256.38,Loyal
CUST100284,32,Female,Hyderabad,Mobile App,31,15,3659.23,Loyal
CUST100285,35,Female,Hyderabad,Mobile App,76,7,3109.19,Potential Loyalists
CUST100286,32,Male,Pune,Online,63,10,3336.39,Potential Loyalists
CUST100287,27,Male,Kolkata,Mobile App,10,21,7304.72,Champions
CUST100288,34,Male,Pune,Mobile App,30,9,2898.53,Loyal
CUST100289,29,Male,Kolkata,Store,59,7,3634.15,Potential Loyalists
CUST100290,32,Female,Kolkata,Online,12,31,6444.13,Champions
CUST100291,35,Female,Noida,Store,235,6,1024.13,Lost
CUST100292,38,Female,Bengaluru,Online,26,22,7686.22,Champions
CUST100293,38,Female,Hyderabad,Mobile App,264,3,1357.07,Lost
CUST100294,32,Female,Noida,Store,18,25,4611.33,Champions
CUST100295,29,Female,Mumbai,Store,182,3,718.99,Lost
CUST100296,28,Female,Bengaluru,Store,243,3,272.39,Lost
CUST100297,18,Female,Hyderabad,Online,285,3,1162.84,Lost
CUST100298,22,Male,Hyderabad,Online,163,9,1305.63,At Risk
CUST100299,45,Female,Noida,Store,127,5,783.12,At Risk
CUST100300,51,Male,Pune,Online,225,12,402.43,At Risk
CUST100301,32,Male,Bengaluru,Store,158,12,2153.8,At Risk
CUST100302,31,Male,Pune,Store,11,21,10061.53,Champions
CUST100303,27,Other,Kolkata,Online,58,7,2336.32,Potential Loyalists
CUST100304,35,Male,Chennai,Online,66,6,2010.68,Potential Loyalists
CUST100305,30,Female,Chennai,Online,356,3,431.92,Lost
CUST100306,39,Female,Bengaluru,Online,88,5,3228.97,Potential Loyalists
CUST100307,22,Male,Delhi,Online,40,9,4391.36,Loyal
CUST100308,28,Male,Chennai,Store,185,9,4960.24,At Risk
CUST100309,34,Female,Bengaluru,Store,30,14,2055.55,Loyal
CUST100310,36,Male,Chennai,Mobile App,8,26,6489.45,Champions
CUST100311,46,Male,Mumbai,Online,93,4,3155.69,Potential Loyalists
CUST100312,31,Male,Kolkata,Online,30,5,2572.58,Potential Loyalists
CUST100313,34,Female,Hyderabad,Mobile App,32,7,1420.42,Loyal
CUST100314,18,Female,Delhi,Mobile App,35,8,4529.45,Loyal
CUST100315,36,Male,Noida,Store,38,13,4034.37,Loyal
CUST100316,30,Female,Chennai,Online,57,17,3333.16,Loyal
CUST100317,34,Male,Delhi,Store,10,12,1941.67,Loyal
CUST100318,24,Female,Hyderabad,Mobile App,165,10,649.99,At Risk
CUST100319,35,Male,Kolkata,Store,25,13,3064.91,Loyal
CUST100320,28,Male,Kolkata,Mobile App,184,8,2898.57,Lost
CUST100321,41,Female,Hyderabad,Online,196,7,1441.55,Lost
CUST100322,36,Female,Hyderabad,Online,104,5,3030.7,Potential Loyalists
CUST100323,34,Male,Kolkata,Online,31,14,2894.91,Loyal
CUST100324,40,Female,Hyderabad,Store,99,6,2129.11,Potential Loyalists
CUST100325,41,Male,Delhi,Online,232,2,646.76,Lost
CUST100326,36,Female,Chennai,Online,111,6,1691.98,At Risk
CUST100327,24,Female,Chennai,Online,102,6,1649.02,At Risk
CUST100328,46,Male,Kolkata,Online,37,8,899.46,Potential Loyalists
CUST100329,28,Female,Bengaluru,Store,235,8,1333.52,At Risk
CUST100330,33,Female,Hyderabad,Online,63,12,1654.29,Loyal
CUST100331,18,Male,Kolkata,Mobile App,221,6,2506.93,At Risk
CUST100332,42,Female,Bengaluru,Online,56,9,6726.76,Loyal
CUST100333,35,Female,Bengaluru,Store,152,8,2318.79,At Risk
CUST100334,37,Female,Pune,Online,324,5,1283.81,Lost
CUST100335,50,Other,Mumbai,Store,32,18,5278.95,Champions
CUST100336,46,Female,Chennai,Store,99,5,1997.0,Potential Loyalists
CUST100337,45,Female,Delhi,Mobile App,23,22,5567.81,Champions
CUST100338,38,Female,Hyderabad,Online,103,12,819.89,At Risk
CUST100339,32,Female,Hyderabad,Online,11,24,7736.54,Champions
CUST100340,18,Male,Bengaluru,Online,182,1,947.58,Lost
CUST100341,22,Female,Pune,Store,14,23,11709.03,Champions
CUST100342,54,Female,Bengaluru,Online,206,2,660.74,Lost
CUST100343,32,Male,Chennai,Online,154,5,615.47,At Risk
CUST100344,51,Female,Kolkata,Online,79,7,3789.67,Potential Loyalists
CUST100345,55,Male,Noida,Store,130,10,1902.59,At Risk
CUST100346,31,Female,Hyderabad,Online,99,13,2678.73,At Risk
CUST100347,33,Male,Hyderabad,Online,185,2,344.67,Lost
CUST100348,33,Male,Hyderabad,Mobile App,49,12,1665.44,Loyal
CUST100349,43,Male,Noida,Store,24,5,3172.72,Potential Loyalists
CUST100350,32,Male,Hyderabad,Store,8,24,4700.14,Champions
CUST100351,37,Female,Mumbai,Mobile App,46,7,2199.5,Potential Loyalists
CUST100352,24,Male,Noida,Mobile App,18,15,2203.17,Loyal
CUST100353,48,Male,Bengaluru,Online,50,5,667.88,Potential Loyalists
CUST100354,61,Male,Delhi,Mobile App,63,2,940.49,Potential Loyalists
CUST100355,32,Male,Noida,Mobile App,33,5,2535.06,Potential Loyalists
CUST100356,26,Male,Delhi,Online,112,7,987.04,Potential Loyalists
CUST100357,39,Male,Delhi,Mobile App,174,9,1142.49,At Risk
CUST100358,38,Female,Pune,Mobile App,143,9,1179.66,At Risk
CUST100359,49,Male,Delhi,Mobile App,45,8,2860.29,Potential Loyalists
CUST100360,27,Male,Mumbai,Online,25,7,1377.95,Potential Loyalists
CUST100361,28,Male,Hyderabad,Mobile App,278,1,654.68,Lost
CUST100362,28,Female,Mumbai,Online,4,24,8864.34,Champions
CUST100363,26,Male,Mumbai,Mobile App,26,24,10056.74,Champions
CUST100364,39,Female,Kolkata,Store,33,17,6416.28,Champions
CUST100365,25,Female,Pune,Store,159,4,176.24,At Risk
CUST100366,43,Female,Hyderabad,Store,62,5,1802.1,Potential Loyalists
CUST100367,43,Female,Hyderabad,Mobile App,90,7,627.46,At Risk
CUST100368,38,Female,Pune,Mobile App,175,7,1832.84,At Risk
CUST100369,45,Male,Noida,Mobile App,23,12,1960.73,Loyal
CUST100370,30,Female,Pune,Online,318,4,830.78,Lost
CUST100371,20,Male,Chennai,Online,120,13,621.93,At Risk
CUST100372,29,Male,Noida,Online,49,12,4944.19,Loyal
CUST100373,25,Male,Chennai,Store,26,15,2074.77,Loyal
CUST100374,41,Male,Pune,Mobile App,19,13,3979.21,Loyal
CUST100375,40,Male,Bengaluru,Store,4,20,4779.85,Champions
CUST100376,34,Female,Delhi,Online,6,16,4475.86,Champions
CUST100377,25,Male,Noida,Mobile App,354,5,823.98,Lost
CUST100378,18,Female,Noida,Store,62,6,820.78,Potential Loyalists
CUST100379,24,Female,Chennai,Mobile App,47,12,3028.76,Loyal
CUST100380,20,Male,Bengaluru,Store,150,6,1859.1,At Risk
CUST100381,55,Male,Kolkata,Mobile App,73,10,784.66,Potential Loyalists
CUST100382,29,Male,Pune,Mobile App,270,3,469.27,Lost
CUST100383,31,Female,Chennai,Store,114,4,1053.98,At Risk
CUST100384,35,Female,Mumbai,Online,41,6,2260.33,Potential Loyalists
CUST100385,41,Female,Hyderabad,Mobile App,35,10,957.13,Loyal
CUST100386,37,Female,Kolkata,Mobile App,242,3,977.58,Lost
CUST100387,27,Female,Hyderabad,Mobile App,231,8,2872.15,At Risk
CUST100388,33,Female,Pune,Store,208,6,414.56,Lost
CUST100389,38,Female,Mumbai,Mobile App,2,25,3100.93,Champions
CUST100390,25,Female,Mumbai,Online,307,3,1355.76,Lost
CUST100391,26,Male,Delhi,Mobile App,239,10,1151.37,At Risk
CUST100392,21,Other,Bengaluru,Mobile App,22,26,3248.0,Champions
CUST100393,40,Female,Noida,Online,57,8,3309.93,Potential Loyalists
CUST100394,52,Male,Delhi,Online,130,5,4460.76,At Risk
CUST100395,45,Male,Mumbai,Online,2,26,3896.19,Champions
CUST100396,35,Female,Mumbai,Mobile App,51,5,1307.83,Potential Loyalists
CUST100397,18,Male,Pune,Mobile App,259,5,174.45,Lost
CUST100398,31,Female,Chennai,Online,13,16,1777.72,Loyal
CUST100399,20,Female,Chennai,Online,47,11,1391.71,Potential Loyalists
CUST100400,38,Female,Hyderabad,Store,83,6,2521.13,Potential Loyalists
CUST100401,39,Female,Bengaluru,Online,73,13,2425.31,Loyal
CUST100402,34,Female,Chennai,Online,248,2,763.67,Lost
CUST100403,31,Male,Mumbai,Online,182,4,3152.6,At Risk
CUST100404,41,Male,Hyderabad,Online,7,25,3885.9,Champions
CUST100405,27,Male,Kolkata,Online,240,2,900.09,Lost
CUST100406,42,Male,Delhi,Store,324,6,841.97,Lost
CUST100407,49,Male,Pune,Store,54,10,4064.01,Loyal
CUST100408,36,Male,Mumbai,Online,348,2,1061.02,Lost
CUST100409,52,Female,Bengaluru,Store,26,25,6452.42,Champions
CUST100410,28,Male,Pune,Online,244,2,864.79,Lost
CUST100411,43,Male,Delhi,Mobile App,176,8,811.8,At Risk
CUST100412,29,Female,Bengaluru,Online,131,6,5439.49,At Risk
CUST100413,28,Female,Pune,Store,6,23,5384.08,Champions
CUST100414,62,Female,Chennai,Store,256,3,201.74,Lost
CUST100415,33,Male,Kolkata,Online,34,21,9778.65,Champions
CUST100416,43,Male,Bengaluru,Store,39,11,3627.42,Loyal
CUST100417,36,Female,Chennai,Online,28,23,5924.88,Champions
CUST100418,33,Male,Chennai,Store,146,7,3036.16,At Risk
CUST100419,32,Female,Noida,Online,47,14,1623.31,Loyal
CUST100420,36,Female,Mumbai,Online,326,3,1713.46,Lost
CUST100421,40,Female,Kolkata,Mobile App,142,5,4076.87,At Risk
CUST100422,18,Male,Kolkata,Online,18,21,7271.89,Champions
CUST100423,18,Male,Hyderabad,Store,33,21,1825.31,Champions
CUST100424,40,Female,Delhi,Online,16,21,6579.88,Champions
CUST100425,36,Female,Pune,Online,27,4,4296.23,Potential Loyalists
CUST100426,34,Female,Mumbai,Store,192,6,1815.56,At Risk
CUST100427,35,Female,Kolkata,Online,30,13,1375.84,Loyal
CUST100428,29,Male,Chennai,Mobile App,186,1,715.46,Lost
CUST100429,19,Male,Delhi,Mobile App,23,22,3384.54,Champions
CUST100430,18,Male,Pune,Store,132,9,1779.55,At Risk
CUST100431,30,Female,Chennai,Mobile App,181,3,856.87,Lost
CUST100432,34,Other,Kolkata,Online,224,6,2180.09,At Risk
CUST100433,49,Male,Mumbai,Mobile App,233,12,530.25,At Risk
CUST100434,26,Male,Hyderabad,Online,180,4,2015.77,Lost
CUST100435,28,Female,Bengaluru,Mobile App,8,18,5904.54,Champions
CUST100436,31,Female,Mumbai,Store,27,8,5115.26,Loyal
CUST100437,36,Male,Delhi,Online,27,15,4004.31,Champions
CUST100438,35,Female,Bengaluru,Online,64,7,3350.99,Potential Loyalists
CUST100439,23,Female,Noida,Online,215,9,1279.0,At Risk
CUST100440,44,Male,Kolkata,Online,178,5,3326.62,At Risk
CUST100441,34,Male,Noida,Mobile App,200,1,482.83,Lost
CUST100442,30,Female,Chennai,Store,15,24,7298.51,Champions
CUST100443,23,Female,Pune,Store,105,6,1389.25,At Risk
CUST100444,41,Female,Chennai,Store,12,4,4580.72,Loyal
CUST100445,42,Male,Chennai,Online,63,12,2783.76,Loyal
CUST100446,41,Male,Bengaluru,Online,239,3,770.63,At Risk
CUST100447,33,Female,Delhi,Mobile App,329,7,730.67,Lost
CUST100448,39,Male,Noida,Mobile App,31,4,2373.16,Potential Loyalists
CUST100449,34,Male,Chennai,Store,25,28,4508.9,Champions
CUST100450,34,Male,Delhi,Mobile App,62,11,1823.01,Potential Loyalists
CUST100451,18,Female,Delhi,Online,28,25,7271.6,Champions
CUST100452,37,Female,Pune,Store,254,5,1386.72,Lost
CUST100453,18,Male,Noida,Online,170,11,3847.63,At Risk
CUST100454,18,Female,Noida,Online,22,12,1808.41,Loyal
CUST100455,23,Male,Hyderabad,Online,2,27,7517.32,Champions
CUST100456,46,Male,Pune,Mobile App,26,16,2276.22,Loyal
CUST100457,38,Male,Delhi,Store,328,1,352.37,Lost
CUST100458,35,Female,Pune,Online,114,4,2026.44,Potential Loyalists
CUST100459,32,Female,Pune,Mobile App,218,9,3674.33,At Risk
CUST100460,33,Male,Mumbai,Store,230,9,2058.33,At Risk
CUST100461,19,Male,Noida,Online,80,4,1420.04,Potential Loyalists
CUST100462,21,Female,Pune,Online,34,23,4937.0,Champions
CUST100463,42,Male,Bengaluru,Online,295,4,489.25,Lost
CUST100464,32,Male,Noida,Mobile App,10,9,2700.37,Loyal
CUST100465,24,Male,Bengaluru,Online,30,9,4446.54,Potential Loyalists
CUST100466,25,Other,Hyderabad,Mobile App,137,8,3282.44,At Risk
CUST100467,33,Female,Delhi,Store,129,7,417.16,At Risk
CUST100468,42,Female,Hyderabad,Online,301,5,773.28,Lost
CUST100469,39,Female,Kolkata,Store,29,26,7052.07,Champions
CUST100470,51,Female,Mumbai,Mobile App,42,5,1577.61,Potential Loyalists
CUST100471,30,Male,Delhi,Store,36,8,3357.34,Potential Loyalists
CUST100472,28,Female,Bengaluru,Store,116,10,3322.18,Potential Loyalists
CUST100473,25,Female,Noida,Online,24,30,9018.42,Champions
CUST100474,45,Female,Kolkata,Online,8,19,5226.47,Champions
CUST100475,42,Female,Pune,Store,40,14,2918.93,Loyal
CUST100476,31,Female,Noida,Store,18,12,2340.69,Loyal
CUST100477,32,Male,Kolkata,Store,53,9,3961.69,Potential Loyalists
CUST100478,52,Male,Bengaluru,Online,42,11,1348.61,Potential Loyalists
CUST100479,41,Female,Noida,Store,207,11,2442.13,At Risk
CUST100480,35,Male,Bengaluru,Store,52,7,2137.6,Potential Loyalists
CUST100481,22,Male,Mumbai,Mobile App,80,8,962.93,Potential Loyalists
CUST100482,26,Female,Kolkata,Store,14,22,4240.61,Loyal
CUST100483,47,Female,Noida,Store,59,7,2083.13,Potential Loyalists
CUST100484,37,Male,Kolkata,Online,22,11,3825.58,Loyal
CUST100485,26,Other,Noida,Store,15,24,6733.85,Champions
CUST100486,32,Female,Bengaluru,Store,73,9,1395.85,Potential Loyalists
CUST100487,46,Female,Hyderabad,Store,97,6,2017.26,Potential Loyalists
CUST100488,40,Male,Noida,Online,31,14,1768.88,Loyal
CUST100489,25,Male,Noida,Online,97,8,3172.6,Potential Loyalists
CUST100490,21,Male,Mumbai,Online,103,8,2625.15,Potential Loyalists
CUST100491,35,Male,Pune,Store,102,6,3147.41,At Risk
CUST100492,40,Male,Chennai,Online,95,6,4464.83,At Risk
CUST100493,28,Male,Bengaluru,Online,201,8,2692.41,At Risk
CUST100494,38,Female,Chennai,Online,16,13,3474.16,Loyal
CUST100495,39,Female,Chennai,Online,127,11,3782.28,At Risk
CUST100496,32,Female,Noida,Online,97,8,3885.4,Potential Loyalists
CUST100497,42,Female,Kolkata,Store,107,8,1027.36,Potential Loyalists
CUST100498,34,Male,Noida,Store,207,5,2371.45,At Risk
CUST100499,52,Male,Delhi,Online,24,17,2054.03,Loyal
CUST100500,41,Female,Mumbai,Store,81,10,4468.36,Potential Loyalists
CUST100501,45,Female,Hyderabad,Online,236,16,1123.37,At Risk
CUST100502,44,Female,Chennai,Online,236,2,977.25,Lost
CUST100503,38,Male,Noida,Store,226,4,1421.22,Lost
CUST100504,57,Female,Bengaluru,Store,108,5,1676.69,Potential Loyalists
CUST100505,20,Female,Mumbai,Online,73,9,1868.21,Potential Loyalists
CUST100506,39,Female,Chennai,Mobile App,177,12,2421.37,At Risk
CUST100507,48,Male,Mumbai,Mobile App,45,15,1634.08,Loyal
CUST100508,34,Male,Chennai,Online,186,4,1397.89,Lost
CUST100509,28,Male,Kolkata,Store,42,6,1351.2,Potential Loyalists
CUST100510,28,Female,Bengaluru,Online,19,19,6367.55,Champions
CUST100511,30,Male,Delhi,Store,14,28,3859.52,Champions
CUST100512,47,Female,Kolkata,Store,305,3,1651.82,Lost
CUST100513,28,Male,Kolkata,Mobile App,18,24,1937.94,Champions
CUST100514,33,Male,Chennai,Store,55,13,4743.21,Loyal
CUST100515,18,Male,Hyderabad,Mobile App,58,15,521.19,Loyal
CUST100516,18,Male,Bengaluru,Online,28,15,2715.03,Loyal
CUST100517,26,Male,Chennai,Online,43,9,2683.48,Loyal
CUST100518,30,Female,Chennai,Online,117,6,1847.72,At Risk
CUST100519,25,Female,Kolkata,Mobile App,32,32,5710.09,Champions
CUST100520,40,Female,Mumbai,Online,215,1,406.0,Lost
CUST100521,26,Female,Pune,Store,246,2,1124.07,Lost
CUST100522,31,Male,Pune,Online,20,7,1040.18,Loyal
CUST100523,42,Male,Mumbai,Mobile App,15,23,2530.08,Champions
CUST100524,18,Male,Delhi,Store,56,5,1929.74,Potential Loyalists
CUST100525,27,Male,Hyderabad,Store,27,17,5462.74,Champions
CUST100526,24,Male,Noida,Store,30,13,3014.8,Loyal
CUST100527,51,Male,Hyderabad,Online,338,2,407.93,Lost
CUST100528,40,Female,Delhi,Mobile App,327,2,2703.1,Lost
CUST100529,38,Male,Bengaluru,Mobile App,98,6,1253.18,At Risk
CUST100530,25,Male,Delhi,Mobile App,32,9,4880.33,Loyal
CUST100531,34,Female,Noida,Store,142,9,1331.57,At Risk
CUST100532,19,Male,Pune,Store,125,9,3425.87,At Risk
CUST100533,64,Male,Delhi,Online,67,9,1760.14,Loyal
CUST100534,58,Male,Chennai,Store,104,9,2357.08,At Risk
CUST100535,36,Male,Pune,Store,17,19,5068.24,Champions
CUST100536,36,Male,Hyderabad,Online,46,9,2337.29,Loyal
CUST100537,42,Female,Kolkata,Online,107,9,2694.6,Potential Loyalists
CUST100538,37,Male,Delhi,Store,64,12,2126.71,Loyal
CUST100539,26,Female,Bengaluru,Online,39,17,6091.87,Loyal
CUST100540,37,Female,Mumbai,Store,193,2,1665.4,Lost
CUST100541,24,Female,Pune,Store,296,4,793.24,Lost
CUST100542,37,Male,Mumbai,Store,113,5,3090.26,Potential Loyalists
CUST100543,37,Female,Mumbai,Online,259,4,693.37,Lost
CUST100544,31,Male,Bengaluru,Online,338,5,557.61,Lost
CUST100545,45,Male,Noida,Online,3,22,5071.73,Champions
CUST100546,36,Female,Kolkata,Online,39,5,2666.46,Potential Loyalists
CUST100547,38,Male,Kolkata,Store,55,15,3717.19,Loyal
CUST100548,18,Male,Delhi,Mobile App,34,22,4808.35,Champions
CUST100549,40,Male,Hyderabad,Online,135,4,1569.05,At Risk
CUST100550,31,Male,Bengaluru,Mobile App,88,7,602.12,Potential Loyalists
CUST100551,18,Male,Chennai,Store,43,6,637.55,Potential Loyalists
CUST100552,47,Female,Kolkata,Online,23,28,8040.14,Champions
CUST100553,20,Male,Mumbai,Store,34,16,2703.68,Loyal
CUST100554,38,Male,Pune,Store,318,6,365.87,Lost
CUST100555,18,Male,Kolkata,Online,33,21,5281.75,Champions
CUST100556,24,Female,Mumbai,Online,25,13,2741.71,Loyal
CUST100557,37,Male,Hyderabad,Mobile App,14,6,3175.76,Loyal
CUST100558,41,Male,Bengaluru,Online,110,6,935.14,Potential Loyalists
CUST100559,28,Female,Noida,Store,114,7,939.81,Potential Loyalists
CUST100560,25,Male,Noida,Mobile App,48,7,1196.73,Potential Loyalists
CUST100561,43,Male,Pune,Store,26,24,9150.4,Champions
CUST100562,44,Male,Noida,Store,35,18,1250.01,Loyal
CUST100563,39,Female,Hyderabad,Online,353,6,939.34,Lost
CUST100564,39,Male,Mumbai,Store,117,11,1970.7,At Risk
CUST100565,41,Female,Hyderabad,Online,142,5,962.06,At Risk
CUST100566,39,Male,Pune,Store,115,7,1426.7,At Risk
CUST100567,32,Male,Kolkata,Mobile App,164,12,4376.63,At Risk
CUST100568,23,Female,Mumbai,Store,6,21,14998.02,Champions
CUST100569,44,Male,Chennai,Mobile App,59,11,2379.61,Loyal
CUST100570,41,Male,Mumbai,Mobile App,81,7,1796.48,Potential Loyalists
CUST100571,29,Female,Pune,Online,12,11,5219.54,Loyal
CUST100572,37,Female,Chennai,Store,360,3,610.62,Lost
CUST100573,41,Female,Chennai,Store,75,12,2166.76,Potential Loyalists
CUST100574,27,Male,Bengaluru,Store,97,8,1616.95,At Risk
CUST100575,33,Male,Bengaluru,Store,268,5,997.38,Lost
CUST100576,24,Male,Hyderabad,Mobile App,72,5,1840.84,Potential Loyalists
CUST100577,47,Female,Bengaluru,Mobile App,266,2,193.57,Lost
CUST100578,43,Female,Kolkata,Online,109,7,901.38,Potential Loyalists
CUST100579,28,Female,Hyderabad,Mobile App,274,2,550.29,Lost
CUST100580,29,Male,Noida,Online,47,9,4841.26,Loyal
CUST100581,18,Male,Bengaluru,Mobile App,90,7,1626.16,Potential Loyalists
CUST100582,21,Female,Pune,Store,20,16,782.32,Potential Loyalists
CUST100583,35,Other,Kolkata,Mobile App,14,24,6099.56,Champions
CUST100584,42,Male,Bengaluru,Online,41,12,2620.45,Loyal
CUST100585,43,Female,Noida,Online,261,4,956.13,Lost
CUST100586,40,Male,Mumbai,Online,206,7,2680.94,At Risk
CUST100587,18,Female,Mumbai,Online,74,11,4102.82,Loyal
CUST100588,29,Male,Chennai,Mobile App,69,13,3441.66,Loyal
CUST100589,51,Male,Bengaluru,Online,36,12,4205.41,Loyal
CUST100590,35,Female,Bengaluru,Online,21,24,3080.11,Champions
CUST100591,38,Female,Kolkata,Store,259,2,1510.79,Lost
CUST100592,32,Female,Delhi,Store,54,5,1273.94,Potential Loyalists
CUST100593,40,Male,Pune,Online,34,13,5314.59,Loyal
CUST100594,29,Male,Mumbai,Mobile App,76,6,638.37,Potential Loyalists
CUST100595,23,Female,Noida,Store,10,18,7068.64,Champions
CUST100596,33,Female,Kolkata,Online,20,11,8992.69,Loyal
CUST100597,42,Female,Pune,Online,159,9,1530.96,At Risk
CUST100598,41,Other,Mumbai,Mobile App,133,7,1730.36,At Risk
CUST100599,26,Female,Kolkata,Online,214,3,264.23,Lost
CUST100600,31,Female,Kolkata,Online,120,11,3110.78,At Risk
CUST100601,34,Female,Delhi,Online,74,9,781.42,Potential Loyalists
CUST100602,45,Female,Delhi,Online,124,9,1574.47,At Risk
CUST100603,35,Male,Bengaluru,Store,324,2,474.23,Lost
CUST100604,33,Male,Delhi,Online,111,5,1758.61,At Risk
CUST100605,34,Female,Mumbai,Mobile App,283,3,482.14,Lost
CUST100606,27,Male,Chennai,Online,114,7,1157.2,At Risk
CUST100607,33,Female,Bengaluru,Store,271,6,1213.22,Lost
CUST100608,39,Female,Pune,Mobile App,22,23,7471.86,Champions
CUST100609,35,Male,Mumbai,Online,195,13,2760.72,At Risk
CUST100610,41,Male,Noida,Store,61,3,1157.23,Potential Loyalists
CUST100611,21,Male,Mumbai,Online,59,5,1594.77,Potential Loyalists
CUST100612,20,Female,Mumbai,Mobile App,113,11,2080.77,At Risk
CUST100613,31,Male,Bengaluru,Mobile App,305,3,883.54,Lost
CUST100614,22,Male,Mumbai,Store,256,2,182.3,Lost
CUST100615,36,Female,Bengaluru,Online,74,18,5140.64,Loyal
CUST100616,35,Female,Mumbai,Store,210,8,634.3,At Risk
CUST100617,45,Male,Hyderabad,Store,219,8,2655.91,At Risk
CUST100618,50,Male,Pune,Store,60,12,3304.93,Loyal
CUST100619,30,Female,Noida,Online,9,19,5474.44,Champions
CUST100620,47,Male,Kolkata,Store,11,20,4977.97,Champions
CUST100621,54,Female,Mumbai,Store,144,9,2027.19,At Risk
CUST100622,31,Female,Kolkata,Store,25,10,2248.55,Potential Loyalists
CUST100623,29,Male,Noida,Online,281,1,928.67,Lost
CUST100624,39,Female,Delhi,Online,31,4,1637.83,Potential Loyalists
CUST100625,28,Female,Delhi,Mobile App,198,4,975.96,Lost
CUST100626,28,Female,Hyderabad,Store,66,7,850.0,Potential Loyalists
CUST100627,23,Male,Pune,Mobile App,196,8,2010.07,At Risk
CUST100628,39,Female,Delhi,Online,10,20,2536.73,Champions
CUST100629,39,Female,Chennai,Online,57,9,4925.75,Potential Loyalists
CUST100630,18,Female,Mumbai,Store,216,2,2062.91,At Risk
CUST100631,27,Female,Hyderabad,Online,191,2,425.37,Lost
CUST100632,28,Male,Pune,Store,202,1,626.75,Lost
CUST100633,32,Male,Mumbai,Online,32,20,5718.36,Champions
CUST100634,28,Male,Mumbai,Store,24,11,3165.5,Loyal
CUST100635,27,Male,Hyderabad,Store,2,21,5065.29,Champions
CUST100636,28,Male,Pune,Online,6,16,4190.29,Champions
CUST100637,34,Male,Hyderabad,Online,190,8,1205.97,At Risk
CUST100638,37,Other,Chennai,Online,223,11,4443.33,At Risk
CUST100639,34,Female,Bengaluru,Mobile App,142,8,1352.55,At Risk
CUST100640,35,Female,Kolkata,Store,347,5,980.0,Lost
CUST100641,39,Female,Noida,Mobile App,112,10,2030.12,At Risk
CUST100642,20,Male,Hyderabad,Mobile App,212,12,3712.6,At Risk
CUST100643,20,Female,Delhi,Store,8,25,7166.9,Champions
CUST100644,40,Male,Bengaluru,Online,45,11,3376.94,Loyal
CUST100645,42,Male,Mumbai,Mobile App,115,10,3188.49,At Risk
CUST100646,45,Male,Noida,Store,275,2,635.87,Lost
CUST100647,30,Male,Pune,Store,18,18,3142.38,Champions
CUST100648,22,Male,Pune,Online,112,12,1013.5,Potential Loyalists
CUST100649,23,Male,Bengaluru,Online,227,7,2212.3,At Risk
CUST100650,39,Female,Bengaluru,Online,28,17,8213.11,Champions
CUST100651,26,Male,Noida,Mobile App,51,7,831.4,Potential Loyalists
CUST100652,24,Female,Mumbai,Online,211,3,2639.11,Lost
CUST100653,41,Female,Mumbai,Online,116,8,1394.28,At Risk
CUST100654,38,Male,Hyderabad,Online,67,10,4375.99,Loyal
CUST100655,33,Male,Delhi,Store,243,3,316.64,Lost
CUST100656,44,Female,Chennai,Store,41,10,4479.05,Loyal
CUST100657,51,Female,Noida,Mobile App,229,2,718.73,Lost
CUST100658,41,Male,Noida,Store,44,10,5889.44,Loyal
CUST100659,44,Male,Bengaluru,Store,90,7,4012.17,Potential Loyalists
CUST100660,27,Female,Mumbai,Online,28,14,2309.77,Loyal
CUST100661,44,Male,Chennai,Mobile App,55,10,2473.95,Loyal
CUST100662,36,Male,Mumbai,Online,215,4,1016.91,Lost
CUST100663,55,Male,Kolkata,Online,73,12,7700.74,Loyal
CUST100664,18,Female,Noida,Store,34,22,3811.31,Champions
CUST100665,26,Male,Bengaluru,Mobile App,38,16,3175.06,Loyal
CUST100666,34,Male,Noida,Online,120,9,708.76,At Risk
CUST100667,31,Female,Pune,Store,181,10,578.81,At Risk
CUST100668,26,Male,Pune,Online,229,2,1093.01,Lost
CUST100669,32,Female,Mumbai,Online,45,18,2370.56,Loyal
CUST100670,32,Male,Kolkata,Mobile App,79,3,1425.72,Potential Loyalists
CUST100671,30,Female,Delhi,Online,5,26,5443.46,Champions
CUST100672,21,Male,Mumbai,Store,93,7,1736.93,Potential Loyalists
CUST100673,34,Male,Chennai,Online,185,4,1351.7,Lost
CUST100674,25,Male,Pune,Store,232,8,5563.18,At Risk
CUST100675,52,Male,Delhi,Online,73,5,2575.05,Potential Loyalists
CUST100676,32,Male,Delhi,Online,52,18,2591.07,Loyal
CUST100677,30,Female,Mumbai,Online,271,1,1350.38,Lost
CUST100678,30,Female,Pune,Store,45,4,2077.85,Potential Loyalists
CUST100679,45,Female,Mumbai,Mobile App,31,24,6669.95,Champions
CUST100680,35,Male,Noida,Store,69,15,5609.52,Loyal
CUST100681,29,Male,Mumbai,Store,23,26,7068.69,Champions
CUST100682,24,Female,Chennai,Store,42,10,5302.57,Loyal
CUST100683,27,Male,Pune,Mobile App,13,24,6955.06,Champions
CUST100684,18,Male,Pune,Online,105,8,3904.27,Potential Loyalists
CUST100685,31,Male,Kolkata,Mobile App,186,4,2019.99,At Risk
CUST100686,29,Female,Pune,Online,55,15,5130.34,Loyal
CUST100687,33,Female,Mumbai,Online,93,6,4326.31,Potential Loyalists
CUST100688,46,Male,Bengaluru,Store,353,3,416.43,Lost
CUST100689,26,Female,Mumbai,Online,186,5,1237.64,At Risk
CUST100690,28,Male,Kolkata,Online,119,4,1316.91,Potential Loyalists
CUST100691,18,Male,Hyderabad,Store,31,18,2285.26,Loyal
CUST100692,29,Male,Chennai,Store,362,2,1650.08,Lost
CUST100693,42,Female,Delhi,Online,53,10,3910.5,Loyal
CUST100694,29,Male,Mumbai,Mobile App,46,9,1390.05,Loyal
CUST100695,32,Male,Mumbai,Online,295,2,1718.39,Lost
CUST100696,33,Male,Kolkata,Mobile App,118,10,2917.06,Potential Loyalists
CUST100697,30,Female,Noida,Store,129,11,2079.14,At Risk
CUST100698,41,Female,Chennai,Online,100,9,1645.96,Potential Loyalists
CUST100699,37,Female,Mumbai,Mobile App,163,6,1214.06,At Risk
CUST100700,55,Male,Pune,Store,18,12,2882.19,Loyal
CUST100701,36,Female,Delhi,Store,65,7,4046.46,Loyal
CUST100702,18,Male,Chennai,Online,27,13,2879.45,Loyal
CUST100703,31,Female,Hyderabad,Online,31,21,6539.62,Champions
CUST100704,22,Male,Noida,Online,248,4,2500.52,Lost
CUST100705,18,Male,Chennai,Online,31,15,3408.77,Loyal
CUST100706,44,Male,Bengaluru,Mobile App,30,5,2385.27,Potential Loyalists
CUST100707,39,Female,Chennai,Mobile App,110,7,1794.16,At Risk
CUST100708,39,Male,Hyderabad,Online,153,11,1244.61,At Risk
CUST100709,34,Male,Kolkata,Online,34,6,994.88,Potential Loyalists
CUST100710,51,Male,Chennai,Online,75,6,2351.45,Potential Loyalists
CUST100711,27,Female,Pune,Online,258,3,366.35,Lost
CUST100712,34,Male,Chennai,Mobile App,214,5,3412.29,At Risk
CUST100713,44,Female,Mumbai,Mobile App,172,7,1910.4,At Risk
CUST100714,23,Male,Hyderabad,Mobile App,359,3,1097.03,Lost
CUST100715,21,Female,Pune,Online,188,6,1675.06,At Risk
CUST100716,46,Female,Pune,Online,31,13,2855.92,Loyal
CUST100717,29,Female,Pune,Online,106,6,3023.83,Potential Loyalists
CUST100718,44,Male,Delhi,Online,4,20,4651.13,Champions
CUST100719,20,Male,Mumbai,Mobile App,228,9,870.83,At Risk
CUST100720,43,Female,Chennai,Online,233,3,790.37,Lost
CUST100721,31,Male,Chennai,Mobile App,38,9,1358.33,Potential Loyalists
CUST100722,31,Female,Kolkata,Online,41,6,5495.97,Potential Loyalists
CUST100723,38,Female,Pune,Online,33,15,3250.06,Champions
CUST100724,30,Other,Hyderabad,Online,350,3,126.69,Lost
CUST100725,63,Female,Delhi,Online,16,25,8238.78,Champions
CUST100726,42,Male,Chennai,Mobile App,30,21,7976.96,Champions
CUST100727,30,Male,Kolkata,Online,39,8,2899.43,Loyal
CUST100728,27,Male,Kolkata,Online,6,24,2613.93,Champions
CUST100729,27,Female,Hyderabad,Online,28,7,589.87,Potential Loyalists
CUST100730,19,Male,Bengaluru,Store,76,10,939.57,Potential Loyalists
CUST100731,41,Female,Mumbai,Online,17,9,1804.18,Loyal
CUST100732,46,Male,Delhi,Online,5,19,8378.69,Champions
CUST100733,37,Male,Kolkata,Online,2,21,6467.94,Champions
CUST100734,36,Female,Noida,Online,71,12,1769.41,Loyal
CUST100735,20,Male,Chennai,Online,23,22,5498.09,Champions
CUST100736,47,Female,Kolkata,Store,184,15,3085.32,At Risk
CUST100737,34,Male,Delhi,Online,61,14,5656.1,Loyal
CUST100738,44,Male,Noida,Online,68,16,1812.66,Loyal
CUST100739,30,Female,Chennai,Online,29,12,5194.0,Loyal
CUST100740,46,Female,Pune,Online,89,3,2157.57,Potential Loyalists
CUST100741,39,Female,Chennai,Online,32,25,6871.16,Champions
CUST100742,30,Female,Noida,Online,9,29,7995.42,Champions
CUST100743,30,Female,Hyderabad,Mobile App,247,1,2283.86,Lost
CUST100744,21,Female,Kolkata,Store,12,27,6100.46,Champions
CUST100745,33,Male,Pune,Online,20,7,1430.31,Potential Loyalists
CUST100746,37,Male,Pune,Online,21,10,2991.05,Potential Loyalists
CUST100747,42,Female,Noida,Mobile App,40,13,2465.23,Loyal
CUST100748,28,Female,Chennai,Online,54,9,4212.65,Potential Loyalists
CUST100749,36,Male,Chennai,Mobile App,174,7,3829.98,At Risk
CUST100750,25,Female,Noida,Mobile App,353,2,1721.33,Lost
CUST100751,30,Female,Hyderabad,Online,38,21,724.46,Loyal
CUST100752,34,Female,Kolkata,Store,61,16,2111.08,Loyal
CUST100753,45,Female,Noida,Mobile App,46,12,2049.41,Loyal
CUST100754,30,Male,Pune,Store,115,7,562.48,Potential Loyalists
CUST100755,47,Male,Pune,Store,93,7,4260.42,At Risk
CUST100756,32,Female,Delhi,Store,25,22,2446.12,Loyal
CUST100757,29,Male,Kolkata,Online,10,19,6628.22,Loyal
CUST100758,23,Male,Kolkata,Online,250,4,733.7,Lost
CUST100759,46,Female,Mumbai,Mobile App,32,26,3145.28,Champions
CUST100760,37,Female,Chennai,Online,75,9,1432.76,Potential Loyalists
CUST100761,18,Male,Bengaluru,Store,150,3,3639.21,At Risk
CUST100762,48,Female,Hyderabad,Online,22,27,7716.93,Champions
CUST100763,35,Female,Noida,Store,21,28,5741.74,Champions
CUST100764,52,Female,Hyderabad,Online,9,23,7606.29,Champions
CUST100765,36,Male,Bengaluru,Mobile App,236,2,687.21,Lost
CUST100766,49,Female,Pune,Store,2,29,7861.86,Champions
CUST100767,22,Female,Hyderabad,Online,52,18,4887.09,Loyal
CUST100768,25,Female,Chennai,Online,21,31,1992.28,Champions
CUST100769,55,Male,Kolkata,Store,21,23,11336.05,Champions
CUST100770,28,Female,Hyderabad,Online,134,9,2988.83,At Risk
CUST100771,42,Female,Kolkata,Online,69,19,3125.88,Loyal
CUST100772,47,Male,Pune,Online,80,5,1888.25,Potential Loyalists
CUST100773,18,Male,Bengaluru,Mobile App,73,6,3093.69,Potential Loyalists
CUST100774,21,Male,Kolkata,Store,252,2,522.46,Lost
CUST100775,18,Male,Delhi,Store,12,16,9391.63,Champions
CUST100776,39,Male,Delhi,Mobile App,232,3,2542.14,Lost
CUST100777,37,Female,Hyderabad,Mobile App,100,7,1124.38,Potential Loyalists
CUST100778,22,Female,Pune,Online,23,19,4256.12,Loyal
CUST100779,40,Male,Hyderabad,Store,163,8,2536.6,At Risk
CUST100780,52,Male,Noida,Online,248,2,1431.55,Lost
CUST100781,36,Female,Kolkata,Online,25,17,2488.43,Loyal
CUST100782,29,Male,Delhi,Mobile App,339,1,388.12,Lost
CUST100783,44,Male,Hyderabad,Mobile App,112,7,1928.92,Potential Loyalists
CUST100784,24,Male,Kolkata,Online,29,6,2839.72,Potential Loyalists
CUST100785,38,Female,Noida,Mobile App,217,3,867.69,Lost
CUST100786,31,Male,Bengaluru,Store,67,14,1419.42,Loyal
CUST100787,28,Male,Bengaluru,Store,236,8,2428.91,At Risk
CUST100788,30,Female,Bengaluru,Store,53,13,5029.32,Loyal
CUST100789,31,Male,Chennai,Store,129,9,758.64,At Risk
CUST100790,48,Female,Chennai,Online,91,6,3244.43,Potential Loyalists
CUST100791,28,Female,Mumbai,Online,17,16,3627.51,Loyal
CUST100792,39,Male,Pune,Online,97,7,2242.56,Potential Loyalists
CUST100793,27,Female,Delhi,Online,38,15,4193.81,Loyal
CUST100794,24,Male,Chennai,Mobile App,2,20,2700.64,Champions
CUST100795,32,Female,Noida,Online,18,23,11796.65,Champions
CUST100796,39,Female,Noida,Mobile App,65,14,3745.6,Loyal
CUST100797,23,Male,Noida,Store,21,28,7287.37,Champions
CUST100798,26,Male,Noida,Online,70,16,3946.5,Loyal
CUST100799,23,Female,Kolkata,Mobile App,208,6,1828.74,At Risk
CUST100800,58,Male,Chennai,Store,152,9,3869.39,At Risk
CUST100801,29,Female,Delhi,Mobile App,184,10,2131.58,At Risk
CUST100802,25,Male,Noida,Online,25,16,2421.95,Loyal
CUST100803,39,Female,Bengaluru,Online,297,3,315.82,Lost
CUST100804,21,Female,Pune,Online,106,10,2538.65,Potential Loyalists
CUST100805,21,Female,Chennai,Store,33,24,5864.85,Champions
CUST100806,37,Male,Mumbai,Store,8,30,2911.8,Champions
CUST100807,31,Female,Hyderabad,Store,214,6,4255.6,At Risk
CUST100808,41,Male,Pune,Store,22,8,8589.96,Loyal
CUST100809,27,Female,Noida,Mobile App,79,5,1724.96,Potential Loyalists
CUST100810,35,Female,Hyderabad,Online,272,3,1047.42,Lost
CUST100811,22,Other,Mumbai,Store,11,26,5016.68,Champions
CUST100812,23,Female,Chennai,Online,4,24,8091.63,Champions
CUST100813,38,Female,Chennai,Online,299,2,1702.85,Lost
CUST100814,37,Female,Chennai,Store,116,5,727.59,Potential Loyalists
CUST100815,31,Female,Delhi,Store,15,31,14514.64,Champions
CUST100816,32,Female,Bengaluru,Mobile App,230,3,458.95,Lost
CUST100817,35,Female,Noida,Online,294,4,949.54,Lost
CUST100818,33,Male,Noida,Online,53,5,2577.73,Potential Loyalists
CUST100819,31,Female,Kolkata,Online,225,5,2172.48,At Risk
CUST100820,32,Female,Delhi,Store,74,12,3458.05,Loyal
CUST100821,25,Female,Kolkata,Mobile App,2,28,6315.77,Champions
CUST100822,27,Female,Delhi,Online,54,6,1721.34,Potential Loyalists
CUST100823,34,Male,Bengaluru,Mobile App,41,11,4109.45,Loyal
CUST100824,45,Female,Kolkata,Online,144,9,1690.64,At Risk
CUST100825,42,Male,Delhi,Online,205,1,1452.72,Lost
CUST100826,49,Male,Mumbai,Store,27,22,6771.95,Champions
CUST100827,38,Male,Kolkata,Online,63,7,1045.0,Potential Loyalists
CUST100828,55,Female,Hyderabad,Online,47,11,1646.32,Loyal
CUST100829,42,Female,Delhi,Store,229,2,1740.16,Lost
CUST100830,39,Male,Kolkata,Online,41,12,3886.17,Loyal
CUST100831,35,Male,Bengaluru,Store,109,6,2180.94,Potential Loyalists
CUST100832,40,Male,Delhi,Store,79,8,1766.93,Potential Loyalists
CUST100833,30,Female,Kolkata,Online,59,11,2811.51,Loyal
CUST100834,42,Female,Noida,Mobile App,116,6,4558.82,At Risk
CUST100835,41,Female,Hyderabad,Mobile App,106,8,3295.8,At Risk
CUST100836,32,Male,Chennai,Store,27,10,3454.6,Potential Loyalists
CUST100837,24,Female,Chennai,Online,157,12,2680.05,At Risk
CUST100838,51,Male,Bengaluru,Online,222,1,1076.17,Lost
CUST100839,32,Male,Noida,Mobile App,47,7,1190.85,Potential Loyalists
CUST100840,49,Female,Bengaluru,Online,91,13,1038.74,Potential Loyalists
CUST100841,44,Female,Delhi,Store,25,22,3927.44,Champions
CUST100842,41,Female,Noida,Mobile App,115,13,2079.05,At Risk
CUST100843,28,Female,Mumbai,Store,100,7,1538.73,Potential Loyalists
CUST100844,42,Male,Chennai,Mobile App,67,7,2421.26,Potential Loyalists
CUST100845,48,Female,Kolkata,Mobile App,14,19,9867.12,Champions
CUST100846,18,Male,Noida,Online,210,4,819.15,Lost
CUST100847,24,Male,Chennai,Online,17,12,2446.81,Loyal
CUST100848,26,Female,Bengaluru,Mobile App,138,9,3169.02,At Risk
CUST100849,36,Male,Pune,Online,21,24,5126.55,Champions
CUST100850,26,Male,Bengaluru,Mobile App,267,1,427.48,Lost
CUST100851,26,Female,Noida,Online,27,12,779.76,Loyal
CUST100852,43,Female,Delhi,Mobile App,40,12,2217.74,Loyal
CUST100853,30,Male,Pune,Online,351,3,252.42,Lost
CUST100854,32,Male,Bengaluru,Store,327,3,310.35,Lost
CUST100855,33,Male,Bengaluru,Store,72,17,2673.64,Loyal
CUST100856,32,Female,Chennai,Online,67,8,1686.11,Potential Loyalists
CUST100857,24,Male,Delhi,Mobile App,225,13,1547.95,At Risk
CUST100858,44,Male,Kolkata,Online,344,2,1467.91,Lost
CUST100859,23,Male,Bengaluru,Mobile App,28,10,3494.22,Loyal
CUST100860,44,Male,Chennai,Mobile App,38,10,1175.33,Potential Loyalists
CUST100861,18,Male,Kolkata,Mobile App,231,8,4856.87,At Risk
CUST100862,18,Male,Mumbai,Store,194,9,3197.85,At Risk
CUST100863,28,Female,Pune,Online,207,5,1187.64,At Risk
CUST100864,33,Male,Bengaluru,Store,107,5,3034.51,Potential Loyalists
CUST100865,19,Female,Delhi,Mobile App,33,24,5708.67,Champions
CUST100866,36,Female,Mumbai,Store,305,4,287.71,Lost
CUST100867,45,Male,Chennai,Store,209,1,1100.38,Lost
CUST100868,43,Female,Kolkata,Online,224,12,1143.64,At Risk
CUST100869,38,Male,Delhi,Mobile App,23,21,7011.36,Champions
CUST100870,32,Male,Pune,Mobile App,54,12,3337.48,Loyal
CUST100871,45,Female,Bengaluru,Store,178,8,560.04,At Risk
CUST100872,18,Female,Chennai,Online,13,20,8224.06,Champions
CUST100873,33,Male,Mumbai,Store,263,2,963.77,Lost
CUST100874,44,Male,Kolkata,Online,11,19,2807.34,Loyal
CUST100875,43,Male,Chennai,Mobile App,173,8,3083.13,At Risk
CUST100876,33,Male,Kolkata,Online,215,1,920.6,Lost
CUST100877,42,Male,Hyderabad,Mobile App,45,13,1294.94,Loyal
CUST100878,21,Other,Pune,Online,16,14,4039.05,Loyal
CUST100879,26,Male,Mumbai,Store,104,7,3757.91,Potential Loyalists
CUST100880,41,Female,Kolkata,Mobile App,76,5,1735.38,Potential Loyalists
CUST100881,44,Male,Bengaluru,Mobile App,64,7,2066.86,Potential Loyalists
CUST100882,41,Female,Pune,Online,67,7,679.76,Potential Loyalists
CUST100883,48,Female,Chennai,Mobile App,336,4,1553.48,Lost
CUST100884,36,Female,Noida,Mobile App,64,7,1847.55,Potential Loyalists
CUST100885,20,Male,Bengaluru,Online,38,11,4612.84,Loyal
CUST100886,18,Male,Kolkata,Store,53,9,2334.58,Loyal
CUST100887,30,Male,Mumbai,Store,50,10,1992.89,Loyal
CUST100888,40,Female,Pune,Online,32,19,6556.52,Champions
CUST100889,28,Male,Delhi,Online,27,17,2797.77,Loyal
CUST100890,45,Female,Kolkata,Online,161,9,1024.47,At Risk
CUST100891,28,Female,Chennai,Online,66,16,2879.83,Loyal
CUST100892,37,Male,Delhi,Mobile App,269,5,1232.37,Lost
CUST100893,30,Male,Bengaluru,Mobile App,66,12,1469.67,Loyal
CUST100894,21,Other,Kolkata,Online,8,24,9094.58,Champions
CUST100895,30,Female,Hyderabad,Mobile App,95,8,1076.13,At Risk
CUST100896,59,Female,Noida,Online,241,2,1036.04,Lost
CUST100897,39,Male,Mumbai,Store,10,15,4010.82,Loyal
CUST100898,35,Male,Delhi,Store,35,12,2205.61,Loyal
CUST100899,44,Male,Bengaluru,Mobile App,73,9,4109.59,Loyal
CUST100900,47,Male,Noida,Store,43,4,1503.03,Potential Loyalists
CUST100901,24,Female,Noida,Online,53,9,2710.88,Potential Loyalists
CUST100902,20,Male,Chennai,Mobile App,50,12,3389.72,Loyal
CUST100903,32,Female,Kolkata,Online,16,23,5334.9,Champions
CUST100904,21,Female,Pune,Online,41,8,3646.25,Potential Loyalists
CUST100905,48,Male,Mumbai,Online,215,6,287.0,Lost
CUST100906,37,Female,Noida,Mobile App,93,10,714.66,At Risk
CUST100907,28,Female,Delhi,Mobile App,36,6,504.84,Potential Loyalists
CUST100908,40,Female,Noida,Store,13,26,6929.15,Champions
CUST100909,18,Male,Noida,Online,41,13,5034.17,Loyal
CUST100910,48,Male,Kolkata,Store,59,8,3026.51,Loyal
CUST100911,24,Female,Chennai,Online,173,6,2395.4,At Risk
CUST100912,18,Male,Pune,Mobile App,302,5,801.58,Lost
CUST100913,34,Male,Delhi,Store,296,4,1240.29,Lost
CUST100914,34,Male,Mumbai,Store,226,1,1010.75,Lost
CUST100915,29,Male,Pune,Online,306,2,771.46,Lost
CUST100916,48,Female,Kolkata,Online,203,4,1400.29,Lost
CUST100917,33,Female,Bengaluru,Store,18,25,8966.72,Champions
CUST100918,39,Male,Delhi,Online,12,38,8806.58,Champions
CUST100919,47,Male,Chennai,Store,68,11,5252.33,Loyal
CUST100920,47,Female,Chennai,Store,89,5,1092.68,Potential Loyalists
CUST100921,36,Female,Bengaluru,Online,24,22,3398.0,Champions
CUST100922,18,Female,Chennai,Mobile App,306,3,2514.48,Lost
CUST100923,42,Male,Noida,Store,44,8,4668.19,Potential Loyalists
CUST100924,31,Male,Noida,Store,27,7,926.05,Potential Loyalists
CUST100925,26,Male,Noida,Online,52,17,4513.17,Loyal
CUST100926,27,Female,Hyderabad,Mobile App,24,10,1925.04,Loyal
CUST100927,40,Male,Pune,Mobile App,70,8,1481.39,Loyal
CUST100928,18,Male,Hyderabad,Store,181,1,744.68,Lost
CUST100929,30,Male,Bengaluru,Online,21,9,2380.16,Potential Loyalists
CUST100930,32,Male,Noida,Online,100,7,1198.26,At Risk
CUST100931,29,Male,Hyderabad,Online,56,11,3888.17,Loyal
CUST100932,34,Male,Noida,Store,59,9,3838.71,Loyal
CUST100933,25,Female,Kolkata,Store,27,8,1523.3,Potential Loyalists
CUST100934,38,Male,Bengaluru,Store,168,6,3424.81,At Risk
CUST100935,24,Male,Noida,Mobile App,108,6,2256.12,At Risk
CUST100936,38,Female,Bengaluru,Store,20,12,1878.76,Loyal
CUST100937,21,Female,Pune,Online,235,4,177.32,Lost
CUST100938,38,Female,Chennai,Store,27,25,6156.73,Champions
CUST100939,21,Male,Kolkata,Online,216,5,1201.51,Lost
CUST100940,34,Male,Noida,Mobile App,5,23,8397.1,Champions
CUST100941,50,Female,Bengaluru,Online,40,12,3735.0,Loyal
CUST100942,29,Male,Kolkata,Mobile App,252,1,939.49,Lost
CUST100943,45,Female,Chennai,Mobile App,34,13,1785.83,Loyal
CUST100944,39,Female,Bengaluru,Online,56,7,1839.45,Potential Loyalists
CUST100945,46,Female,Hyderabad,Online,75,6,3090.16,Potential Loyalists
CUST100946,23,Female,Kolkata,Store,64,20,8193.34,Loyal
CUST100947,18,Female,Mumbai,Store,121,9,1743.54,At Risk
CUST100948,26,Other,Bengaluru,Mobile App,204,1,2301.41,Lost
CUST100949,33,Male,Bengaluru,Store,212,1,1277.71,Lost
CUST100950,37,Male,Kolkata,Online,37,12,2746.12,Loyal
CUST100951,18,Male,Chennai,Store,47,8,653.86,Potential Loyalists
CUST100952,29,Female,Mumbai,Mobile App,10,15,1547.06,Loyal
CUST100953,57,Female,Hyderabad,Store,19,16,2103.91,Loyal
CUST100954,42,Male,Hyderabad,Mobile App,53,9,3060.45,Loyal
CUST100955,25,Male,Chennai,Mobile App,206,4,588.14,Lost
CUST100956,36,Male,Chennai,Store,248,2,861.2,Lost
CUST100957,34,Other,Hyderabad,Store,232,10,2522.05,At Risk
CUST100958,27,Female,Bengaluru,Online,92,8,3545.07,Potential Loyalists
CUST100959,29,Male,Kolkata,Online,28,10,1485.82,Potential Loyalists
CUST100960,42,Male,Chennai,Online,40,7,4952.11,Potential Loyalists
CUST100961,18,Female,Pune,Store,100,4,1395.26,Potential Loyalists
CUST100962,29,Male,Pune,Online,44,7,817.01,Potential Loyalists
CUST100963,41,Male,Delhi,Online,3,24,8768.35,Champions
CUST100964,21,Female,Noida,Mobile App,22,22,2050.4,Champions
CUST100965,18,Male,Hyderabad,Mobile App,209,3,1794.44,Lost
CUST100966,39,Other,Mumbai,Store,90,4,1779.51,Potential Loyalists
CUST100967,36,Female,Chennai,Store,283,2,795.14,Lost
CUST100968,32,Other,Mumbai,Mobile App,41,9,2663.78,Loyal
CUST100969,44,Female,Delhi,Mobile App,98,10,395.11,Potential Loyalists
CUST100970,50,Male,Bengaluru,Online,52,10,2535.12,Loyal
CUST100971,27,Male,Chennai,Online,49,14,5621.27,Loyal
CUST100972,38,Female,Delhi,Mobile App,25,18,6182.51,Champions
CUST100973,28,Male,Mumbai,Store,13,22,3770.5,Champions
CUST100974,56,Female,Chennai,Online,293,4,1002.87,Lost
CUST100975,54,Female,Hyderabad,Store,12,12,1214.42,Loyal
CUST100976,30,Male,Noida,Store,26,7,1705.74,Potential Loyalists
CUST100977,29,Male,Pune,Mobile App,85,8,2633.55,Potential Loyalists
CUST100978,18,Male,Mumbai,Online,78,6,735.19,Potential Loyalists
CUST100979,32,Male,Hyderabad,Store,115,8,2257.18,Potential Loyalists
CUST100980,36,Female,Mumbai,Mobile App,30,14,3565.16,Loyal
CUST100981,39,Female,Noida,Store,241,7,257.67,Lost
CUST100982,33,Male,Mumbai,Online,171,9,5165.19,At Risk
CUST100983,30,Female,Noida,Online,204,10,3238.79,At Risk
CUST100984,40,Male,Delhi,Online,96,4,1420.58,Potential Loyalists
CUST100985,42,Female,Chennai,Store,24,20,7763.2,Champions
CUST100986,18,Male,Pune,Store,285,3,505.99,Lost
CUST100987,25,Male,Noida,Store,68,18,2447.37,Loyal
CUST100988,44,Male,Kolkata,Mobile App,6,25,4901.52,Champions
CUST100989,29,Female,Pune,Mobile App,71,13,2140.03,Loyal
CUST100990,35,Male,Delhi,Online,116,7,1108.37,At Risk
CUST100991,20,Male,Kolkata,Store,128,9,3039.32,At Risk
CUST100992,24,Male,Bengaluru,Mobile App,230,6,1727.3,At Risk
CUST100993,18,Male,Kolkata,Mobile App,129,6,2177.0,At Risk
CUST100994,21,Male,Mumbai,Store,18,9,2860.91,Loyal
CUST100995,22,Female,Hyderabad,Online,267,4,988.16,Lost
CUST100996,18,Female,Kolkata,Store,48,8,1459.69,Potential Loyalists
CUST100997,52,Other,Pune,Mobile App,176,13,1168.49,At Risk
CUST100998,39,Female,Kolkata,Online,18,24,6954.02,Champions
CUST100999,31,Female,Chennai,Store,318,4,1011.32,Lost
CUST101000,26,Male,Noida,Store,37,13,3660.95,Loyal
CUST101001,26,Male,Hyderabad,Store,34,24,4542.12,Champions
CUST101002,32,Female,Delhi,Online,111,7,2105.91,Potential Loyalists
CUST101003,42,Female,Hyderabad,Store,26,25,4512.42,Champions
CUST101004,18,Male,Delhi,Online,18,26,6895.56,Champions
CUST101005,47,Female,Kolkata,Mobile App,149,3,2543.54,At Risk
CUST101006,26,Female,Delhi,Online,40,14,2391.34,Loyal
CUST101007,40,Male,Hyderabad,Online,199,1,934.17,Lost
CUST101008,50,Male,Mumbai,Online,25,16,1897.98,Loyal
CUST101009,31,Male,Hyderabad,Online,165,8,1673.06,At Risk
CUST101010,49,Female,Bengaluru,Store,32,7,353.24,Potential Loyalists
CUST101011,29,Male,Noida,Store,178,9,1601.11,At Risk
CUST101012,25,Female,Kolkata,Online,73,5,2100.85,Potential Loyalists
CUST101013,20,Male,Noida,Online,84,7,1215.79,Potential Loyalists
CUST101014,18,Male,Noida,Store,182,2,1592.47,Lost
CUST101015,43,Female,Chennai,Store,62,14,5106.42,Loyal
CUST101016,41,Male,Chennai,Online,10,11,1575.08,Loyal
CUST101017,29,Other,Bengaluru,Online,197,8,3805.19,At Risk
CUST101018,50,Female,Delhi,Online,264,2,709.33,Lost
CUST101019,19,Male,Pune,Store,21,20,6902.56,Champions
CUST101020,21,Male,Mumbai,Online,50,11,1894.47,Potential Loyalists
CUST101021,33,Female,Kolkata,Online,320,2,761.63,Lost
CUST101022,33,Female,Noida,Online,158,9,1891.91,At Risk
CUST101023,48,Female,Delhi,Store,257,4,690.9,Lost
CUST101024,18,Female,Noida,Online,20,7,2817.18,Potential Loyalists
CUST101025,31,Male,Chennai,Store,150,3,2518.96,At Risk
CUST101026,33,Male,Chennai,Mobile App,72,10,2012.53,Loyal
CUST101027,37,Female,Pune,Online,356,3,892.74,Lost
CUST101028,19,Female,Hyderabad,Mobile App,11,10,3166.45,Loyal
CUST101029,32,Other,Noida,Store,187,9,1945.71,At Risk
CUST101030,28,Female,Delhi,Online,92,6,1876.65,Potential Loyalists
CUST101031,32,Male,Delhi,Store,76,9,2106.54,Potential Loyalists
CUST101032,38,Female,Mumbai,Online,155,2,2378.97,At Risk
CUST101033,38,Female,Noida,Online,85,7,3528.1,Potential Loyalists
CUST101034,44,Female,Delhi,Online,183,3,1171.93,Lost
CUST101035,19,Female,Noida,Mobile App,102,10,787.34,Potential Loyalists
CUST101036,54,Female,Bengaluru,Mobile App,162,6,3541.56,At Risk
CUST101037,38,Female,Hyderabad,Online,12,13,4700.8,Loyal
CUST101038,36,Male,Delhi,Store,61,6,1958.18,Potential Loyalists
CUST101039,46,Female,Mumbai,Online,69,5,740.57,Potential Loyalists
CUST101040,26,Male,Delhi,Online,34,20,8525.26,Champions
CUST101041,25,Female,Pune,Online,11,21,5649.05,Champions
CUST101042,32,Female,Chennai,Online,213,8,2019.26,At Risk
CUST101043,18,Male,Mumbai,Mobile App,141,12,4285.49,At Risk
CUST101044,29,Male,Pune,Online,128,9,1652.93,At Risk
CUST101045,35,Male,Hyderabad,Store,29,33,8925.73,Champions
CUST101046,18,Female,Kolkata,Online,23,12,2522.18,Loyal
CUST101047,20,Male,Hyderabad,Online,53,15,2607.19,Loyal
CUST101048,57,Male,Bengaluru,Online,183,7,1857.2,At Risk
CUST101049,29,Female,Delhi,Mobile App,305,3,991.48,Lost
CUST101050,32,Male,Pune,Store,13,13,2776.59,Loyal
CUST101051,46,Male,Mumbai,Store,104,8,3516.27,At Risk
CUST101052,31,Female,Pune,Store,20,29,7481.37,Champions
CUST101053,30,Male,Mumbai,Store,52,9,2385.47,Loyal
CUST101054,37,Male,Pune,Online,13,21,6917.5,Champions
CUST101055,32,Male,Mumbai,Online,58,22,3546.59,Loyal
CUST101056,18,Male,Pune,Store,156,7,3641.87,At Risk
CUST101057,36,Male,Bengaluru,Store,188,1,2249.19,Lost
CUST101058,31,Female,Mumbai,Online,60,16,3246.87,Loyal
CUST101059,45,Male,Pune,Store,84,6,1767.55,Potential Loyalists
CUST101060,27,Female,Noida,Online,180,9,1103.28,At Risk
CUST101061,19,Female,Chennai,Online,261,6,3034.43,Lost
CUST101062,36,Female,Delhi,Online,38,9,1593.9,Potential Loyalists
CUST101063,37,Male,Noida,Online,40,13,3633.33,Loyal
CUST101064,39,Male,Bengaluru,Online,232,9,2078.49,At Risk
CUST101065,41,Male,Bengaluru,Mobile App,40,15,931.29,Loyal
CUST101066,27,Female,Noida,Online,209,2,749.93,Lost
CUST101067,18,Other,Delhi,Online,37,12,3454.76,Loyal
CUST101068,38,Male,Mumbai,Online,106,12,2559.52,At Risk
CUST101069,33,Female,Kolkata,Online,16,23,1874.94,Champions
CUST101070,53,Male,Mumbai,Online,26,6,3466.82,Potential Loyalists
CUST101071,38,Female,Kolkata,Store,273,4,1684.06,Lost
CUST101072,22,Female,Mumbai,Online,85,7,647.9,Potential Loyalists
CUST101073,26,Female,Noida,Online,98,9,1278.49,Potential Loyalists
CUST101074,32,Female,Mumbai,Store,271,3,531.5,Lost
CUST101075,24,Female,Chennai,Online,280,3,671.02,Lost
CUST101076,34,Female,Noida,Mobile App,73,12,3129.72,Loyal
CUST101077,28,Male,Chennai,Mobile App,34,8,529.71,Potential Loyalists
CUST101078,23,Female,Noida,Online,37,9,3530.94,Potential Loyalists
CUST101079,50,Female,Hyderabad,Online,183,5,5775.07,At Risk
CUST101080,39,Male,Mumbai,Online,18,19,2886.82,Loyal
CUST101081,57,Male,Kolkata,Online,23,19,3763.85,Loyal
CUST101082,49,Male,Chennai,Mobile App,299,2,1475.36,Lost
CUST101083,36,Male,Mumbai,Mobile App,273,7,2100.26,Lost
CUST101084,29,Female,Delhi,Store,192,1,1824.19,Lost
CUST101085,46,Female,Noida,Online,231,3,2682.94,Lost
CUST101086,18,Male,Chennai,Store,109,7,2597.96,At Risk
CUST101087,30,Male,Noida,Mobile App,196,6,2492.79,At Risk
CUST101088,43,Female,Noida,Mobile App,125,3,2791.23,At Risk
CUST101089,44,Female,Chennai,Online,39,3,1511.21,Potential Loyalists
CUST101090,39,Female,Noida,Mobile App,105,9,893.93,Potential Loyalists
CUST101091,31,Male,Noida,Mobile App,59,15,3027.23,Loyal
CUST101092,47,Female,Hyderabad,Store,97,7,3461.01,At Risk
CUST101093,18,Male,Chennai,Store,36,9,1472.59,Loyal
CUST101094,46,Male,Pune,Online,58,10,4198.94,Loyal
CUST101095,27,Female,Noida,Mobile App,41,7,1234.08,Potential Loyalists
CUST101096,26,Female,Kolkata,Store,50,4,2549.23,Potential Loyalists
CUST101097,18,Female,Noida,Mobile App,40,19,3439.14,Loyal
CUST101098,26,Male,Hyderabad,Online,123,8,2351.87,At Risk
CUST101099,45,Female,Hyderabad,Online,197,2,625.78,Lost
CUST101100,36,Female,Bengaluru,Online,47,8,4049.9,Loyal
CUST101101,51,Female,Mumbai,Store,20,20,7297.8,Champions
CUST101102,20,Female,Mumbai,Mobile App,57,9,2033.76,Loyal
CUST101103,18,Female,Chennai,Online,160,7,1391.38,At Risk
CUST101104,23,Male,Chennai,Mobile App,187,4,1441.77,Lost
CUST101105,35,Male,Hyderabad,Store,19,23,8060.06,Champions
CUST101106,36,Male,Hyderabad,Online,129,7,1235.7,At Risk
CUST101107,25,Male,Bengaluru,Mobile App,9,26,6343.05,Champions
CUST101108,49,Male,Kolkata,Store,62,15,2003.45,Loyal
CUST101109,36,Female,Mumbai,Online,226,5,712.54,Lost
CUST101110,46,Male,Mumbai,Online,19,9,3161.73,Loyal
CUST101111,22,Male,Chennai,Mobile App,20,22,6810.66,Champions
CUST101112,37,Male,Noida,Store,45,8,907.67,Potential Loyalists
CUST101113,34,Male,Chennai,Online,99,7,1146.73,Potential Loyalists
CUST101114,41,Male,Delhi,Store,330,1,2354.46,Lost
CUST101115,44,Male,Hyderabad,Mobile App,218,3,1876.28,Lost
CUST101116,37,Male,Delhi,Online,28,23,4312.95,Champions
CUST101117,25,Female,Bengaluru,Mobile App,8,24,5484.17,Champions
CUST101118,52,Male,Delhi,Online,101,10,705.9,At Risk
CUST101119,35,Female,Chennai,Store,45,11,3466.46,Loyal
CUST101120,30,Female,Delhi,Online,209,2,563.95,Lost
CUST101121,19,Female,Noida,Online,181,12,2258.46,At Risk
CUST101122,22,Female,Kolkata,Online,19,15,7925.89,Champions
CUST101123,34,Male,Chennai,Online,254,6,749.41,Lost
CUST101124,41,Female,Kolkata,Online,38,14,3521.48,Loyal
CUST101125,32,Male,Bengaluru,Mobile App,48,9,2143.6,Potential Loyalists
CUST101126,36,Male,Chennai,Mobile App,27,8,531.27,Potential Loyalists
CUST101127,41,Female,Hyderabad,Online,95,12,2329.18,Potential Loyalists
CUST101128,46,Male,Hyderabad,Mobile App,90,5,3207.96,At Risk
CUST101129,41,Male,Delhi,Store,202,12,2844.65,At Risk
CUST101130,27,Male,Mumbai,Store,273,5,431.0,Lost
CUST101131,35,Male,Delhi,Store,225,4,1374.34,Lost
CUST101132,23,Male,Chennai,Mobile App,100,7,3832.85,Potential Loyalists
CUST101133,27,Male,Bengaluru,Online,14,15,3794.9,Champions
CUST101134,25,Male,Mumbai,Mobile App,211,4,1083.72,At Risk
CUST101135,24,Female,Mumbai,Mobile App,224,3,1007.02,Lost
CUST101136,21,Male,Chennai,Online,28,12,1692.65,Loyal
CUST101137,34,Female,Hyderabad,Mobile App,66,6,767.99,Potential Loyalists
CUST101138,36,Female,Kolkata,Online,69,6,2405.56,Potential Loyalists
CUST101139,25,Female,Mumbai,Mobile App,12,19,7833.68,Champions
CUST101140,23,Male,Kolkata,Store,195,6,1501.59,At Risk
CUST101141,42,Male,Kolkata,Store,65,13,2364.99,Loyal
CUST101142,29,Male,Pune,Store,103,7,1537.89,At Risk
CUST101143,36,Male,Kolkata,Mobile App,289,3,623.91,Lost
CUST101144,52,Male,Delhi,Store,268,3,968.26,Lost
CUST101145,39,Male,Pune,Mobile App,103,7,2816.59,Potential Loyalists
CUST101146,25,Female,Chennai,Online,30,13,5441.28,Loyal
CUST101147,27,Male,Delhi,Online,173,9,893.21,At Risk
CUST101148,42,Male,Chennai,Store,91,7,1142.08,At Risk
CUST101149,32,Female,Noida,Online,27,9,1709.12,Potential Loyalists
CUST101150,47,Other,Noida,Online,297,2,380.88,Lost
CUST101151,35,Male,Kolkata,Mobile App,18,23,6091.68,Champions
CUST101152,39,Female,Bengaluru,Online,330,3,462.25,Lost
CUST101153,45,Female,Kolkata,Store,32,24,5711.57,Champions
CUST101154,34,Female,Chennai,Mobile App,30,17,4457.77,Champions
CUST101155,31,Female,Mumbai,Online,113,11,722.18,Potential Loyalists
CUST101156,40,Female,Chennai,Mobile App,1,22,3451.37,Champions
CUST101157,44,Male,Noida,Mobile App,9,17,10159.83,Champions
CUST101158,31,Female,Pune,Mobile App,22,33,8284.08,Champions
CUST101159,33,Female,Kolkata,Store,47,5,2311.97,Potential Loyalists
CUST101160,43,Male,Delhi,Store,130,4,1441.89,At Risk
CUST101161,24,Male,Pune,Mobile App,31,21,2552.18,Champions
CUST101162,32,Male,Pune,Mobile App,189,11,1660.22,At Risk
CUST101163,18,Female,Mumbai,Mobile App,335,2,1652.75,Lost
CUST101164,39,Female,Mumbai,Store,29,11,4932.77,Loyal
CUST101165,36,Male,Bengaluru,Store,5,28,4051.13,Champions
CUST101166,27,Female,Kolkata,Online,247,3,1264.2,Lost
CUST101167,32,Male,Chennai,Mobile App,356,2,556.83,Lost
CUST101168,39,Female,Chennai,Online,105,4,1101.8,Potential Loyalists
CUST101169,29,Male,Mumbai,Online,181,9,4291.49,At Risk
CUST101170,28,Female,Kolkata,Online,19,18,6613.58,Champions
CUST101171,21,Female,Hyderabad,Store,73,12,2881.88,Loyal
CUST101172,39,Female,Delhi,Store,90,9,1450.81,At Risk
CUST101173,45,Female,Mumbai,Store,52,15,1484.79,Loyal
CUST101174,29,Female,Chennai,Mobile App,239,10,971.14,At Risk
CUST101175,47,Male,Bengaluru,Online,23,7,1832.26,Potential Loyalists
CUST101176,46,Male,Bengaluru,Online,223,16,1974.24,At Risk
CUST101177,46,Female,Pune,Mobile App,95,7,2206.13,Potential Loyalists
CUST101178,18,Male,Delhi,Store,64,10,2752.16,Loyal
CUST101179,30,Male,Delhi,Store,53,12,1962.42,Loyal
CUST101180,37,Female,Bengaluru,Online,64,9,3367.83,Loyal
CUST101181,28,Female,Chennai,Store,216,9,2631.74,At Risk
CUST101182,43,Female,Chennai,Online,9,28,7241.13,Champions
CUST101183,21,Female,Noida,Store,34,29,5156.66,Champions
CUST101184,34,Female,Bengaluru,Online,68,16,5414.82,Loyal
CUST101185,55,Male,Pune,Store,62,19,1186.48,Loyal
CUST101186,53,Male,Chennai,Mobile App,235,3,1236.93,Lost
CUST101187,43,Male,Noida,Online,16,13,1620.81,Loyal
CUST101188,23,Female,Chennai,Mobile App,287,1,2128.16,Lost
CUST101189,55,Female,Delhi,Mobile App,7,25,6915.55,Champions
CUST101190,20,Male,Kolkata,Online,177,4,1545.9,At Risk
CUST101191,40,Female,Pune,Online,32,4,1237.84,Potential Loyalists
CUST101192,27,Male,Pune,Online,66,12,1486.76,Loyal
CUST101193,34,Male,Delhi,Online,330,3,571.2,Lost
CUST101194,56,Male,Kolkata,Store,324,3,953.55,Lost
CUST101195,33,Female,Mumbai,Store,275,2,719.16,Lost
CUST101196,28,Male,Kolkata,Store,38,15,4368.27,Loyal
CUST101197,25,Female,Mumbai,Online,54,10,5402.12,Loyal
CUST101198,52,Female,Mumbai,Online,176,13,2934.44,At Risk
CUST101199,43,Female,Mumbai,Mobile App,42,7,2052.68,Loyal
CUST101200,36,Female,Mumbai,Store,205,12,6089.96,At Risk
CUST101201,39,Male,Delhi,Online,79,7,2365.46,Potential Loyalists
CUST101202,37,Female,Hyderabad,Mobile App,60,6,3198.89,Potential Loyalists
CUST101203,26,Male,Pune,Online,333,4,877.14,Lost
CUST101204,34,Other,Pune,Online,90,12,1701.89,At Risk
CUST101205,36,Female,Bengaluru,Store,9,29,6772.53,Champions
CUST101206,36,Female,Mumbai,Online,6,19,5502.51,Champions
CUST101207,33,Female,Bengaluru,Mobile App,118,8,1324.26,Potential Loyalists
CUST101208,42,Female,Bengaluru,Mobile App,28,5,3784.42,Potential Loyalists
CUST101209,18,Male,Bengaluru,Mobile App,16,13,3857.37,Loyal
CUST101210,49,Female,Kolkata,Online,98,8,2135.91,Potential Loyalists
CUST101211,24,Female,Mumbai,Online,189,11,2328.6,At Risk
CUST101212,43,Female,Mumbai,Online,325,2,1110.23,Lost
CUST101213,49,Female,Delhi,Mobile App,55,9,977.69,Potential Loyalists
CUST101214,23,Female,Kolkata,Store,32,10,3727.07,Loyal
CUST101215,37,Female,Delhi,Online,18,10,2951.32,Loyal
CUST101216,53,Female,Delhi,Mobile App,81,6,1211.95,Potential Loyalists
CUST101217,30,Male,Pune,Store,26,11,4137.69,Loyal
CUST101218,29,Female,Mumbai,Store,35,4,4783.66,Potential Loyalists
CUST101219,31,Male,Hyderabad,Online,139,9,996.43,At Risk
CUST101220,35,Male,Mumbai,Mobile App,31,27,7527.84,Champions
CUST101221,19,Male,Mumbai,Online,8,25,2636.29,Champions
CUST101222,26,Male,Chennai,Mobile App,15,19,2670.58,Loyal
CUST101223,47,Female,Hyderabad,Mobile App,215,1,1084.77,Lost
CUST101224,37,Male,Chennai,Online,189,6,2117.9,At Risk
CUST101225,46,Female,Noida,Store,41,10,1364.08,Loyal
CUST101226,48,Male,Bengaluru,Store,208,3,435.37,Lost
CUST101227,22,Female,Mumbai,Store,103,10,3050.1,Potential Loyalists
CUST101228,49,Female,Delhi,Online,74,9,443.86,Potential Loyalists
CUST101229,33,Female,Noida,Online,268,3,611.24,Lost
CUST101230,22,Female,Chennai,Online,28,21,3081.09,Champions
CUST101231,44,Female,Chennai,Online,51,13,2919.63,Loyal
CUST101232,40,Female,Delhi,Mobile App,66,7,1802.25,Potential Loyalists
CUST101233,33,Male,Pune,Online,64,11,4600.41,Loyal
CUST101234,47,Female,Bengaluru,Online,218,7,2125.32,At Risk
CUST101235,30,Female,Chennai,Store,64,12,1767.81,Loyal
CUST101236,58,Male,Chennai,Store,32,16,5486.06,Champions
CUST101237,30,Other,Noida,Store,54,13,3970.9,Loyal
CUST101238,26,Female,Mumbai,Mobile App,52,12,3257.36,Potential Loyalists
CUST101239,33,Female,Noida,Mobile App,18,18,1847.85,Loyal
CUST101240,32,Female,Hyderabad,Store,28,28,5211.55,Champions
CUST101241,31,Male,Mumbai,Online,252,1,972.67,Lost
CUST101242,25,Female,Delhi,Store,28,11,3099.88,Loyal
CUST101243,51,Male,Chennai,Online,18,13,4757.43,Loyal
CUST101244,28,Female,Mumbai,Online,23,27,4274.53,Champions
CUST101245,46,Male,Delhi,Online,55,15,2945.27,Loyal
CUST101246,19,Male,Bengaluru,Store,12,12,4742.73,Loyal
CUST101247,43,Female,Noida,Mobile App,29,6,2718.1,Potential Loyalists
CUST101248,27,Male,Mumbai,Store,68,13,4337.47,Loyal
CUST101249,36,Male,Mumbai,Store,360,4,1240.24,Lost
CUST101250,20,Female,Pune,Mobile App,213,1,508.3,Lost
CUST101251,54,Female,Kolkata,Online,29,25,7137.58,Champions
CUST101252,46,Male,Pune,Store,3,27,3050.69,Champions
CUST101253,33,Male,Mumbai,Mobile App,1,23,9244.77,Champions
CUST101254,33,Female,Delhi,Online,54,7,2708.52,Potential Loyalists
CUST101255,33,Female,Hyderabad,Online,21,22,5477.33,Champions
CUST101256,28,Female,Delhi,Store,363,4,1112.78,Lost
CUST101257,47,Male,Delhi,Store,197,9,2056.93,At Risk
CUST101258,18,Female,Chennai,Online,165,6,1192.87,At Risk
CUST101259,41,Male,Delhi,Online,84,6,1489.19,Potential Loyalists
CUST101260,23,Male,Bengaluru,Online,327,4,613.27,Lost
CUST101261,40,Female,Bengaluru,Store,2,21,7777.24,Champions
CUST101262,38,Male,Delhi,Mobile App,108,8,1253.21,Potential Loyalists
CUST101263,32,Male,Noida,Store,40,11,3359.21,Loyal
CUST101264,31,Female,Delhi,Online,222,1,1731.45,Lost
CUST101265,36,Female,Kolkata,Mobile App,37,6,3064.25,Potential Loyalists
CUST101266,34,Male,Chennai,Mobile App,208,8,2421.82,At Risk
CUST101267,47,Male,Mumbai,Store,41,20,4060.13,Loyal
CUST101268,28,Male,Bengaluru,Store,196,5,706.03,Lost
CUST101269,41,Female,Mumbai,Mobile App,36,12,1411.89,Potential Loyalists
CUST101270,29,Female,Kolkata,Online,45,9,1392.32,Potential Loyalists
CUST101271,46,Male,Chennai,Online,304,3,1609.1,Lost
CUST101272,46,Male,Chennai,Online,62,9,4075.45,Loyal
CUST101273,45,Female,Delhi,Mobile App,35,14,2596.39,Loyal
CUST101274,26,Female,Delhi,Online,32,5,1404.98,Potential Loyalists
CUST101275,41,Female,Chennai,Mobile App,24,21,7715.6,Champions
CUST101276,18,Female,Hyderabad,Mobile App,42,10,2236.56,Loyal
CUST101277,23,Female,Pune,Online,50,9,969.87,Loyal
CUST101278,31,Female,Pune,Online,22,23,5518.36,Champions
CUST101279,42,Male,Kolkata,Online,242,1,1304.18,Lost
CUST101280,33,Female,Hyderabad,Mobile App,85,6,1319.15,Potential Loyalists
CUST101281,39,Male,Mumbai,Mobile App,56,13,2651.89,Loyal
CUST101282,39,Male,Kolkata,Mobile App,92,3,2228.85,Potential Loyalists
CUST101283,32,Female,Delhi,Mobile App,26,7,1243.11,Potential Loyalists
CUST101284,28,Male,Hyderabad,Mobile App,214,9,1951.52,At Risk
CUST101285,37,Female,Pune,Online,284,3,1251.63,Lost
CUST101286,48,Male,Delhi,Store,260,2,1468.12,Lost
CUST101287,26,Female,Delhi,Mobile App,70,16,2231.27,Loyal
CUST101288,47,Male,Delhi,Online,43,15,4435.16,Loyal
CUST101289,37,Female,Mumbai,Mobile App,30,7,2206.37,Potential Loyalists
CUST101290,40,Female,Kolkata,Online,76,7,2939.81,Potential Loyalists
CUST101291,39,Other,Noida,Mobile App,23,11,3735.77,Potential Loyalists
CUST101292,41,Other,Mumbai,Online,172,9,1763.88,At Risk
CUST101293,41,Female,Delhi,Online,27,7,993.55,Potential Loyalists
CUST101294,45,Male,Bengaluru,Store,67,16,2939.98,Loyal
CUST101295,31,Male,Hyderabad,Online,23,11,6320.53,Loyal
CUST101296,45,Female,Pune,Mobile App,37,13,6878.26,Loyal
CUST101297,29,Male,Pune,Store,19,18,4480.21,Champions
CUST101298,35,Female,Hyderabad,Online,36,10,2818.41,Loyal
CUST101299,28,Male,Mumbai,Mobile App,226,5,2834.47,At Risk
CUST101300,22,Male,Pune,Store,59,10,3545.42,Loyal
CUST101301,38,Other,Delhi,Online,65,17,1624.92,Loyal
CUST101302,26,Female,Chennai,Mobile App,91,9,1612.17,Potential Loyalists
CUST101303,25,Female,Pune,Store,137,7,3077.87,At Risk
CUST101304,31,Male,Hyderabad,Mobile App,19,16,3105.6,Loyal
CUST101305,32,Male,Pune,Mobile App,290,5,324.47,Lost
CUST101306,40,Female,Bengaluru,Mobile App,338,4,290.84,Lost
CUST101307,46,Male,Pune,Online,38,13,1227.02,Potential Loyalists
CUST101308,25,Female,Chennai,Online,177,7,2219.79,At Risk
CUST101309,26,Female,Chennai,Online,31,22,8682.12,Champions
CUST101310,44,Other,Kolkata,Store,335,3,1767.44,Lost
CUST101311,40,Female,Mumbai,Mobile App,32,13,6784.9,Loyal
CUST101312,55,Female,Mumbai,Mobile App,259,1,864.51,Lost
CUST101313,28,Female,Delhi,Mobile App,21,4,1864.84,Potential Loyalists
CUST101314,36,Male,Pune,Mobile App,31,26,8253.44,Champions
CUST101315,32,Female,Pune,Store,18,23,6888.16,Champions
CUST101316,18,Female,Noida,Mobile App,124,7,1763.36,At Risk
CUST101317,28,Female,Mumbai,Online,26,6,1356.21,Potential Loyalists
CUST101318,45,Female,Noida,Online,23,23,8482.93,Champions
CUST101319,41,Female,Kolkata,Mobile App,238,6,3802.6,At Risk
CUST101320,30,Female,Noida,Store,269,3,144.12,Lost
CUST101321,38,Male,Pune,Online,98,7,1294.98,Potential Loyalists
CUST101322,32,Other,Delhi,Online,82,5,3146.73,Potential Loyalists
CUST101323,35,Female,Bengaluru,Mobile App,21,19,10524.48,Champions
CUST101324,54,Male,Chennai,Online,130,6,1723.03,At Risk
CUST101325,49,Male,Chennai,Store,26,13,2895.33,Loyal
CUST101326,18,Male,Delhi,Mobile App,255,4,829.96,Lost
CUST101327,34,Male,Bengaluru,Mobile App,17,9,4751.04,Loyal
CUST101328,35,Female,Pune,Mobile App,23,10,5442.24,Potential Loyalists
CUST101329,30,Male,Noida,Store,35,14,3500.85,Loyal
CUST101330,49,Other,Noida,Online,44,13,3864.1,Loyal
CUST101331,34,Male,Kolkata,Online,179,11,4405.4,At Risk
CUST101332,30,Female,Noida,Mobile App,105,9,508.99,Potential Loyalists
CUST101333,43,Female,Mumbai,Online,50,11,805.09,Potential Loyalists
CUST101334,37,Female,Noida,Store,208,1,1619.23,Lost
CUST101335,44,Female,Kolkata,Store,221,4,716.43,Lost
CUST101336,34,Male,Mumbai,Mobile App,242,3,873.28,Lost
CUST101337,29,Male,Pune,Store,18,10,1234.05,Loyal
CUST101338,35,Male,Noida,Mobile App,73,7,1628.06,Potential Loyalists
CUST101339,29,Female,Kolkata,Mobile App,193,2,1035.03,Lost
CUST101340,36,Male,Hyderabad,Store,71,18,1512.29,Loyal
CUST101341,28,Male,Hyderabad,Online,34,19,8809.63,Champions
CUST101342,26,Male,Bengaluru,Mobile App,191,7,807.96,At Risk
CUST101343,26,Female,Bengaluru,Store,44,9,1285.43,Potential Loyalists
CUST101344,39,Male,Pune,Mobile App,101,6,1295.36,Potential Loyalists
CUST101345,41,Female,Delhi,Online,324,3,974.33,Lost
CUST101346,31,Male,Mumbai,Online,80,7,2751.01,Potential Loyalists
CUST101347,24,Female,Kolkata,Online,36,8,2546.34,Potential Loyalists
CUST101348,45,Male,Pune,Online,22,11,2906.01,Loyal
CUST101349,38,Female,Mumbai,Mobile App,22,7,1803.51,Potential Loyalists
CUST101350,43,Male,Mumbai,Online,3,25,5108.16,Champions
CUST101351,41,Female,Chennai,Online,124,8,1691.43,At Risk
CUST101352,45,Male,Bengaluru,Online,231,1,2249.26,Lost
CUST101353,37,Male,Hyderabad,Store,44,12,3941.23,Loyal
CUST101354,50,Male,Kolkata,Online,23,12,2284.28,Loyal
CUST101355,23,Male,Hyderabad,Online,281,4,487.98,Lost
CUST101356,44,Female,Kolkata,Store,8,16,5502.15,Champions
CUST101357,33,Female,Delhi,Online,99,7,1877.9,Potential Loyalists
CUST101358,23,Male,Chennai,Store,57,6,2110.0,Potential Loyalists
CUST101359,48,Female,Kolkata,Store,160,8,5346.11,At Risk
CUST101360,34,Female,Noida,Mobile App,21,15,4153.81,Loyal
CUST101361,56,Female,Hyderabad,Store,169,12,784.35,At Risk
CUST101362,31,Female,Delhi,Store,21,9,4051.28,Loyal
CUST101363,43,Male,Bengaluru,Online,103,8,2216.38,Potential Loyalists
CUST101364,24,Female,Noida,Mobile App,31,26,6125.75,Champions
CUST101365,42,Male,Kolkata,Online,107,5,2376.37,Potential Loyalists
CUST101366,36,Male,Noida,Mobile App,68,6,1630.49,Potential Loyalists
CUST101367,44,Female,Hyderabad,Store,70,20,2262.69,Loyal
CUST101368,33,Male,Delhi,Online,4,20,3816.15,Champions
CUST101369,18,Female,Delhi,Mobile App,19,13,3974.18,Loyal
CUST101370,20,Male,Chennai,Online,52,12,3785.77,Loyal
CUST101371,18,Other,Chennai,Online,6,30,7759.88,Champions
CUST101372,41,Male,Delhi,Store,302,4,513.57,Lost
CUST101373,45,Male,Noida,Store,65,7,588.31,Potential Loyalists
CUST101374,26,Female,Hyderabad,Store,174,11,2114.24,At Risk
CUST101375,27,Female,Kolkata,Online,254,5,165.37,Lost
CUST101376,27,Male,Kolkata,Online,9,20,2593.47,Champions
CUST101377,26,Female,Delhi,Mobile App,133,5,643.4,At Risk
CUST101378,35,Female,Hyderabad,Online,187,2,574.79,Lost
CUST101379,27,Female,Mumbai,Store,129,7,3019.74,At Risk
CUST101380,25,Female,Chennai,Online,46,9,3731.81,Potential Loyalists
CUST101381,30,Female,Noida,Online,33,6,2143.13,Potential Loyalists
CUST101382,34,Male,Hyderabad,Online,16,21,5439.79,Champions
CUST101383,25,Male,Kolkata,Store,26,9,2463.05,Potential Loyalists
CUST101384,24,Female,Delhi,Mobile App,313,3,1015.06,Lost
CUST101385,36,Male,Hyderabad,Store,310,4,405.9,Lost
CUST101386,31,Female,Mumbai,Online,7,18,6332.63,Champions
CUST101387,30,Male,Hyderabad,Store,220,5,640.14,At Risk
CUST101388,45,Male,Kolkata,Online,66,14,3660.2,Loyal
CUST101389,42,Male,Bengaluru,Mobile App,208,2,944.37,Lost
CUST101390,18,Other,Delhi,Online,19,23,9666.53,Champions
CUST101391,41,Female,Kolkata,Store,353,4,382.32,Lost
CUST101392,33,Female,Mumbai,Store,214,2,1351.96,Lost
CUST101393,29,Female,Mumbai,Mobile App,29,20,1222.35,Champions
CUST101394,38,Female,Pune,Store,11,21,7609.31,Champions
CUST101395,32,Female,Noida,Mobile App,265,2,1503.12,Lost
CUST101396,48,Female,Chennai,Mobile App,33,22,7496.87,Champions
CUST101397,26,Female,Delhi,Online,98,3,1411.75,Potential Loyalists
CUST101398,33,Female,Hyderabad,Online,184,5,322.85,Lost
CUST101399,30,Other,Noida,Online,103,9,2429.88,Potential Loyalists
CUST101400,26,Male,Pune,Store,64,10,4873.3,Loyal
CUST101401,26,Male,Pune,Online,85,13,2717.98,Potential Loyalists
CUST101402,51,Male,Pune,Store,1,18,8097.38,Champions
CUST101403,34,Male,Kolkata,Mobile App,234,1,1179.76,Lost
CUST101404,32,Male,Kolkata,Store,32,10,4322.28,Loyal
CUST101405,31,Female,Delhi,Mobile App,29,19,3094.9,Loyal
CUST101406,26,Female,Mumbai,Store,33,16,835.55,Loyal
CUST101407,30,Female,Noida,Store,201,3,745.73,Lost
CUST101408,18,Female,Chennai,Mobile App,13,21,8437.38,Champions
CUST101409,29,Female,Hyderabad,Mobile App,281,2,1713.56,Lost
CUST101410,18,Male,Mumbai,Store,102,9,4528.68,At Risk
CUST101411,37,Female,Chennai,Online,186,4,484.68,Lost
CUST101412,25,Female,Bengaluru,Store,333,4,740.4,Lost
CUST101413,40,Male,Hyderabad,Online,289,3,1188.67,Lost
CUST101414,26,Female,Pune,Mobile App,288,3,708.06,Lost
CUST101415,24,Female,Bengaluru,Online,6,27,8591.42,Champions
CUST101416,34,Male,Pune,Online,113,8,967.75,At Risk
CUST101417,26,Male,Mumbai,Online,74,5,1464.95,Potential Loyalists
CUST101418,32,Male,Mumbai,Online,52,7,1500.03,Potential Loyalists
CUST101419,49,Female,Delhi,Store,290,2,1576.04,Lost
CUST101420,44,Female,Hyderabad,Store,269,3,674.75,Lost
CUST101421,61,Male,Hyderabad,Online,107,9,3872.75,At Risk
CUST101422,42,Male,Noida,Online,33,8,2019.52,Potential Loyalists
CUST101423,44,Female,Hyderabad,Online,103,9,658.86,Potential Loyalists
CUST101424,18,Female,Noida,Mobile App,21,16,5176.92,Loyal
CUST101425,22,Male,Mumbai,Online,40,16,2837.97,Loyal
CUST101426,36,Female,Mumbai,Online,54,18,2346.9,Loyal
CUST101427,28,Male,Kolkata,Online,31,23,4912.14,Champions
CUST101428,53,Male,Noida,Online,21,27,9567.63,Champions
CUST101429,46,Male,Mumbai,Mobile App,151,8,1525.19,At Risk
CUST101430,43,Female,Kolkata,Mobile App,22,9,2072.26,Potential Loyalists
CUST101431,54,Male,Bengaluru,Store,247,3,852.15,Lost
CUST101432,42,Female,Pune,Mobile App,53,6,1304.54,Potential Loyalists
CUST101433,35,Female,Noida,Online,2,11,3729.73,Champions
CUST101434,47,Male,Noida,Online,10,24,6973.64,Champions
CUST101435,48,Male,Mumbai,Online,68,8,3042.03,Loyal
CUST101436,37,Female,Kolkata,Online,237,3,921.22,Lost
CUST101437,28,Male,Delhi,Online,62,14,3931.09,Loyal
CUST101438,36,Female,Bengaluru,Mobile App,53,4,2901.14,Potential Loyalists
CUST101439,40,Male,Pune,Store,232,3,1046.03,Lost
CUST101440,44,Female,Mumbai,Store,304,3,194.94,Lost
CUST101441,21,Male,Chennai,Online,17,14,2394.53,Loyal
CUST101442,29,Male,Hyderabad,Mobile App,19,19,6750.53,Champions
CUST101443,34,Male,Kolkata,Online,23,23,8894.24,Champions
CUST101444,50,Male,Kolkata,Mobile App,20,19,6526.41,Champions
CUST101445,40,Female,Bengaluru,Store,38,10,3430.09,Loyal
CUST101446,18,Female,Hyderabad,Mobile App,25,8,1737.63,Potential Loyalists
CUST101447,29,Male,Hyderabad,Online,246,3,980.59,Lost
CUST101448,18,Female,Mumbai,Store,91,5,787.5,Potential Loyalists
CUST101449,34,Male,Kolkata,Mobile App,217,10,3488.63,At Risk
CUST101450,30,Male,Kolkata,Store,62,11,2125.14,Loyal
CUST101451,27,Male,Kolkata,Mobile App,101,9,1632.34,At Risk
CUST101452,44,Female,Kolkata,Store,96,7,812.19,Potential Loyalists
CUST101453,22,Female,Chennai,Mobile App,356,5,189.56,Lost
CUST101454,42,Male,Mumbai,Online,295,3,1284.38,Lost
CUST101455,32,Female,Pune,Store,13,18,4021.63,Loyal
CUST101456,24,Male,Hyderabad,Online,25,19,8558.09,Champions
CUST101457,36,Female,Delhi,Store,33,9,924.55,Loyal
CUST101458,38,Female,Mumbai,Online,107,5,1756.7,Potential Loyalists
CUST101459,33,Female,Hyderabad,Store,362,3,2467.69,Lost
CUST101460,28,Male,Pune,Mobile App,54,10,3424.24,Loyal
CUST101461,33,Female,Chennai,Store,212,6,740.94,At Risk
CUST101462,39,Female,Chennai,Mobile App,107,10,1769.31,Potential Loyalists
CUST101463,30,Female,Mumbai,Online,48,13,2272.75,Loyal
CUST101464,33,Female,Noida,Store,42,11,5418.79,Loyal
CUST101465,24,Male,Kolkata,Online,194,6,1009.61,At Risk
CUST101466,34,Female,Pune,Online,185,6,4848.21,At Risk
CUST101467,22,Female,Pune,Mobile App,41,4,1016.14,Potential Loyalists
CUST101468,41,Female,Delhi,Online,60,11,2634.54,Loyal
CUST101469,18,Male,Pune,Store,160,9,1550.17,At Risk
CUST101470,34,Male,Hyderabad,Online,60,12,3418.26,Loyal
CUST101471,30,Female,Hyderabad,Online,210,2,667.43,Lost
CUST101472,39,Female,Mumbai,Store,72,17,3739.74,Loyal
CUST101473,25,Female,Kolkata,Store,26,15,5534.33,Champions
CUST101474,30,Male,Hyderabad,Store,119,7,966.09,Potential Loyalists
CUST101475,22,Male,Bengaluru,Mobile App,80,9,2073.95,Potential Loyalists
CUST101476,31,Male,Chennai,Online,30,6,1724.07,Potential Loyalists
CUST101477,29,Male,Mumbai,Online,42,7,2010.83,Potential Loyalists
CUST101478,44,Male,Chennai,Online,301,4,244.83,Lost
CUST101479,35,Female,Noida,Mobile App,112,7,708.18,Potential Loyalists
CUST101480,30,Female,Bengaluru,Store,27,2,1699.79,Potential Loyalists
CUST101481,19,Male,Kolkata,Store,50,9,1307.52,Potential Loyalists
CUST101482,18,Female,Noida,Store,25,23,8352.06,Champions
CUST101483,50,Female,Noida,Store,43,6,1624.93,Potential Loyalists
CUST101484,53,Female,Mumbai,Online,12,8,2440.92,Loyal
CUST101485,43,Male,Pune,Online,191,7,3409.83,At Risk
CUST101486,22,Male,Chennai,Mobile App,27,21,10413.47,Champions
CUST101487,41,Male,Hyderabad,Store,251,6,539.44,Lost
CUST101488,37,Male,Chennai,Store,38,7,945.2,Potential Loyalists
CUST101489,22,Female,Hyderabad,Mobile App,342,4,910.11,Lost
CUST101490,29,Female,Chennai,Mobile App,74,11,984.74,Potential Loyalists
CUST101491,52,Female,Bengaluru,Store,22,28,4486.99,Champions
CUST101492,31,Male,Kolkata,Mobile App,241,5,1590.69,Lost
CUST101493,22,Male,Hyderabad,Store,96,7,1286.4,At Risk
CUST101494,50,Female,Pune,Online,146,7,695.89,At Risk
CUST101495,19,Female,Hyderabad,Online,30,8,2093.02,Potential Loyalists
CUST101496,26,Male,Mumbai,Store,125,7,1824.5,At Risk
CUST101497,36,Male,Pune,Store,335,1,695.85,Lost
CUST101498,41,Female,Bengaluru,Store,205,4,1986.35,At Risk
CUST101499,45,Female,Hyderabad,Store,43,19,3806.22,Loyal
CUST101500,34,Female,Hyderabad,Mobile App,135,4,1606.79,At Risk
CUST101501,36,Female,Mumbai,Store,167,4,1730.72,At Risk
CUST101502,18,Male,Noida,Store,180,1,1430.14,Lost
CUST101503,54,Male,Kolkata,Mobile App,43,7,5118.22,Loyal
CUST101504,38,Female,Bengaluru,Online,48,6,1130.01,Potential Loyalists
CUST101505,43,Male,Chennai,Store,161,7,1780.96,At Risk
CUST101506,26,Female,Bengaluru,Mobile App,79,8,2197.51,Potential Loyalists
CUST101507,18,Female,Delhi,Mobile App,180,9,1974.29,At Risk
CUST101508,48,Female,Kolkata,Mobile App,90,6,3242.59,Potential Loyalists
CUST101509,38,Male,Mumbai,Store,23,13,7379.58,Loyal
CUST101510,47,Male,Pune,Mobile App,216,5,1953.67,At Risk
CUST101511,38,Male,Chennai,Mobile App,19,22,4968.37,Champions
CUST101512,42,Male,Pune,Online,17,11,2041.48,Loyal
CUST101513,41,Female,Chennai,Online,95,7,2456.51,At Risk
CUST101514,46,Male,Chennai,Store,90,7,1975.53,At Risk
CUST101515,41,Female,Chennai,Store,202,1,696.67,Lost
CUST101516,28,Male,Delhi,Online,25,14,4374.82,Loyal
CUST101517,32,Female,Hyderabad,Online,24,25,5498.85,Champions
CUST101518,29,Female,Bengaluru,Mobile App,212,5,674.52,Lost
CUST101519,34,Female,Mumbai,Mobile App,5,21,4887.36,Champions
CUST101520,19,Male,Noida,Store,34,11,3962.84,Loyal
CUST101521,31,Male,Pune,Online,48,20,4471.02,Loyal
CUST101522,36,Female,Bengaluru,Online,95,6,1297.29,Potential Loyalists
CUST101523,29,Male,Chennai,Mobile App,244,6,939.06,Lost
CUST101524,55,Male,Kolkata,Mobile App,197,6,3816.09,At Risk
CUST101525,46,Male,Kolkata,Mobile App,150,6,1732.17,At Risk
CUST101526,20,Male,Kolkata,Online,57,17,3829.93,Loyal
CUST101527,36,Female,Chennai,Store,38,14,5016.18,Loyal
CUST101528,26,Male,Noida,Store,74,6,1044.71,Potential Loyalists
CUST101529,32,Other,Bengaluru,Online,5,23,7564.29,Champions
CUST101530,45,Female,Delhi,Online,21,13,2879.92,Loyal
CUST101531,35,Male,Chennai,Online,30,8,5850.42,Loyal
CUST101532,27,Female,Kolkata,Mobile App,13,24,6007.03,Champions
CUST101533,42,Female,Chennai,Store,90,7,3291.81,Potential Loyalists
CUST101534,39,Male,Kolkata,Online,99,8,1086.67,At Risk
CUST101535,37,Male,Kolkata,Store,33,22,5885.22,Champions
CUST101536,25,Male,Pune,Store,31,6,2316.58,Potential Loyalists
CUST101537,51,Male,Pune,Online,115,9,1802.77,At Risk
CUST101538,37,Female,Chennai,Online,230,6,1301.78,At Risk
CUST101539,30,Male,Pune,Mobile App,125,6,1035.62,At Risk
CUST101540,24,Male,Mumbai,Online,58,8,1589.71,Potential Loyalists
CUST101541,19,Female,Chennai,Online,356,3,1582.98,Lost
CUST101542,22,Female,Hyderabad,Online,69,13,4611.27,Loyal
CUST101543,36,Male,Noida,Online,40,13,1569.58,Loyal
CUST101544,33,Male,Hyderabad,Store,12,12,7145.7,Loyal
CUST101545,23,Female,Delhi,Store,73,3,3582.94,Potential Loyalists
CUST101546,20,Male,Pune,Mobile App,24,18,3030.78,Loyal
CUST101547,38,Male,Kolkata,Online,55,14,1516.66,Loyal
CUST101548,42,Other,Bengaluru,Online,159,7,1993.91,At Risk
CUST101549,46,Female,Kolkata,Online,58,12,2974.23,Loyal
CUST101550,19,Female,Mumbai,Online,59,12,2679.0,Loyal
CUST101551,25,Female,Chennai,Store,11,24,5621.99,Champions
CUST101552,31,Female,Noida,Online,62,11,1998.6,Potential Loyalists
CUST101553,41,Female,Delhi,Store,28,11,3154.33,Loyal
CUST101554,30,Female,Delhi,Store,70,12,3271.29,Loyal
CUST101555,21,Other,Delhi,Store,34,16,2590.34,Loyal
CUST101556,37,Female,Pune,Online,94,8,1450.43,At Risk
CUST101557,50,Female,Bengaluru,Store,191,5,824.23,Lost
CUST101558,20,Female,Chennai,Online,45,6,4092.63,Potential Loyalists
CUST101559,41,Female,Chennai,Store,211,8,2180.77,At Risk
CUST101560,32,Male,Bengaluru,Online,210,3,3146.44,Lost
CUST101561,28,Female,Mumbai,Online,230,4,607.42,Lost
CUST101562,26,Female,Kolkata,Online,78,7,2255.09,Potential Loyalists
CUST101563,37,Female,Hyderabad,Online,286,4,685.33,Lost
CUST101564,37,Male,Bengaluru,Online,285,3,788.55,Lost
CUST101565,23,Female,Bengaluru,Online,226,4,1917.08,At Risk
CUST101566,33,Male,Delhi,Store,23,8,2012.1,Potential Loyalists
CUST101567,38,Male,Bengaluru,Store,7,25,7689.41,Champions
CUST101568,34,Female,Pune,Online,13,23,7358.27,Champions
CUST101569,18,Female,Mumbai,Online,25,4,1687.0,Potential Loyalists
CUST101570,34,Male,Kolkata,Online,99,5,1340.88,Potential Loyalists
CUST101571,37,Female,Delhi,Mobile App,113,5,2896.0,Potential Loyalists
CUST101572,39,Male,Delhi,Online,99,8,2217.32,Potential Loyalists
CUST101573,52,Other,Bengaluru,Store,71,3,2212.02,Potential Loyalists
CUST101574,40,Female,Delhi,Store,271,6,540.03,Lost
CUST101575,38,Other,Noida,Store,7,19,7717.7,Champions
CUST101576,18,Female,Bengaluru,Online,51,12,2924.52,Loyal
CUST101577,35,Male,Pune,Mobile App,148,6,1418.52,At Risk
CUST101578,36,Male,Kolkata,Online,320,7,399.27,Lost
CUST101579,38,Female,Hyderabad,Online,275,1,396.43,Lost
CUST101580,18,Male,Kolkata,Store,266,6,1248.52,Lost
CUST101581,42,Female,Chennai,Online,338,4,1717.13,Lost
CUST101582,31,Male,Delhi,Online,54,11,1907.1,Loyal
CUST101583,20,Female,Chennai,Online,72,10,792.01,Potential Loyalists
CUST101584,40,Male,Mumbai,Online,72,17,1373.11,Loyal
CUST101585,32,Male,Kolkata,Mobile App,83,7,2487.94,Potential Loyalists
CUST101586,27,Male,Kolkata,Online,359,4,1115.25,Lost
CUST101587,33,Male,Bengaluru,Store,17,14,4184.66,Loyal
CUST101588,54,Male,Delhi,Online,37,8,3545.77,Potential Loyalists
CUST101589,33,Male,Bengaluru,Store,70,11,4671.12,Loyal
CUST101590,25,Female,Mumbai,Store,26,11,1414.09,Loyal
CUST101591,33,Female,Mumbai,Store,51,14,2888.96,Loyal
CUST101592,30,Male,Bengaluru,Store,7,22,7637.88,Champions
CUST101593,36,Male,Kolkata,Online,219,2,3594.72,Lost
CUST101594,24,Male,Kolkata,Online,96,5,2674.07,Potential Loyalists
CUST101595,41,Male,Mumbai,Mobile App,281,4,1002.78,Lost
CUST101596,34,Other,Noida,Mobile App,127,5,1503.05,At Risk
CUST101597,25,Female,Kolkata,Online,54,12,996.95,Loyal
CUST101598,42,Male,Mumbai,Store,65,11,3650.66,Loyal
CUST101599,18,Other,Hyderabad,Store,122,5,1586.91,At Risk
CUST101600,31,Female,Pune,Online,62,12,4982.96,Loyal
CUST101601,41,Male,Noida,Store,271,2,780.9,Lost
CUST101602,27,Female,Delhi,Store,18,32,6662.83,Champions
CUST101603,41,Female,Bengaluru,Store,195,6,2061.57,At Risk
CUST101604,30,Male,Kolkata,Online,215,8,2856.05,At Risk
CUST101605,40,Male,Pune,Store,58,11,2569.61,Loyal
CUST101606,31,Other,Pune,Store,47,12,5750.7,Loyal
CUST101607,23,Male,Bengaluru,Online,320,3,310.27,Lost
CUST101608,36,Female,Pune,Online,22,14,4583.19,Loyal
CUST101609,28,Male,Delhi,Online,72,8,1119.98,Potential Loyalists
CUST101610,38,Female,Delhi,Online,38,10,1450.26,Potential Loyalists
CUST101611,36,Female,Bengaluru,Online,19,13,2303.99,Loyal
CUST101612,36,Female,Kolkata,Online,142,7,2552.61,At Risk
CUST101613,36,Female,Noida,Online,200,9,1667.12,At Risk
CUST101614,35,Male,Kolkata,Online,19,8,1862.86,Loyal
CUST101615,33,Male,Hyderabad,Store,222,1,1925.09,Lost
CUST101616,67,Other,Hyderabad,Online,37,12,4450.5,Loyal
CUST101617,45,Male,Hyderabad,Mobile App,11,23,6223.09,Champions
CUST101618,34,Male,Mumbai,Store,28,5,3007.04,Potential Loyalists
CUST101619,36,Male,Kolkata,Mobile App,356,5,2988.24,Lost
CUST101620,28,Male,Chennai,Mobile App,17,20,9783.93,Champions
CUST101621,47,Female,Mumbai,Online,71,10,2131.87,Loyal
CUST101622,46,Male,Chennai,Store,42,13,2045.65,Potential Loyalists
CUST101623,39,Male,Hyderabad,Store,112,4,1283.8,At Risk
CUST101624,24,Female,Kolkata,Store,16,23,6771.04,Champions
CUST101625,18,Female,Bengaluru,Online,44,13,2116.05,Loyal
CUST101626,34,Female,Chennai,Mobile App,92,7,982.14,At Risk
CUST101627,35,Male,Mumbai,Store,41,22,3329.01,Loyal
CUST101628,37,Female,Hyderabad,Mobile App,28,15,3669.13,Loyal
CUST101629,30,Female,Delhi,Online,46,10,1985.85,Loyal
CUST101630,34,Male,Kolkata,Mobile App,100,6,1715.87,Potential Loyalists
CUST101631,33,Female,Mumbai,Store,115,5,1352.21,Potential Loyalists
CUST101632,41,Female,Pune,Online,240,3,805.27,Lost
CUST101633,44,Female,Noida,Online,189,9,1190.2,At Risk
CUST101634,50,Female,Bengaluru,Store,228,6,2506.85,At Risk
CUST101635,54,Female,Mumbai,Online,198,3,90.42,Lost
CUST101636,40,Male,Hyderabad,Online,35,6,3129.26,Potential Loyalists
CUST101637,18,Other,Kolkata,Store,78,7,3388.9,Potential Loyalists
CUST101638,35,Female,Noida,Mobile App,314,2,494.01,Lost
CUST101639,33,Female,Bengaluru,Online,27,10,2292.82,Loyal
CUST101640,23,Female,Kolkata,Store,144,6,1315.81,At Risk
CUST101641,35,Female,Hyderabad,Mobile App,193,11,2229.86,At Risk
CUST101642,44,Male,Delhi,Mobile App,31,26,9709.98,Champions
CUST101643,23,Male,Bengaluru,Mobile App,96,7,723.74,Potential Loyalists
CUST101644,33,Female,Pune,Mobile App,67,11,5158.59,Loyal
CUST101645,26,Male,Delhi,Store,71,10,3838.81,Loyal
CUST101646,19,Male,Kolkata,Online,27,5,517.81,Potential Loyalists
CUST101647,38,Other,Noida,Online,41,9,850.55,Loyal
CUST101648,36,Female,Pune,Online,102,5,1560.98,At Risk
CUST101649,18,Male,Pune,Mobile App,242,3,2040.2,Lost
CUST101650,44,Male,Mumbai,Store,116,12,1000.27,At Risk
CUST101651,27,Female,Delhi,Mobile App,21,14,6483.46,Loyal
CUST101652,25,Female,Bengaluru,Online,47,12,2809.02,Loyal
CUST101653,45,Male,Delhi,Store,57,14,2624.03,Loyal
CUST101654,38,Female,Bengaluru,Online,21,26,9146.9,Champions
CUST101655,36,Female,Chennai,Online,290,3,716.9,Lost
CUST101656,31,Female,Chennai,Mobile App,99,8,1808.64,Potential Loyalists
CUST101657,38,Male,Mumbai,Store,67,13,3560.8,Loyal
CUST101658,45,Female,Delhi,Online,236,1,655.07,Lost
CUST101659,33,Female,Bengaluru,Online,43,12,1669.07,Loyal
CUST101660,18,Female,Delhi,Store,33,30,8818.85,Champions
CUST101661,19,Male,Pune,Online,19,7,1832.31,Loyal
CUST101662,41,Female,Kolkata,Store,181,9,1352.21,At Risk
CUST101663,37,Female,Chennai,Mobile App,175,7,1802.26,At Risk
CUST101664,35,Male,Mumbai,Online,66,15,1568.49,Loyal
CUST101665,27,Female,Delhi,Store,324,3,1000.57,Lost
CUST101666,41,Female,Mumbai,Online,335,4,1244.3,Lost
CUST101667,27,Female,Chennai,Store,235,1,355.73,Lost
CUST101668,55,Male,Bengaluru,Mobile App,50,13,4422.98,Loyal
CUST101669,49,Male,Delhi,Mobile App,29,18,5559.53,Champions
CUST101670,20,Female,Bengaluru,Online,267,5,914.31,Lost
CUST101671,31,Male,Delhi,Online,36,12,1776.75,Loyal
CUST101672,44,Female,Pune,Mobile App,75,7,2922.83,Potential Loyalists
CUST101673,49,Female,Kolkata,Mobile App,185,7,1625.98,At Risk
CUST101674,22,Male,Hyderabad,Online,8,21,6256.71,Champions
CUST101675,37,Male,Chennai,Online,160,11,4560.48,At Risk
CUST101676,37,Male,Kolkata,Store,292,4,293.7,Lost
CUST101677,24,Female,Noida,Store,129,13,1215.64,At Risk
CUST101678,18,Male,Bengaluru,Online,105,5,1561.93,Potential Loyalists
CUST101679,36,Male,Kolkata,Store,300,4,1039.98,Lost
CUST101680,38,Male,Bengaluru,Online,74,6,3588.06,Potential Loyalists
CUST101681,40,Female,Hyderabad,Store,100,4,917.58,At Risk
CUST101682,42,Female,Mumbai,Mobile App,182,1,770.13,Lost
CUST101683,50,Male,Bengaluru,Online,170,5,637.31,At Risk
CUST101684,24,Female,Kolkata,Online,43,11,2326.99,Loyal
CUST101685,56,Female,Hyderabad,Online,32,21,10401.79,Champions
CUST101686,38,Male,Hyderabad,Mobile App,23,15,2752.16,Loyal
CUST101687,39,Male,Noida,Online,89,8,1977.7,Potential Loyalists
CUST101688,24,Female,Chennai,Mobile App,28,13,5130.38,Potential Loyalists
CUST101689,29,Female,Pune,Online,29,5,3553.64,Potential Loyalists
CUST101690,24,Male,Pune,Store,59,11,5325.8,Loyal
CUST101691,30,Female,Mumbai,Online,102,10,2125.44,At Risk
CUST101692,29,Male,Delhi,Store,249,4,2778.54,Lost
CUST101693,40,Female,Chennai,Online,14,16,1158.66,Loyal
CUST101694,18,Male,Hyderabad,Store,223,7,4798.83,At Risk
CUST101695,52,Male,Chennai,Online,127,11,1481.13,At Risk
CUST101696,18,Female,Bengaluru,Store,57,7,3870.69,Potential Loyalists
CUST101697,32,Female,Chennai,Mobile App,21,17,1679.58,Loyal
CUST101698,32,Male,Kolkata,Store,214,15,2360.69,At Risk
CUST101699,46,Female,Delhi,Store,222,2,438.11,Lost
CUST101700,18,Female,Delhi,Store,125,5,3013.32,At Risk
CUST101701,26,Male,Kolkata,Store,319,2,1345.77,Lost
CUST101702,32,Male,Delhi,Store,278,3,373.43,Lost
CUST101703,38,Male,Noida,Store,57,7,4383.62,Loyal
CUST101704,35,Male,Bengaluru,Online,159,6,1788.34,At Risk
CUST101705,18,Other,Delhi,Store,70,4,1208.41,Potential Loyalists
CUST101706,29,Female,Bengaluru,Store,362,1,1142.71,Lost
CUST101707,48,Female,Noida,Store,24,28,6007.17,Champions
CUST101708,36,Male,Kolkata,Online,56,8,1836.56,Potential Loyalists
CUST101709,24,Male,Kolkata,Online,204,3,445.62,Lost
CUST101710,22,Male,Mumbai,Mobile App,10,10,4196.45,Loyal
CUST101711,47,Male,Mumbai,Store,199,6,2552.12,At Risk
CUST101712,37,Male,Hyderabad,Online,59,11,1720.69,Loyal
CUST101713,34,Female,Bengaluru,Online,342,3,578.44,Lost
CUST101714,22,Male,Chennai,Mobile App,283,4,2400.98,Lost
CUST101715,26,Male,Noida,Mobile App,59,12,3185.31,Loyal
CUST101716,18,Female,Kolkata,Online,227,15,4726.19,At Risk
CUST101717,21,Female,Mumbai,Online,29,9,1693.08,Loyal
CUST101718,33,Male,Chennai,Store,34,6,1329.32,Potential Loyalists
CUST101719,34,Male,Pune,Online,180,9,1133.81,At Risk
CUST101720,39,Female,Kolkata,Store,240,2,507.62,Lost
CUST101721,23,Male,Chennai,Mobile App,5,28,9191.99,Champions
CUST101722,42,Other,Hyderabad,Online,46,12,2796.35,Loyal
CUST101723,43,Male,Hyderabad,Mobile App,208,11,1550.1,At Risk
CUST101724,45,Female,Delhi,Online,47,8,885.16,Potential Loyalists
CUST101725,52,Female,Bengaluru,Online,64,7,1568.51,Potential Loyalists
CUST101726,18,Male,Mumbai,Store,7,16,4910.09,Champions
CUST101727,21,Female,Delhi,Online,63,12,2483.14,Loyal
CUST101728,38,Male,Kolkata,Store,251,1,1718.18,Lost
CUST101729,41,Male,Hyderabad,Mobile App,29,20,7045.01,Champions
CUST101730,49,Female,Chennai,Store,68,14,3841.06,Loyal
CUST101731,46,Male,Delhi,Mobile App,323,6,613.34,Lost
CUST101732,39,Male,Bengaluru,Store,29,23,5198.68,Champions
CUST101733,27,Female,Delhi,Store,165,8,1352.15,At Risk
CUST101734,25,Female,Mumbai,Online,32,14,3307.39,Loyal
CUST101735,50,Male,Chennai,Mobile App,308,4,366.07,Lost
CUST101736,32,Female,Bengaluru,Store,138,7,1542.75,At Risk
CUST101737,27,Male,Hyderabad,Online,208,5,1791.39,Lost
CUST101738,22,Female,Noida,Mobile App,22,12,1415.75,Loyal
CUST101739,25,Female,Bengaluru,Store,33,10,731.68,Potential Loyalists
CUST101740,30,Male,Mumbai,Mobile App,210,9,1609.07,At Risk
CUST101741,33,Male,Pune,Online,16,11,3402.07,Loyal
CUST101742,38,Male,Noida,Online,66,14,4376.62,Loyal
CUST101743,37,Male,Noida,Store,26,26,7845.82,Champions
CUST101744,34,Male,Delhi,Store,246,4,342.83,Lost
CUST101745,34,Female,Noida,Mobile App,137,6,787.72,At Risk
CUST101746,36,Female,Kolkata,Online,228,12,2670.49,At Risk
CUST101747,42,Female,Delhi,Online,116,7,2125.44,At Risk
CUST101748,31,Male,Kolkata,Online,110,10,1308.58,Potential Loyalists
CUST101749,42,Male,Delhi,Store,119,6,3328.68,Potential Loyalists
CUST101750,38,Female,Delhi,Store,37,6,2116.24,Potential Loyalists
CUST101751,31,Female,Delhi,Online,200,8,1922.48,At Risk
CUST101752,37,Female,Hyderabad,Store,32,13,6105.57,Loyal
CUST101753,19,Male,Bengaluru,Store,234,2,673.1,Lost
CUST101754,23,Male,Mumbai,Mobile App,238,6,1587.1,At Risk
CUST101755,21,Male,Kolkata,Mobile App,32,9,7819.07,Loyal
CUST101756,37,Male,Mumbai,Store,49,8,2991.55,Potential Loyalists
CUST101757,40,Male,Noida,Online,26,22,4987.09,Champions
CUST101758,39,Male,Mumbai,Mobile App,340,5,1537.28,Lost
CUST101759,30,Male,Delhi,Online,186,1,1695.77,Lost
CUST101760,33,Female,Chennai,Store,217,3,635.4,Lost
CUST101761,29,Female,Noida,Mobile App,27,8,3170.22,Loyal
CUST101762,18,Male,Kolkata,Online,18,18,3267.02,Loyal
CUST101763,18,Female,Noida,Online,35,16,5459.66,Loyal
CUST101764,37,Male,Hyderabad,Store,26,26,5835.44,Champions
CUST101765,40,Male,Hyderabad,Mobile App,16,16,4279.72,Champions
CUST101766,47,Male,Delhi,Online,15,28,6272.36,Champions
CUST101767,40,Male,Mumbai,Store,309,3,467.9,Lost
CUST101768,49,Male,Bengaluru,Online,10,21,9500.67,Champions
CUST101769,20,Male,Pune,Store,32,27,4299.88,Champions
CUST101770,34,Male,Chennai,Mobile App,300,3,2069.61,Lost
CUST101771,25,Male,Pune,Store,46,10,855.68,Potential Loyalists
CUST101772,46,Female,Mumbai,Store,158,7,1963.2,At Risk
CUST101773,28,Female,Hyderabad,Store,114,5,2078.09,At Risk
CUST101774,32,Female,Chennai,Store,351,3,1661.56,Lost
CUST101775,30,Male,Kolkata,Online,169,6,2576.54,At Risk
CUST101776,26,Female,Hyderabad,Store,112,13,2741.22,Potential Loyalists
CUST101777,44,Male,Noida,Mobile App,159,5,3454.75,At Risk
CUST101778,46,Male,Bengaluru,Store,25,9,3558.59,Potential Loyalists
CUST101779,22,Male,Mumbai,Store,41,10,3215.06,Loyal
CUST101780,32,Female,Bengaluru,Store,87,18,1368.37,Potential Loyalists
CUST101781,52,Female,Kolkata,Store,17,17,3384.55,Loyal
CUST101782,43,Female,Bengaluru,Online,97,10,2655.37,At Risk
CUST101783,42,Male,Kolkata,Store,62,14,2103.42,Loyal
CUST101784,39,Female,Kolkata,Mobile App,27,23,7622.3,Champions
CUST101785,28,Female,Pune,Mobile App,36,9,2215.35,Loyal
CUST101786,58,Male,Noida,Store,352,4,56.04,Lost
CUST101787,29,Female,Mumbai,Online,26,17,2684.24,Loyal
CUST101788,21,Female,Kolkata,Store,223,9,850.73,At Risk
CUST101789,37,Male,Kolkata,Store,351,1,976.77,Lost
CUST101790,34,Female,Kolkata,Mobile App,34,21,5444.51,Champions
CUST101791,42,Female,Pune,Store,106,9,3417.47,At Risk
CUST101792,51,Male,Noida,Online,66,15,2566.25,Loyal
CUST101793,50,Male,Bengaluru,Online,14,11,2291.57,Loyal
CUST101794,22,Female,Mumbai,Store,207,8,1893.25,At Risk
CUST101795,19,Female,Bengaluru,Store,240,6,1234.65,Lost
CUST101796,18,Female,Bengaluru,Mobile App,43,12,1712.98,Loyal
CUST101797,40,Female,Mumbai,Online,27,4,679.38,Potential Loyalists
CUST101798,36,Male,Noida,Online,67,16,2933.88,Loyal
CUST101799,22,Male,Noida,Online,71,10,2208.07,Potential Loyalists
CUST101800,36,Female,Kolkata,Mobile App,101,9,1957.91,At Risk
CUST101801,33,Female,Bengaluru,Mobile App,21,9,2986.85,Potential Loyalists
CUST101802,46,Other,Noida,Store,125,6,1481.41,At Risk
CUST101803,43,Male,Hyderabad,Store,27,26,8566.57,Champions
CUST101804,25,Male,Kolkata,Online,114,2,2243.02,At Risk
CUST101805,25,Female,Mumbai,Store,133,10,507.01,At Risk
CUST101806,24,Female,Noida,Online,175,5,2643.54,At Risk
CUST101807,29,Female,Delhi,Online,3,18,7747.6,Champions
CUST101808,51,Female,Mumbai,Online,25,9,1091.41,Potential Loyalists
CUST101809,37,Male,Pune,Online,66,6,2286.09,Potential Loyalists
CUST101810,27,Male,Hyderabad,Online,24,22,14601.85,Champions
CUST101811,38,Female,Hyderabad,Online,22,12,872.64,Loyal
CUST101812,40,Male,Bengaluru,Store,56,4,894.13,Potential Loyalists
CUST101813,37,Female,Delhi,Online,96,6,7679.29,At Risk
CUST101814,45,Male,Pune,Mobile App,68,12,2027.33,Loyal
CUST101815,30,Male,Hyderabad,Online,255,2,620.4,Lost
CUST101816,18,Male,Noida,Online,34,5,3421.42,Potential Loyalists
CUST101817,37,Female,Mumbai,Store,186,14,3019.76,At Risk
CUST101818,32,Male,Kolkata,Mobile App,81,4,898.59,Potential Loyalists
CUST101819,38,Female,Kolkata,Store,81,7,1868.02,Potential Loyalists
CUST101820,29,Female,Delhi,Online,58,7,3224.55,Potential Loyalists
CUST101821,29,Female,Kolkata,Online,309,4,1528.79,Lost
CUST101822,37,Male,Noida,Mobile App,57,7,3794.02,Potential Loyalists
CUST101823,38,Male,Chennai,Store,26,5,1278.08,Potential Loyalists
CUST101824,35,Male,Mumbai,Mobile App,103,8,2994.84,Potential Loyalists
CUST101825,26,Female,Bengaluru,Mobile App,203,13,2823.16,At Risk
CUST101826,34,Female,Noida,Store,10,25,8151.4,Champions
CUST101827,44,Male,Delhi,Store,26,6,2496.19,Potential Loyalists
CUST101828,43,Male,Hyderabad,Online,114,8,1350.77,Potential Loyalists
CUST101829,42,Female,Mumbai,Store,363,1,759.71,Lost
CUST101830,51,Male,Delhi,Mobile App,37,16,3151.44,Potential Loyalists
CUST101831,21,Male,Pune,Online,34,7,1761.09,Potential Loyalists
CUST101832,25,Male,Chennai,Mobile App,186,3,1681.33,Lost
CUST101833,27,Female,Kolkata,Mobile App,61,4,1649.98,Potential Loyalists
CUST101834,20,Male,Hyderabad,Online,71,20,3808.43,Loyal
CUST101835,46,Female,Chennai,Store,48,11,1958.14,Loyal
CUST101836,39,Female,Bengaluru,Store,19,18,7964.88,Champions
CUST101837,26,Female,Mumbai,Store,16,28,3801.41,Champions
CUST101838,57,Female,Bengaluru,Online,59,9,1947.39,Potential Loyalists
CUST101839,35,Male,Bengaluru,Mobile App,134,8,1672.58,At Risk
CUST101840,18,Female,Kolkata,Online,200,12,475.4,At Risk
CUST101841,32,Male,Hyderabad,Online,19,16,8134.47,Champions
CUST101842,41,Female,Kolkata,Online,54,7,1950.49,Potential Loyalists
CUST101843,26,Female,Hyderabad,Store,4,25,6334.59,Champions
CUST101844,22,Female,Mumbai,Store,227,3,1424.43,Lost
CUST101845,18,Female,Bengaluru,Online,19,12,2236.25,Loyal
CUST101846,29,Male,Chennai,Online,94,7,2361.33,At Risk
CUST101847,53,Male,Mumbai,Online,37,11,1940.0,Loyal
CUST101848,25,Other,Mumbai,Store,97,6,1092.6,At Risk
CUST101849,20,Female,Mumbai,Online,95,10,6081.09,Potential Loyalists
CUST101850,27,Male,Delhi,Store,236,7,1339.2,At Risk
CUST101851,33,Female,Chennai,Online,74,11,2668.06,Loyal
CUST101852,20,Female,Pune,Store,222,2,2040.56,Lost
CUST101853,40,Female,Hyderabad,Online,36,5,2786.65,Potential Loyalists
CUST101854,30,Female,Noida,Online,117,14,5715.74,At Risk
CUST101855,19,Male,Pune,Store,238,5,774.49,Lost
CUST101856,22,Female,Noida,Store,283,8,1071.52,Lost
CUST101857,18,Male,Kolkata,Online,69,17,5366.0,Loyal
CUST101858,30,Male,Pune,Mobile App,23,18,7981.0,Loyal
CUST101859,41,Female,Pune,Online,73,12,1734.54,Loyal
CUST101860,36,Female,Hyderabad,Mobile App,16,14,3568.21,Loyal
CUST101861,44,Male,Hyderabad,Store,20,8,1602.57,Potential Loyalists
CUST101862,40,Female,Noida,Online,335,1,906.31,Lost
CUST101863,30,Female,Kolkata,Mobile App,357,3,613.03,Lost
CUST101864,24,Male,Pune,Online,28,5,2950.93,Potential Loyalists
CUST101865,34,Male,Chennai,Online,219,5,2540.89,At Risk
CUST101866,36,Female,Bengaluru,Store,357,3,917.89,Lost
CUST101867,56,Female,Mumbai,Store,308,4,1702.92,Lost
CUST101868,36,Female,Hyderabad,Online,64,16,3687.5,Loyal
CUST101869,56,Female,Noida,Store,23,5,1230.82,Potential Loyalists
CUST101870,31,Male,Delhi,Online,187,3,369.51,Lost
CUST101871,25,Male,Chennai,Online,16,12,1812.57,Loyal
CUST101872,36,Female,Pune,Online,91,6,1518.63,Potential Loyalists
CUST101873,27,Male,Pune,Online,192,4,455.22,Lost
CUST101874,47,Male,Pune,Store,357,4,122.55,Lost
CUST101875,46,Female,Mumbai,Store,185,3,1452.87,Lost
CUST101876,20,Male,Mumbai,Online,198,12,3403.25,At Risk
CUST101877,44,Female,Delhi,Online,67,10,2042.69,Loyal
CUST101878,29,Male,Chennai,Online,73,13,998.99,Loyal
CUST101879,29,Male,Pune,Store,56,13,1933.3,Potential Loyalists
CUST101880,27,Male,Hyderabad,Store,55,9,2618.78,Potential Loyalists
CUST101881,34,Male,Hyderabad,Mobile App,80,9,1437.34,Potential Loyalists
CUST101882,36,Female,Bengaluru,Mobile App,175,11,1286.6,At Risk
CUST101883,36,Female,Kolkata,Online,74,8,4676.61,Potential Loyalists
CUST101884,32,Female,Kolkata,Online,90,7,1684.84,At Risk
CUST101885,39,Female,Hyderabad,Mobile App,74,17,3457.66,Loyal
CUST101886,48,Female,Bengaluru,Mobile App,72,11,1495.05,Loyal
CUST101887,48,Male,Kolkata,Store,18,17,6129.54,Champions
CUST101888,19,Female,Pune,Mobile App,26,7,6553.45,Loyal
CUST101889,31,Female,Mumbai,Online,326,3,278.57,Lost
CUST101890,34,Male,Pune,Mobile App,90,7,3125.36,Potential Loyalists
CUST101891,28,Male,Pune,Store,69,17,920.55,Loyal
CUST101892,32,Female,Hyderabad,Store,191,10,2868.11,At Risk
CUST101893,40,Male,Chennai,Mobile App,24,7,1305.44,Potential Loyalists
CUST101894,30,Female,Noida,Mobile App,17,24,5053.41,Champions
CUST101895,42,Female,Delhi,Online,43,12,2116.08,Loyal
CUST101896,23,Male,Noida,Online,20,13,2050.77,Loyal
CUST101897,34,Female,Chennai,Store,173,6,1206.08,At Risk
CUST101898,32,Male,Pune,Online,72,13,3509.22,Loyal
CUST101899,18,Male,Pune,Online,21,23,4834.5,Champions
CUST101900,60,Female,Kolkata,Store,2,23,5931.77,Champions
CUST101901,48,Male,Mumbai,Mobile App,87,6,1177.85,Potential Loyalists
CUST101902,18,Male,Mumbai,Store,16,20,5424.38,Champions
CUST101903,18,Male,Hyderabad,Online,317,4,767.36,Lost
CUST101904,21,Male,Mumbai,Online,18,29,4464.02,Champions
CUST101905,23,Female,Bengaluru,Store,77,6,2947.46,Potential Loyalists
CUST101906,31,Female,Noida,Mobile App,32,11,1643.92,Potential Loyalists
CUST101907,33,Male,Chennai,Store,40,4,1726.96,Potential Loyalists
CUST101908,30,Female,Noida,Online,15,28,5330.43,Champions
CUST101909,34,Male,Chennai,Online,139,7,1764.18,At Risk
CUST101910,28,Female,Mumbai,Online,188,3,880.28,Lost
CUST101911,37,Male,Noida,Store,24,17,3103.88,Champions
CUST101912,39,Male,Kolkata,Online,72,13,3985.08,Loyal
CUST101913,29,Female,Pune,Online,310,2,1533.55,Lost
CUST101914,51,Female,Noida,Mobile App,98,10,1586.9,Potential Loyalists
CUST101915,32,Male,Mumbai,Online,6,25,7555.32,Champions
CUST101916,21,Female,Hyderabad,Online,49,18,2768.69,Loyal
CUST101917,48,Female,Hyderabad,Online,219,4,2520.19,At Risk
CUST101918,30,Female,Mumbai,Online,120,7,2386.17,At Risk
CUST101919,32,Female,Pune,Online,54,8,1711.11,Potential Loyalists
CUST101920,31,Female,Delhi,Online,195,1,742.83,Lost
CUST101921,40,Male,Pune,Online,99,7,3159.51,Potential Loyalists
CUST101922,31,Male,Noida,Online,71,11,6454.64,Loyal
CUST101923,50,Male,Chennai,Store,117,7,1266.36,Potential Loyalists
CUST101924,29,Female,Kolkata,Online,28,16,2573.81,Loyal
CUST101925,22,Female,Noida,Online,65,13,2969.74,Loyal
CUST101926,26,Female,Pune,Online,21,17,4908.33,Champions
CUST101927,18,Male,Noida,Mobile App,46,14,2280.36,Loyal
CUST101928,28,Male,Noida,Mobile App,156,5,1201.22,At Risk
CUST101929,47,Female,Bengaluru,Online,23,20,4205.93,Champions
CUST101930,26,Female,Delhi,Store,116,6,1669.25,Potential Loyalists
CUST101931,38,Female,Kolkata,Store,168,7,2797.96,At Risk
CUST101932,19,Male,Noida,Mobile App,22,3,2176.28,Potential Loyalists
CUST101933,36,Male,Pune,Store,231,7,1096.97,At Risk
CUST101934,22,Male,Kolkata,Store,137,8,1490.83,At Risk
CUST101935,49,Male,Delhi,Store,199,10,1473.27,At Risk
CUST101936,19,Male,Chennai,Online,28,25,7662.67,Champions
CUST101937,36,Female,Bengaluru,Store,80,8,3125.6,Potential Loyalists
CUST101938,27,Female,Bengaluru,Online,116,6,3464.0,Potential Loyalists
CUST101939,24,Male,Chennai,Store,57,16,5633.6,Loyal
CUST101940,29,Female,Noida,Online,11,22,11768.95,Champions
CUST101941,38,Male,Chennai,Store,20,17,2557.06,Loyal
CUST101942,37,Male,Pune,Store,39,7,1317.34,Potential Loyalists
CUST101943,62,Female,Mumbai,Online,38,8,708.81,Potential Loyalists
CUST101944,21,Male,Noida,Online,30,10,2701.49,Loyal
CUST101945,37,Male,Kolkata,Store,207,3,1991.51,Lost
CUST101946,39,Male,Bengaluru,Mobile App,360,3,437.84,Lost
CUST101947,35,Female,Bengaluru,Mobile App,51,14,4125.24,Loyal
CUST101948,25,Female,Bengaluru,Store,257,1,659.69,Lost
CUST101949,18,Female,Delhi,Online,11,24,6164.49,Champions
CUST101950,35,Male,Mumbai,Store,328,3,1993.4,Lost
CUST101951,18,Male,Chennai,Mobile App,308,6,1118.63,Lost
CUST101952,47,Female,Pune,Store,34,20,6024.42,Champions
CUST101953,28,Female,Hyderabad,Store,105,6,3301.04,At Risk
CUST101954,20,Male,Kolkata,Online,277,4,817.53,Lost
CUST101955,40,Female,Chennai,Online,359,5,976.31,Lost
CUST101956,33,Female,Noida,Online,291,1,1663.3,Lost
CUST101957,22,Male,Bengaluru,Store,30,9,2074.27,Potential Loyalists
CUST101958,59,Female,Pune,Online,32,28,6255.66,Champions
CUST101959,46,Male,Hyderabad,Online,339,3,744.0,Lost
CUST101960,50,Male,Pune,Online,102,8,1226.85,Potential Loyalists
CUST101961,28,Male,Kolkata,Mobile App,99,6,1346.58,Potential Loyalists
CUST101962,50,Female,Chennai,Online,53,9,1865.66,Potential Loyalists
CUST101963,26,Male,Noida,Online,101,6,1140.88,Potential Loyalists
CUST101964,20,Male,Kolkata,Store,20,23,5029.57,Champions
CUST101965,42,Female,Chennai,Store,220,7,2426.57,At Risk
CUST101966,23,Female,Noida,Online,28,23,9149.61,Champions
CUST101967,33,Male,Delhi,Mobile App,114,6,441.45,At Risk
CUST101968,31,Male,Mumbai,Mobile App,308,3,1021.52,Lost
CUST101969,36,Male,Mumbai,Store,94,7,2353.96,Potential Loyalists
CUST101970,25,Female,Hyderabad,Mobile App,48,5,1100.53,Potential Loyalists
CUST101971,22,Female,Delhi,Online,55,12,4409.94,Loyal
CUST101972,33,Female,Delhi,Store,274,4,310.29,Lost
CUST101973,29,Male,Chennai,Store,187,10,3231.66,At Risk
CUST101974,52,Male,Bengaluru,Store,26,11,2840.59,Loyal
CUST101975,44,Male,Bengaluru,Mobile App,53,8,2611.46,Loyal
CUST101976,34,Male,Mumbai,Online,14,12,2606.0,Loyal
CUST101977,39,Female,Mumbai,Store,109,4,1255.59,Potential Loyalists
CUST101978,25,Other,Noida,Online,220,6,2883.57,Lost
CUST101979,36,Other,Kolkata,Store,130,5,4174.72,At Risk
CUST101980,42,Male,Pune,Online,64,12,2486.83,Loyal
CUST101981,29,Female,Hyderabad,Mobile App,210,4,675.83,Lost
CUST101982,21,Female,Noida,Mobile App,15,11,3230.92,Loyal
CUST101983,52,Male,Bengaluru,Store,295,4,1212.09,Lost
CUST101984,32,Female,Chennai,Store,42,10,2253.08,Loyal
CUST101985,36,Male,Hyderabad,Online,75,7,2303.64,Potential Loyalists
CUST101986,32,Male,Mumbai,Online,336,1,252.44,Lost
CUST101987,40,Female,Hyderabad,Mobile App,65,11,3156.45,Loyal
CUST101988,18,Male,Delhi,Online,162,6,1672.23,At Risk
CUST101989,35,Male,Hyderabad,Mobile App,290,5,2657.61,Lost
CUST101990,18,Female,Delhi,Store,30,23,6282.91,Champions
CUST101991,39,Female,Mumbai,Online,14,21,4430.07,Champions
CUST101992,33,Female,Kolkata,Store,122,4,1136.15,At Risk
CUST101993,38,Female,Pune,Online,25,10,3396.1,Loyal
CUST101994,35,Other,Pune,Mobile App,20,27,6397.77,Champions
CUST101995,38,Female,Pune,Online,62,8,1397.54,Potential Loyalists
CUST101996,32,Male,Kolkata,Mobile App,117,8,4342.79,At Risk
CUST101997,37,Male,Pune,Online,16,15,5498.7,Loyal
CUST101998,30,Male,Delhi,Store,57,12,4787.64,Loyal
CUST101999,37,Male,Kolkata,Mobile App,251,6,470.2,Lost
CUST102000,49,Female,Kolkata,Online,71,5,2213.65,Potential Loyalists
CUST102001,32,Male,Noida,Online,336,2,1133.86,Lost
CUST102002,61,Male,Hyderabad,Mobile App,31,10,2233.36,Potential Loyalists
CUST102003,37,Female,Kolkata,Online,180,1,809.39,Lost
CUST102004,31,Female,Noida,Store,211,8,1757.59,At Risk
CUST102005,33,Male,Hyderabad,Online,5,26,5035.21,Champions
CUST102006,38,Female,Noida,Online,299,4,1026.86,Lost
CUST102007,30,Male,Noida,Mobile App,113,6,1991.1,Potential Loyalists
CUST102008,20,Female,Kolkata,Mobile App,19,25,9453.67,Champions
CUST102009,32,Male,Noida,Online,4,24,8859.59,Champions
CUST102010,46,Male,Pune,Online,99,6,2655.42,At Risk
CUST102011,18,Female,Bengaluru,Mobile App,16,24,4714.87,Champions
CUST102012,32,Female,Hyderabad,Online,29,17,4606.16,Loyal
CUST102013,18,Female,Kolkata,Online,24,18,4859.41,Champions
CUST102014,40,Male,Pune,Mobile App,32,10,3635.16,Potential Loyalists
CUST102015,35,Male,Hyderabad,Mobile App,114,4,685.21,Potential Loyalists
CUST102016,39,Female,Kolkata,Online,74,5,988.88,Potential Loyalists
CUST102017,28,Male,Noida,Online,50,15,2150.98,Loyal
CUST102018,48,Female,Bengaluru,Online,22,20,6298.0,Champions
CUST102019,39,Female,Pune,Online,119,8,1727.2,Potential Loyalists
CUST102020,32,Male,Bengaluru,Online,51,9,2689.75,Loyal
CUST102021,43,Female,Mumbai,Store,197,5,4259.28,At Risk
CUST102022,41,Male,Mumbai,Mobile App,13,19,4368.51,Champions
CUST102023,40,Male,Mumbai,Mobile App,6,21,3287.43,Champions
CUST102024,28,Male,Hyderabad,Online,15,9,3812.57,Loyal
CUST102025,39,Female,Mumbai,Mobile App,95,7,1423.04,Potential Loyalists
CUST102026,24,Male,Chennai,Store,54,11,3040.54,Loyal
CUST102027,22,Other,Bengaluru,Store,202,12,1975.69,At Risk
CUST102028,34,Female,Noida,Mobile App,52,18,1786.66,Loyal
CUST102029,31,Female,Mumbai,Online,26,9,1355.38,Potential Loyalists
CUST102030,20,Other,Noida,Store,55,7,1815.42,Potential Loyalists
CUST102031,36,Female,Bengaluru,Online,15,20,3025.86,Champions
CUST102032,35,Male,Kolkata,Mobile App,47,7,3452.57,Potential Loyalists
CUST102033,18,Male,Mumbai,Online,25,16,1459.07,Loyal
CUST102034,39,Female,Mumbai,Mobile App,72,12,3581.46,Potential Loyalists
CUST102035,39,Female,Mumbai,Store,19,18,6529.88,Champions
CUST102036,49,Female,Hyderabad,Online,111,8,2891.43,At Risk
CUST102037,28,Female,Hyderabad,Mobile App,337,1,912.65,Lost
CUST102038,39,Female,Bengaluru,Store,12,23,2903.35,Champions
CUST102039,27,Female,Delhi,Online,67,7,3338.14,Potential Loyalists
CUST102040,43,Female,Kolkata,Online,232,9,2004.13,At Risk
CUST102041,18,Female,Bengaluru,Mobile App,26,18,1364.32,Loyal
CUST102042,39,Female,Delhi,Store,126,10,987.84,At Risk
CUST102043,18,Male,Kolkata,Store,239,9,1635.12,At Risk
CUST102044,43,Female,Delhi,Store,217,2,854.34,Lost
CUST102045,23,Female,Chennai,Online,363,2,386.83,Lost
CUST102046,24,Male,Chennai,Mobile App,7,21,6457.23,Champions
CUST102047,22,Female,Hyderabad,Online,78,8,1893.48,Potential Loyalists
CUST102048,60,Male,Chennai,Store,67,10,1538.12,Potential Loyalists
CUST102049,37,Female,Kolkata,Store,20,16,11750.41,Champions
CUST102050,39,Female,Noida,Mobile App,22,17,1699.34,Loyal
CUST102051,34,Female,Kolkata,Online,271,1,693.27,Lost
CUST102052,33,Female,Delhi,Online,12,27,2077.54,Champions
CUST102053,37,Female,Chennai,Store,100,12,1786.36,Potential Loyalists
CUST102054,32,Male,Noida,Online,194,1,700.52,Lost
CUST102055,45,Female,Chennai,Store,74,11,3970.09,Loyal
CUST102056,41,Male,Chennai,Store,99,10,2447.85,Potential Loyalists
CUST102057,21,Female,Mumbai,Store,320,3,1695.13,Lost
CUST102058,46,Female,Hyderabad,Store,79,6,2401.8,Potential Loyalists
CUST102059,25,Female,Bengaluru,Online,17,22,3443.41,Champions
CUST102060,35,Male,Kolkata,Online,13,26,3738.06,Champions
CUST102061,18,Female,Chennai,Store,248,5,1716.01,Lost
CUST102062,34,Female,Bengaluru,Online,68,13,3601.21,Loyal
CUST102063,48,Male,Delhi,Mobile App,55,6,3226.94,Potential Loyalists
CUST102064,36,Female,Noida,Store,8,20,7156.23,Champions
CUST102065,34,Male,Mumbai,Online,102,8,2995.65,Potential Loyalists
CUST102066,43,Female,Bengaluru,Online,211,4,486.5,Lost
CUST102067,32,Male,Pune,Store,43,7,5173.99,Potential Loyalists
CUST102068,33,Male,Noida,Online,270,4,2448.36,Lost
CUST102069,18,Male,Bengaluru,Store,51,19,1769.76,Loyal
CUST102070,31,Male,Noida,Store,33,5,1070.7,Potential Loyalists
CUST102071,46,Female,Pune,Store,316,2,1205.34,Lost
CUST102072,45,Female,Kolkata,Online,110,7,1811.87,Potential Loyalists
CUST102073,41,Male,Pune,Online,12,10,2272.51,Loyal
CUST102074,36,Male,Noida,Store,336,2,482.28,Lost
CUST102075,57,Male,Chennai,Store,24,9,3129.96,Loyal
CUST102076,31,Male,Hyderabad,Online,39,6,811.0,Potential Loyalists
CUST102077,28,Other,Hyderabad,Online,351,2,505.66,Lost
CUST102078,23,Female,Kolkata,Online,32,17,3474.2,Loyal
CUST102079,45,Other,Chennai,Online,49,11,3184.89,Loyal
CUST102080,43,Other,Delhi,Online,7,24,3103.79,Champions
CUST102081,19,Female,Delhi,Online,52,11,5069.21,Loyal
CUST102082,29,Male,Pune,Online,72,18,5705.43,Loyal
CUST102083,43,Male,Delhi,Online,168,6,736.03,At Risk
CUST102084,39,Male,Kolkata,Online,45,9,2097.99,Loyal
CUST102085,18,Male,Hyderabad,Mobile App,125,12,3362.85,At Risk
CUST102086,39,Female,Noida,Mobile App,33,7,1633.87,Loyal
CUST102087,45,Male,Noida,Store,51,17,6794.01,Loyal
CUST102088,30,Male,Noida,Online,33,14,8781.21,Loyal
CUST102089,34,Female,Pune,Online,126,6,1686.12,At Risk
CUST102090,34,Male,Chennai,Online,112,7,2994.58,Potential Loyalists
CUST102091,27,Female,Hyderabad,Mobile App,29,13,3474.38,Loyal
CUST102092,20,Male,Kolkata,Online,199,2,1168.12,Lost
CUST102093,36,Male,Chennai,Online,47,10,2256.08,Potential Loyalists
CUST102094,31,Male,Pune,Online,40,18,2131.03,Loyal
CUST102095,42,Male,Kolkata,Mobile App,248,3,858.34,Lost
CUST102096,39,Female,Mumbai,Mobile App,23,14,3660.01,Loyal
CUST102097,28,Female,Pune,Online,26,20,1948.24,Champions
CUST102098,40,Male,Hyderabad,Online,93,6,1349.88,Potential Loyalists
CUST102099,19,Male,Bengaluru,Store,7,23,4648.3,Champions
CUST102100,31,Female,Kolkata,Store,44,13,1371.93,Loyal
CUST102101,32,Female,Delhi,Store,91,9,2602.09,At Risk
CUST102102,35,Other,Hyderabad,Store,34,27,9303.96,Champions
CUST102103,19,Male,Kolkata,Store,105,13,2482.25,At Risk
CUST102104,39,Male,Hyderabad,Online,238,3,2687.27,Lost
CUST102105,37,Female,Chennai,Online,99,9,2038.01,Potential Loyalists
CUST102106,32,Female,Noida,Online,221,12,1001.05,At Risk
CUST102107,28,Male,Mumbai,Mobile App,194,4,1508.86,At Risk
CUST102108,46,Female,Chennai,Online,243,2,524.92,Lost
CUST102109,27,Male,Bengaluru,Mobile App,61,10,929.09,Loyal
CUST102110,27,Male,Delhi,Store,58,16,1117.39,Loyal
CUST102111,37,Female,Kolkata,Online,45,9,1014.17,Potential Loyalists
CUST102112,18,Female,Hyderabad,Store,60,6,2291.74,Potential Loyalists
CUST102113,32,Male,Bengaluru,Online,57,12,2574.71,Loyal
CUST102114,34,Male,Chennai,Mobile App,83,7,990.97,Potential Loyalists
CUST102115,37,Female,Hyderabad,Online,15,21,4998.24,Champions
CUST102116,27,Female,Bengaluru,Store,254,2,2438.57,Lost
CUST102117,18,Other,Hyderabad,Online,40,17,8427.41,Loyal
CUST102118,34,Female,Noida,Mobile App,3,27,5887.93,Champions
CUST102119,31,Female,Hyderabad,Store,29,27,7556.84,Champions
CUST102120,29,Female,Hyderabad,Store,19,12,2049.86,Loyal
CUST102121,28,Male,Hyderabad,Store,64,16,1681.01,Loyal
CUST102122,30,Male,Pune,Online,28,23,3404.47,Champions
CUST102123,30,Female,Delhi,Mobile App,59,10,3587.92,Loyal
CUST102124,40,Male,Pune,Online,21,12,4138.65,Loyal
CUST102125,35,Other,Mumbai,Online,61,16,3590.39,Loyal
CUST102126,34,Male,Noida,Mobile App,24,7,2780.95,Loyal
CUST102127,18,Female,Pune,Online,20,13,7777.41,Loyal
CUST102128,26,Female,Mumbai,Mobile App,18,10,6485.19,Loyal
CUST102129,26,Male,Hyderabad,Online,19,15,5072.05,Champions
CUST102130,33,Male,Kolkata,Online,8,22,11798.66,Champions
CUST102131,39,Male,Mumbai,Online,17,14,2253.35,Loyal
CUST102132,30,Male,Chennai,Online,121,5,4248.09,At Risk
CUST102133,35,Male,Bengaluru,Store,261,4,1553.45,Lost
CUST102134,32,Male,Delhi,Online,350,2,222.31,Lost
CUST102135,39,Male,Mumbai,Mobile App,39,5,3339.93,Potential Loyalists
CUST102136,43,Female,Mumbai,Store,65,5,1865.38,Potential Loyalists
CUST102137,37,Female,Mumbai,Online,18,11,5183.42,Loyal
CUST102138,30,Male,Bengaluru,Mobile App,213,6,664.75,At Risk
CUST102139,33,Female,Noida,Mobile App,175,9,1932.93,At Risk
CUST102140,36,Female,Kolkata,Store,356,3,2016.75,Lost
CUST102141,33,Male,Noida,Online,311,5,196.05,Lost
CUST102142,34,Female,Kolkata,Store,107,10,2244.89,Potential Loyalists
CUST102143,26,Male,Kolkata,Online,223,8,1918.75,At Risk
CUST102144,35,Male,Mumbai,Store,163,11,1837.49,At Risk
CUST102145,30,Female,Chennai,Mobile App,16,12,3002.23,Loyal
CUST102146,24,Female,Bengaluru,Store,204,2,143.06,Lost
CUST102147,29,Male,Noida,Online,32,21,6518.45,Champions
CUST102148,27,Male,Kolkata,Store,334,2,2398.28,Lost
CUST102149,37,Female,Mumbai,Online,115,8,3900.01,At Risk
CUST102150,41,Female,Noida,Online,29,22,3018.88,Champions
CUST102151,20,Male,Pune,Online,100,11,2265.45,At Risk
CUST102152,40,Female,Mumbai,Store,24,23,3844.26,Champions
CUST102153,33,Female,Kolkata,Mobile App,120,10,2293.11,At Risk
CUST102154,48,Male,Mumbai,Online,215,8,1886.42,At Risk
CUST102155,34,Male,Hyderabad,Store,58,5,2923.3,Potential Loyalists
CUST102156,31,Male,Chennai,Store,306,2,534.45,Lost
CUST102157,30,Female,Hyderabad,Store,10,24,3225.58,Champions
CUST102158,21,Female,Kolkata,Online,50,13,2646.76,Loyal
CUST102159,39,Female,Chennai,Mobile App,42,8,1433.13,Potential Loyalists
CUST102160,24,Female,Chennai,Store,1,18,5042.81,Champions
CUST102161,36,Male,Delhi,Mobile App,40,5,5311.55,Potential Loyalists
CUST102162,31,Male,Chennai,Mobile App,61,12,1109.63,Loyal
CUST102163,33,Female,Hyderabad,Online,13,15,3475.88,Loyal
CUST102164,40,Male,Pune,Online,57,11,2277.38,Potential Loyalists
CUST102165,24,Female,Noida,Online,276,3,1252.4,Lost
CUST102166,18,Other,Chennai,Online,71,12,3377.97,Loyal
CUST102167,44,Male,Mumbai,Store,181,2,189.32,Lost
CUST102168,18,Male,Delhi,Store,80,5,718.92,Potential Loyalists
CUST102169,24,Male,Kolkata,Online,37,9,3416.23,Loyal
CUST102170,30,Female,Hyderabad,Online,65,6,2007.08,Potential Loyalists
CUST102171,35,Female,Pune,Online,37,3,1768.78,Potential Loyalists
CUST102172,27,Female,Noida,Mobile App,24,17,2116.55,Loyal
CUST102173,36,Male,Hyderabad,Online,97,8,1933.87,Potential Loyalists
CUST102174,34,Female,Noida,Online,22,25,4328.26,Champions
CUST102175,33,Female,Noida,Mobile App,65,12,2263.86,Loyal
CUST102176,40,Female,Noida,Mobile App,60,9,2555.65,Potential Loyalists
CUST102177,44,Male,Bengaluru,Store,81,7,2575.16,Potential Loyalists
CUST102178,61,Male,Hyderabad,Mobile App,241,2,582.34,Lost
CUST102179,23,Female,Noida,Online,43,15,2804.14,Loyal
CUST102180,49,Male,Chennai,Mobile App,220,2,274.91,Lost
CUST102181,18,Male,Hyderabad,Online,202,6,3197.25,At Risk
CUST102182,34,Male,Noida,Mobile App,208,3,1786.05,Lost
CUST102183,43,Female,Pune,Online,241,2,1262.81,Lost
CUST102184,37,Female,Kolkata,Online,8,20,3139.91,Champions
CUST102185,28,Male,Kolkata,Store,32,6,2546.11,Potential Loyalists
CUST102186,33,Male,Mumbai,Store,37,12,1770.31,Loyal
CUST102187,18,Male,Mumbai,Online,190,5,1448.98,At Risk
CUST102188,44,Female,Hyderabad,Store,66,6,2793.84,Potential Loyalists
CUST102189,29,Male,Chennai,Store,21,16,3136.55,Loyal
CUST102190,18,Male,Chennai,Online,230,3,519.78,Lost
CUST102191,44,Female,Delhi,Online,10,27,3240.2,Champions
CUST102192,46,Female,Delhi,Mobile App,115,10,1168.66,Potential Loyalists
CUST102193,41,Female,Bengaluru,Store,161,7,1193.77,At Risk
CUST102194,53,Female,Delhi,Online,20,20,7567.73,Champions
CUST102195,46,Female,Chennai,Store,59,11,631.57,Potential Loyalists
CUST102196,37,Female,Hyderabad,Online,92,7,3755.74,At Risk
CUST102197,26,Female,Noida,Mobile App,6,25,7693.54,Champions
CUST102198,52,Female,Bengaluru,Store,108,11,2283.76,Potential Loyalists
CUST102199,28,Female,Pune,Store,51,14,5408.69,Loyal
CUST102200,40,Female,Pune,Online,197,10,4574.48,At Risk
CUST102201,38,Female,Delhi,Store,5,21,13002.41,Champions
CUST102202,38,Male,Delhi,Mobile App,225,2,1132.08,Lost
CUST102203,52,Female,Noida,Mobile App,224,5,599.12,Lost
CUST102204,18,Male,Hyderabad,Store,60,12,3025.17,Loyal
CUST102205,44,Male,Noida,Online,71,5,3634.03,Loyal
CUST102206,36,Female,Noida,Mobile App,49,6,1801.85,Potential Loyalists
CUST102207,43,Male,Kolkata,Store,108,5,1861.16,At Risk
CUST102208,21,Female,Mumbai,Online,31,8,894.72,Potential Loyalists
CUST102209,44,Male,Delhi,Mobile App,21,15,6896.35,Champions
CUST102210,18,Female,Delhi,Online,2,16,10916.53,Champions
CUST102211,36,Male,Pune,Store,350,2,137.26,Lost
CUST102212,29,Male,Hyderabad,Mobile App,85,8,2889.01,Potential Loyalists
CUST102213,44,Male,Delhi,Online,345,1,818.78,Lost
CUST102214,44,Male,Bengaluru,Online,79,9,2097.8,Potential Loyalists
CUST102215,40,Female,Noida,Mobile App,259,2,1504.66,Lost
CUST102216,42,Female,Chennai,Mobile App,6,26,7120.44,Champions
CUST102217,43,Male,Mumbai,Online,19,26,8538.07,Champions
CUST102218,19,Male,Hyderabad,Online,319,2,1901.03,Lost
CUST102219,47,Female,Kolkata,Store,321,2,860.07,Lost
CUST102220,42,Female,Delhi,Online,21,11,5216.21,Loyal
CUST102221,31,Male,Delhi,Store,31,18,2172.21,Loyal
CUST102222,26,Female,Kolkata,Store,28,7,874.08,Potential Loyalists
CUST102223,46,Male,Hyderabad,Mobile App,99,5,3637.69,Potential Loyalists
CUST102224,40,Male,Chennai,Mobile App,33,17,4358.06,Loyal
CUST102225,33,Male,Mumbai,Store,284,3,642.06,Lost
CUST102226,35,Male,Noida,Online,28,14,6575.4,Loyal
CUST102227,35,Female,Hyderabad,Mobile App,202,5,3182.02,At Risk
CUST102228,43,Female,Pune,Online,27,23,7466.4,Champions
CUST102229,30,Female,Delhi,Mobile App,26,25,4881.15,Champions
CUST102230,43,Female,Kolkata,Store,110,6,1645.24,At Risk
CUST102231,42,Male,Delhi,Online,41,12,3380.91,Loyal
CUST102232,34,Male,Mumbai,Store,146,13,1671.41,At Risk
CUST102233,36,Male,Hyderabad,Store,11,20,7424.92,Champions
CUST102234,35,Male,Hyderabad,Online,302,4,946.12,Lost
CUST102235,35,Female,Pune,Online,190,11,745.43,At Risk
CUST102236,41,Female,Pune,Store,230,3,575.57,Lost
CUST102237,31,Male,Chennai,Store,21,28,10050.6,Champions
CUST102238,36,Other,Pune,Store,71,12,4761.25,Loyal
CUST102239,30,Male,Chennai,Mobile App,41,15,2094.17,Loyal
CUST102240,32,Male,Mumbai,Mobile App,106,8,1537.33,Potential Loyalists
CUST102241,21,Female,Chennai,Online,62,15,3316.64,Loyal
CUST102242,42,Male,Pune,Online,28,22,7314.27,Champions
CUST102243,40,Female,Noida,Online,35,14,1833.33,Loyal
CUST102244,27,Male,Bengaluru,Mobile App,52,14,2157.04,Loyal
CUST102245,44,Female,Pune,Online,33,8,807.44,Loyal
CUST102246,18,Female,Mumbai,Store,32,13,3948.72,Loyal
CUST102247,33,Female,Hyderabad,Online,41,16,3380.14,Loyal
CUST102248,24,Male,Mumbai,Online,231,9,2151.08,At Risk
CUST102249,28,Female,Mumbai,Store,47,20,6693.1,Loyal
CUST102250,51,Female,Pune,Online,20,14,1524.19,Loyal
CUST102251,31,Female,Pune,Store,88,5,1464.51,Potential Loyalists
CUST102252,43,Male,Hyderabad,Online,134,9,4183.37,At Risk
CUST102253,56,Male,Noida,Store,74,17,5212.7,Loyal
CUST102254,43,Female,Hyderabad,Store,81,7,1448.89,Potential Loyalists
CUST102255,28,Female,Kolkata,Store,243,2,394.65,Lost
CUST102256,24,Male,Mumbai,Online,104,7,2055.48,Potential Loyalists
CUST102257,23,Male,Mumbai,Mobile App,289,2,729.99,Lost
CUST102258,30,Female,Delhi,Mobile App,108,5,1382.9,At Risk
CUST102259,48,Female,Delhi,Online,26,24,6123.0,Champions
CUST102260,39,Female,Pune,Store,70,9,1726.75,Potential Loyalists
CUST102261,41,Female,Noida,Online,176,12,3081.37,At Risk
CUST102262,55,Female,Delhi,Online,292,1,2231.1,Lost
CUST102263,31,Female,Bengaluru,Online,71,4,1536.1,Potential Loyalists
CUST102264,39,Female,Kolkata,Store,15,26,7493.89,Champions
CUST102265,31,Male,Mumbai,Mobile App,91,6,575.06,Potential Loyalists
CUST102266,40,Female,Mumbai,Online,21,25,7417.68,Champions
CUST102267,34,Male,Kolkata,Online,164,6,2023.44,At Risk
CUST102268,35,Female,Pune,Mobile App,46,10,1164.74,Potential Loyalists
CUST102269,37,Male,Pune,Online,133,6,3024.68,At Risk
CUST102270,30,Male,Mumbai,Online,299,1,897.37,Lost
CUST102271,43,Female,Bengaluru,Online,174,7,3154.33,At Risk
CUST102272,45,Female,Kolkata,Store,25,6,1643.6,Potential Loyalists
CUST102273,18,Male,Bengaluru,Store,126,9,2116.58,At Risk
CUST102274,33,Male,Kolkata,Online,319,4,888.1,Lost
CUST102275,33,Male,Mumbai,Mobile App,230,4,115.97,Lost
CUST102276,38,Male,Noida,Online,12,29,5419.25,Champions
CUST102277,30,Female,Delhi,Store,84,6,1927.73,Potential Loyalists
CUST102278,24,Female,Pune,Mobile App,49,13,2284.32,Loyal
CUST102279,39,Female,Kolkata,Mobile App,201,3,2275.36,Lost
CUST102280,29,Female,Mumbai,Store,173,9,2465.97,At Risk
CUST102281,22,Male,Delhi,Mobile App,115,13,1404.41,Potential Loyalists
CUST102282,30,Male,Hyderabad,Store,72,14,1669.19,Loyal
CUST102283,38,Other,Bengaluru,Online,43,13,3185.02,Loyal
CUST102284,45,Female,Pune,Online,198,7,1710.91,At Risk
CUST102285,33,Female,Mumbai,Mobile App,12,11,4326.46,Loyal
CUST102286,33,Female,Mumbai,Store,18,25,7209.69,Champions
CUST102287,22,Male,Noida,Online,210,2,1583.76,Lost
CUST102288,18,Male,Hyderabad,Online,214,12,2731.56,At Risk
CUST102289,43,Male,Noida,Store,52,11,3141.14,Loyal
CUST102290,38,Female,Mumbai,Online,62,16,3076.07,Loyal
CUST102291,52,Male,Delhi,Mobile App,211,3,1177.92,Lost
CUST102292,24,Female,Bengaluru,Store,103,7,794.11,At Risk
CUST102293,22,Female,Mumbai,Online,103,8,2963.21,Potential Loyalists
CUST102294,35,Female,Mumbai,Online,54,11,4707.01,Loyal
CUST102295,59,Female,Chennai,Store,13,14,2967.04,Loyal
CUST102296,37,Male,Chennai,Store,21,18,4764.4,Champions
CUST102297,18,Female,Hyderabad,Online,195,12,4576.4,At Risk
CUST102298,18,Male,Kolkata,Mobile App,1,23,6723.75,Champions
CUST102299,23,Male,Noida,Store,16,27,5275.54,Champions
CUST102300,23,Male,Hyderabad,Online,196,12,2731.47,At Risk
CUST102301,18,Male,Delhi,Online,334,3,1394.07,Lost
CUST102302,40,Male,Chennai,Store,208,10,1739.99,At Risk
CUST102303,32,Female,Pune,Online,89,5,4784.14,Potential Loyalists
CUST102304,43,Male,Pune,Store,30,9,1477.32,Potential Loyalists
CUST102305,59,Male,Hyderabad,Store,86,5,3171.21,Potential Loyalists
CUST102306,59,Female,Pune,Store,25,17,2251.33,Loyal
CUST102307,43,Female,Chennai,Store,51,6,1781.05,Potential Loyalists
CUST102308,43,Male,Delhi,Store,24,6,1422.67,Potential Loyalists
CUST102309,21,Male,Chennai,Mobile App,107,5,731.56,Potential Loyalists
CUST102310,24,Male,Mumbai,Store,316,4,920.59,Lost
CUST102311,18,Female,Pune,Online,314,2,193.56,Lost
CUST102312,24,Male,Delhi,Mobile App,25,28,9568.62,Champions
CUST102313,40,Female,Mumbai,Store,28,14,4648.72,Loyal
CUST102314,45,Male,Mumbai,Online,62,18,2639.58,Loyal
CUST102315,27,Other,Chennai,Online,22,19,6387.74,Loyal
CUST102316,30,Female,Mumbai,Online,52,11,3702.27,Loyal
CUST102317,36,Female,Mumbai,Online,41,7,2946.13,Loyal
CUST102318,54,Male,Delhi,Store,147,8,2101.24,At Risk
CUST102319,39,Male,Delhi,Mobile App,32,4,375.51,Potential Loyalists
CUST102320,18,Male,Kolkata,Online,295,1,2040.81,Lost
CUST102321,41,Female,Hyderabad,Store,5,17,5275.26,Champions
CUST102322,30,Female,Delhi,Mobile App,30,22,9941.05,Champions
CUST102323,49,Male,Noida,Online,68,6,1154.71,Potential Loyalists
CUST102324,26,Female,Hyderabad,Online,25,24,6812.58,Champions
CUST102325,43,Male,Bengaluru,Store,17,8,6032.38,Loyal
CUST102326,35,Male,Noida,Mobile App,351,1,589.3,Lost
CUST102327,25,Female,Chennai,Store,59,8,3040.09,Loyal
CUST102328,18,Male,Kolkata,Store,32,12,1526.85,Loyal
CUST102329,46,Male,Hyderabad,Online,104,4,999.31,Potential Loyalists
CUST102330,27,Female,Kolkata,Online,63,5,1521.37,Potential Loyalists
CUST102331,56,Female,Kolkata,Online,36,6,2158.28,Potential Loyalists
CUST102332,19,Male,Mumbai,Online,21,13,1208.27,Loyal
CUST102333,47,Male,Pune,Online,184,4,2388.74,Lost
CUST102334,22,Male,Mumbai,Online,29,20,5834.02,Champions
CUST102335,26,Male,Bengaluru,Online,101,5,2255.26,Potential Loyalists
CUST102336,44,Female,Bengaluru,Store,94,6,3199.75,At Risk
CUST102337,28,Female,Pune,Online,239,1,1086.61,Lost
CUST102338,22,Female,Hyderabad,Mobile App,53,9,4886.87,Loyal
CUST102339,41,Male,Pune,Mobile App,64,9,1560.82,Potential Loyalists
CUST102340,45,Female,Delhi,Online,23,24,7029.24,Champions
CUST102341,35,Female,Chennai,Online,22,15,2128.08,Loyal
CUST102342,28,Female,Delhi,Store,26,20,7148.67,Champions
CUST102343,41,Male,Pune,Online,199,7,3956.57,At Risk
CUST102344,34,Male,Kolkata,Online,41,9,3688.93,Loyal
CUST102345,34,Male,Pune,Mobile App,223,7,956.34,At Risk
CUST102346,28,Male,Mumbai,Online,6,26,3826.83,Champions
CUST102347,18,Male,Chennai,Mobile App,291,2,185.03,Lost
CUST102348,52,Female,Chennai,Online,269,4,336.63,Lost
CUST102349,55,Male,Kolkata,Store,33,21,4465.83,Champions
CUST102350,42,Other,Noida,Online,31,16,1598.72,Champions
CUST102351,31,Male,Kolkata,Mobile App,17,27,6664.18,Champions
CUST102352,30,Male,Noida,Online,234,5,514.2,Lost
CUST102353,24,Male,Pune,Online,35,14,2471.43,Loyal
CUST102354,37,Male,Bengaluru,Online,68,6,2784.49,Potential Loyalists
CUST102355,23,Female,Chennai,Store,94,6,1910.08,Potential Loyalists
CUST102356,45,Male,Bengaluru,Online,114,9,3827.8,At Risk
CUST102357,38,Female,Delhi,Mobile App,50,5,2308.84,Potential Loyalists
CUST102358,34,Female,Pune,Online,47,9,1835.04,Potential Loyalists
CUST102359,44,Female,Bengaluru,Online,364,3,3946.85,Lost
CUST102360,30,Female,Bengaluru,Mobile App,18,20,3271.93,Champions
CUST102361,50,Female,Noida,Store,204,4,1202.68,Lost
CUST102362,30,Male,Delhi,Online,3,22,7216.71,Champions
CUST102363,44,Female,Noida,Store,82,5,1336.33,Potential Loyalists
CUST102364,39,Male,Kolkata,Online,306,3,2625.1,Lost
CUST102365,45,Female,Hyderabad,Online,194,9,4685.96,At Risk
CUST102366,50,Female,Hyderabad,Store,114,6,1763.22,At Risk
CUST102367,49,Female,Bengaluru,Online,12,16,2936.08,Loyal
CUST102368,40,Male,Delhi,Online,80,7,1483.18,Potential Loyalists
CUST102369,21,Female,Hyderabad,Store,29,13,2903.48,Loyal
CUST102370,33,Female,Kolkata,Mobile App,33,9,1887.87,Potential Loyalists
CUST102371,43,Female,Mumbai,Mobile App,102,3,761.74,Potential Loyalists
CUST102372,38,Female,Pune,Mobile App,32,11,3216.69,Loyal
CUST102373,38,Female,Kolkata,Store,47,10,2392.49,Loyal
CUST102374,18,Male,Noida,Online,49,14,4704.21,Loyal
CUST102375,30,Male,Pune,Online,39,9,3101.06,Loyal
CUST102376,41,Male,Kolkata,Online,29,18,4764.92,Champions
CUST102377,49,Female,Mumbai,Online,260,2,696.64,Lost
CUST102378,32,Male,Hyderabad,Online,100,7,2624.81,Potential Loyalists
CUST102379,47,Female,Chennai,Online,26,22,5993.13,Champions
CUST102380,30,Female,Mumbai,Mobile App,164,9,803.62,At Risk
CUST102381,32,Female,Kolkata,Store,270,1,1219.61,Lost
CUST102382,38,Male,Chennai,Online,27,15,1708.42,Loyal
CUST102383,18,Female,Hyderabad,Online,24,18,3612.51,Champions
CUST102384,32,Female,Kolkata,Online,1,30,5637.45,Champions
CUST102385,43,Male,Delhi,Mobile App,15,24,9328.14,Champions
CUST102386,29,Male,Kolkata,Mobile App,230,9,2100.29,At Risk
CUST102387,35,Female,Chennai,Mobile App,314,5,459.94,Lost
CUST102388,52,Female,Kolkata,Online,34,24,7644.68,Champions
CUST102389,47,Female,Kolkata,Store,170,6,1762.58,At Risk
CUST102390,44,Male,Mumbai,Online,28,19,5358.34,Champions
CUST102391,29,Other,Kolkata,Store,74,5,941.2,Potential Loyalists
CUST102392,30,Male,Delhi,Online,97,8,2705.8,At Risk
CUST102393,33,Male,Bengaluru,Store,41,10,4311.7,Loyal
CUST102394,22,Female,Kolkata,Store,19,29,8032.89,Champions
CUST102395,39,Male,Delhi,Online,57,6,1089.3,Potential Loyalists
CUST102396,32,Female,Noida,Online,276,2,527.21,Lost
CUST102397,24,Male,Mumbai,Online,54,11,4604.17,Loyal
CUST102398,33,Male,Delhi,Online,20,13,4876.05,Loyal
CUST102399,50,Female,Delhi,Store,7,24,4851.77,Champions
CUST102400,34,Female,Kolkata,Mobile App,111,4,2211.65,Potential Loyalists
CUST102401,30,Male,Chennai,Store,81,4,1043.62,Potential Loyalists
CUST102402,48,Female,Delhi,Store,181,9,2197.85,At Risk
CUST102403,33,Female,Kolkata,Online,101,8,466.66,At Risk
CUST102404,50,Male,Hyderabad,Store,216,2,803.36,Lost
CUST102405,33,Female,Noida,Mobile App,129,10,709.63,At Risk
CUST102406,47,Male,Delhi,Online,28,11,5253.97,Loyal
CUST102407,19,Female,Pune,Store,91,6,2190.64,Potential Loyalists
CUST102408,42,Female,Kolkata,Online,33,11,1675.06,Loyal
CUST102409,42,Male,Chennai,Online,45,14,2527.63,Loyal
CUST102410,18,Female,Delhi,Online,349,3,1270.62,Lost
CUST102411,47,Male,Hyderabad,Online,175,7,2360.73,At Risk
CUST102412,41,Male,Delhi,Online,252,2,263.54,Lost
CUST102413,36,Male,Pune,Store,25,5,869.91,Potential Loyalists
CUST102414,32,Male,Delhi,Store,48,6,2543.47,Potential Loyalists
CUST102415,39,Female,Noida,Store,112,5,1380.54,Potential Loyalists
CUST102416,50,Male,Pune,Online,3,23,5339.39,Champions
CUST102417,30,Male,Mumbai,Online,41,9,3091.01,Loyal
CUST102418,26,Male,Chennai,Online,101,7,1360.89,Potential Loyalists
CUST102419,18,Male,Noida,Online,14,18,4156.57,Champions
CUST102420,18,Male,Mumbai,Online,323,2,721.31,Lost
CUST102421,35,Male,Delhi,Store,20,22,8401.67,Champions
CUST102422,44,Male,Chennai,Online,72,10,3742.89,Loyal
CUST102423,28,Male,Delhi,Mobile App,204,10,3023.22,At Risk
CUST102424,48,Male,Noida,Online,29,24,7566.97,Champions
CUST102425,23,Male,Noida,Mobile App,309,3,720.57,Lost
CUST102426,22,Female,Delhi,Store,158,12,2037.4,At Risk
CUST102427,21,Male,Pune,Online,11,27,4083.95,Champions
CUST102428,44,Male,Pune,Online,99,7,2172.76,At Risk
CUST102429,18,Male,Bengaluru,Mobile App,164,5,1327.5,At Risk
CUST102430,21,Female,Noida,Store,115,8,2751.3,At Risk
CUST102431,32,Female,Pune,Online,251,2,68.52,Lost
CUST102432,38,Male,Pune,Online,199,8,2915.18,At Risk
CUST102433,32,Female,Delhi,Mobile App,118,4,3637.05,Potential Loyalists
CUST102434,37,Male,Kolkata,Mobile App,26,16,2162.68,Loyal
CUST102435,42,Male,Mumbai,Online,157,10,2035.47,At Risk
CUST102436,18,Male,Noida,Mobile App,252,1,832.88,Lost
CUST102437,42,Male,Chennai,Online,113,6,2111.45,Potential Loyalists
CUST102438,57,Male,Delhi,Mobile App,183,8,2011.15,At Risk
CUST102439,33,Male,Kolkata,Online,71,10,2342.7,Potential Loyalists
CUST102440,41,Male,Chennai,Online,190,6,3088.72,At Risk
CUST102441,46,Male,Noida,Mobile App,319,2,429.07,Lost
CUST102442,43,Female,Kolkata,Online,41,17,1607.72,Loyal
CUST102443,45,Female,Mumbai,Mobile App,71,12,5142.13,Loyal
CUST102444,30,Female,Delhi,Mobile App,96,6,2431.14,Potential Loyalists
CUST102445,36,Male,Kolkata,Store,103,9,2184.07,Potential Loyalists
CUST102446,41,Female,Hyderabad,Mobile App,98,8,1200.91,Potential Loyalists
CUST102447,35,Male,Pune,Mobile App,30,16,3457.68,Champions
CUST102448,49,Male,Chennai,Online,31,8,1674.96,Potential Loyalists
CUST102449,27,Male,Hyderabad,Online,42,6,1552.79,Potential Loyalists
CUST102450,37,Female,Noida,Store,90,5,2318.02,Potential Loyalists
CUST102451,36,Male,Kolkata,Online,204,9,1918.72,At Risk
CUST102452,37,Male,Hyderabad,Mobile App,107,7,1151.94,At Risk
CUST102453,30,Male,Bengaluru,Mobile App,227,7,720.81,At Risk
CUST102454,32,Female,Mumbai,Mobile App,132,8,3192.25,At Risk
CUST102455,28,Male,Kolkata,Online,176,8,2856.08,At Risk
CUST102456,29,Male,Pune,Online,99,13,2998.09,Potential Loyalists
CUST102457,41,Male,Noida,Online,41,6,2326.6,Potential Loyalists
CUST102458,33,Male,Pune,Online,8,20,6749.23,Champions
CUST102459,48,Male,Bengaluru,Store,10,14,2787.3,Loyal
CUST102460,36,Male,Hyderabad,Online,111,5,2728.19,Potential Loyalists
CUST102461,38,Female,Mumbai,Store,233,2,1248.94,Lost
CUST102462,47,Male,Mumbai,Store,177,7,1567.24,At Risk
CUST102463,29,Male,Hyderabad,Mobile App,13,20,8468.46,Champions
CUST102464,40,Male,Kolkata,Mobile App,27,3,1455.77,Potential Loyalists
CUST102465,47,Male,Chennai,Store,44,15,2970.68,Loyal
CUST102466,36,Female,Chennai,Online,200,8,1392.44,At Risk
CUST102467,21,Male,Delhi,Online,187,4,1174.2,Lost
CUST102468,23,Male,Kolkata,Online,25,5,1479.55,Potential Loyalists
CUST102469,19,Male,Hyderabad,Online,27,9,802.01,Potential Loyalists
CUST102470,37,Male,Pune,Online,67,17,1987.16,Loyal
CUST102471,32,Female,Delhi,Store,51,6,1789.14,Potential Loyalists
CUST102472,18,Female,Bengaluru,Store,337,4,2363.1,Lost
CUST102473,33,Male,Bengaluru,Store,193,9,2949.74,At Risk
CUST102474,18,Female,Pune,Store,32,10,1581.85,Potential Loyalists
CUST102475,43,Female,Hyderabad,Mobile App,47,13,5116.86,Loyal
CUST102476,36,Male,Bengaluru,Mobile App,1,23,8035.12,Champions
CUST102477,36,Male,Chennai,Store,25,28,8788.04,Champions
CUST102478,32,Female,Delhi,Store,31,11,2550.69,Loyal
CUST102479,34,Female,Mumbai,Store,25,10,3018.86,Loyal
CUST102480,44,Male,Bengaluru,Store,300,1,1871.89,Lost
CUST102481,34,Other,Chennai,Mobile App,50,7,1816.66,Potential Loyalists
CUST102482,38,Female,Delhi,Mobile App,10,9,5250.72,Loyal
CUST102483,18,Male,Hyderabad,Store,34,25,6862.84,Champions
CUST102484,19,Male,Chennai,Store,74,16,3803.58,Loyal
CUST102485,43,Male,Hyderabad,Online,143,7,2648.38,At Risk
CUST102486,45,Male,Bengaluru,Online,54,11,4523.97,Loyal
CUST102487,39,Male,Chennai,Mobile App,211,9,1598.23,At Risk
CUST102488,34,Male,Hyderabad,Mobile App,232,10,1078.4,At Risk
CUST102489,29,Male,Mumbai,Online,29,19,10923.41,Champions
CUST102490,26,Female,Noida,Store,78,8,1027.31,Potential Loyalists
CUST102491,46,Female,Pune,Mobile App,269,3,1695.07,Lost
CUST102492,32,Male,Mumbai,Mobile App,24,10,3288.18,Potential Loyalists
CUST102493,35,Female,Bengaluru,Online,31,20,5437.5,Champions
CUST102494,25,Male,Noida,Online,311,1,273.26,Lost
CUST102495,55,Female,Chennai,Online,264,7,213.54,Lost
CUST102496,32,Male,Noida,Mobile App,101,5,2202.77,Potential Loyalists
CUST102497,58,Female,Bengaluru,Store,52,8,2847.17,Potential Loyalists
CUST102498,27,Male,Mumbai,Store,29,8,3357.12,Loyal
CUST102499,34,Female,Chennai,Store,228,9,3921.85,At Risk
CUST102500,40,Female,Mumbai,Store,82,6,1724.84,Potential Loyalists
CUST102501,41,Female,Kolkata,Store,23,25,5732.69,Champions
CUST102502,35,Female,Delhi,Store,164,8,2161.65,At Risk
CUST102503,54,Male,Kolkata,Online,284,4,274.73,Lost
CUST102504,37,Male,Kolkata,Online,345,1,528.36,Lost
CUST102505,19,Female,Pune,Online,19,12,3448.8,Loyal
CUST102506,21,Female,Noida,Online,17,22,7867.6,Champions
CUST102507,27,Male,Hyderabad,Store,218,1,1918.82,Lost
CUST102508,28,Female,Delhi,Online,279,4,339.18,Lost
CUST102509,18,Female,Chennai,Mobile App,89,2,1822.1,Potential Loyalists
CUST102510,54,Female,Kolkata,Mobile App,122,6,1950.16,At Risk
CUST102511,35,Male,Pune,Mobile App,30,6,1986.21,Potential Loyalists
CUST102512,28,Male,Chennai,Store,101,8,1942.11,Potential Loyalists
CUST102513,31,Male,Chennai,Mobile App,12,25,4519.63,Champions
CUST102514,50,Female,Delhi,Mobile App,4,20,5507.39,Champions
CUST102515,48,Female,Hyderabad,Store,57,8,4054.21,Loyal
CUST102516,28,Male,Hyderabad,Mobile App,359,2,856.21,Lost
CUST102517,23,Female,Chennai,Store,4,16,7155.97,Champions
CUST102518,21,Female,Bengaluru,Online,58,12,4785.59,Loyal
CUST102519,29,Female,Hyderabad,Online,91,5,1772.83,Potential Loyalists
CUST102520,18,Female,Chennai,Online,69,11,2400.24,Loyal
CUST102521,26,Female,Bengaluru,Online,55,12,2892.62,Loyal
CUST102522,32,Male,Mumbai,Store,116,8,1966.09,Potential Loyalists
CUST102523,31,Male,Hyderabad,Online,11,12,4682.11,Loyal
CUST102524,33,Male,Chennai,Mobile App,93,10,2760.66,At Risk
CUST102525,27,Male,Bengaluru,Store,248,2,138.2,Lost
CUST102526,35,Male,Pune,Mobile App,24,24,4726.62,Champions
CUST102527,28,Male,Hyderabad,Online,231,3,774.76,Lost
CUST102528,33,Male,Hyderabad,Store,207,5,1822.02,Lost
CUST102529,19,Female,Delhi,Online,287,6,411.64,Lost
CUST102530,34,Male,Bengaluru,Online,133,9,2350.87,At Risk
CUST102531,43,Female,Bengaluru,Online,92,8,2553.69,At Risk
CUST102532,35,Female,Bengaluru,Online,197,8,1353.69,At Risk
CUST102533,18,Male,Chennai,Mobile App,225,5,2099.19,At Risk
CUST102534,42,Female,Noida,Mobile App,9,20,8702.42,Champions
CUST102535,23,Male,Mumbai,Store,191,1,468.41,Lost
CUST102536,36,Female,Delhi,Online,73,6,836.54,Potential Loyalists
CUST102537,24,Female,Mumbai,Store,160,10,3384.48,At Risk
CUST102538,31,Female,Delhi,Store,20,14,3115.43,Loyal
CUST102539,42,Male,Delhi,Online,16,27,7990.45,Champions
CUST102540,18,Female,Chennai,Store,46,7,398.55,Potential Loyalists
CUST102541,47,Female,Pune,Store,24,7,1407.2,Potential Loyalists
CUST102542,42,Female,Hyderabad,Mobile App,43,9,3140.3,Potential Loyalists
CUST102543,34,Male,Noida,Online,48,17,1333.08,Loyal
CUST102544,33,Female,Noida,Mobile App,12,16,3336.56,Loyal
CUST102545,18,Female,Chennai,Online,92,9,2380.75,Potential Loyalists
CUST102546,51,Female,Bengaluru,Mobile App,41,15,4651.07,Loyal
CUST102547,25,Male,Noida,Online,322,2,954.31,Lost
CUST102548,28,Male,Delhi,Online,36,12,2169.7,Loyal
CUST102549,38,Male,Pune,Online,17,15,5350.64,Loyal
CUST102550,20,Male,Hyderabad,Store,32,13,2185.61,Loyal
CUST102551,25,Male,Chennai,Online,20,6,1695.23,Potential Loyalists
CUST102552,27,Male,Kolkata,Online,72,6,1196.73,Potential Loyalists
CUST102553,37,Male,Bengaluru,Store,95,5,5042.29,At Risk
CUST102554,40,Male,Mumbai,Online,240,1,1317.67,Lost
CUST102555,37,Female,Chennai,Store,30,12,4537.13,Loyal
CUST102556,18,Female,Pune,Mobile App,156,9,3140.74,At Risk
CUST102557,25,Male,Kolkata,Mobile App,12,29,5536.26,Champions
CUST102558,28,Male,Mumbai,Mobile App,68,9,6124.26,Loyal
CUST102559,28,Male,Chennai,Store,41,14,1123.92,Potential Loyalists
CUST102560,47,Female,Pune,Online,16,19,6832.73,Champions
CUST102561,33,Female,Noida,Online,58,5,3740.71,Potential Loyalists
CUST102562,42,Male,Pune,Store,206,12,2806.27,At Risk
CUST102563,34,Male,Bengaluru,Online,151,11,3385.23,At Risk
CUST102564,41,Female,Kolkata,Online,32,7,2106.11,Potential Loyalists
CUST102565,28,Female,Chennai,Online,79,5,1990.46,Potential Loyalists
CUST102566,18,Male,Noida,Store,13,12,4282.26,Loyal
CUST102567,18,Female,Bengaluru,Mobile App,24,20,9533.95,Champions
CUST102568,20,Male,Hyderabad,Mobile App,12,22,4960.85,Champions
CUST102569,24,Female,Mumbai,Online,213,13,947.76,At Risk
CUST102570,18,Male,Delhi,Online,207,3,471.09,Lost
CUST102571,37,Female,Chennai,Online,4,22,5595.69,Champions
CUST102572,22,Male,Chennai,Store,92,11,1870.17,Potential Loyalists
CUST102573,25,Male,Chennai,Online,148,10,638.21,At Risk
CUST102574,19,Male,Chennai,Store,322,2,2093.85,Lost
CUST102575,41,Male,Delhi,Online,88,8,6261.53,Potential Loyalists
CUST102576,20,Male,Delhi,Online,29,4,1918.6,Potential Loyalists
CUST102577,31,Male,Mumbai,Store,235,8,1488.57,At Risk
CUST102578,33,Male,Chennai,Store,301,4,1076.53,Lost
CUST102579,26,Female,Bengaluru,Online,16,24,2785.84,Champions
CUST102580,42,Female,Hyderabad,Store,300,2,820.26,Lost
CUST102581,39,Male,Mumbai,Mobile App,1,30,4309.14,Champions
CUST102582,65,Female,Kolkata,Store,228,4,526.5,Lost
CUST102583,40,Other,Pune,Mobile App,8,20,9734.2,Champions
CUST102584,40,Female,Pune,Online,71,14,4684.65,Loyal
CUST102585,24,Female,Kolkata,Online,21,19,8124.61,Champions
CUST102586,37,Male,Mumbai,Online,64,4,1712.44,Potential Loyalists
CUST102587,44,Female,Pune,Store,10,16,3400.61,Loyal
CUST102588,23,Female,Chennai,Online,19,13,1060.5,Loyal
CUST102589,36,Male,Chennai,Mobile App,95,8,823.0,Potential Loyalists
CUST102590,25,Female,Hyderabad,Mobile App,98,9,2591.48,Potential Loyalists
CUST102591,30,Male,Mumbai,Mobile App,199,10,2305.31,At Risk
CUST102592,35,Female,Kolkata,Store,210,2,2329.73,Lost
CUST102593,32,Female,Delhi,Mobile App,182,11,3914.97,At Risk
CUST102594,18,Male,Hyderabad,Mobile App,19,17,6088.04,Champions
CUST102595,39,Female,Hyderabad,Online,29,13,3449.05,Loyal
CUST102596,18,Female,Hyderabad,Mobile App,273,2,862.42,Lost
CUST102597,47,Male,Noida,Online,29,24,7115.59,Champions
CUST102598,55,Male,Pune,Online,36,8,1880.72,Potential Loyalists
CUST102599,44,Female,Delhi,Online,186,2,763.32,Lost
CUST102600,38,Male,Bengaluru,Online,181,2,1716.76,Lost
CUST102601,37,Male,Noida,Online,70,11,2433.57,Potential Loyalists
CUST102602,24,Male,Hyderabad,Mobile App,206,7,851.41,At Risk
CUST102603,29,Male,Hyderabad,Online,38,8,1048.97,Potential Loyalists
CUST102604,38,Male,Chennai,Mobile App,210,10,1297.94,At Risk
CUST102605,18,Male,Bengaluru,Mobile App,26,24,7046.6,Champions
CUST102606,19,Male,Delhi,Store,34,28,5002.5,Champions
CUST102607,29,Male,Chennai,Store,42,6,2845.79,Potential Loyalists
CUST102608,29,Female,Pune,Online,32,12,4452.28,Loyal
CUST102609,42,Female,Chennai,Online,166,12,697.11,At Risk
CUST102610,43,Male,Kolkata,Online,60,13,2719.91,Loyal
CUST102611,42,Female,Hyderabad,Mobile App,227,2,852.08,Lost
CUST102612,47,Male,Bengaluru,Online,120,11,2367.57,At Risk
CUST102613,34,Male,Hyderabad,Online,73,7,2047.97,Potential Loyalists
CUST102614,24,Male,Chennai,Online,100,9,786.78,At Risk
CUST102615,20,Female,Hyderabad,Online,71,13,5337.99,Loyal
CUST102616,44,Female,Mumbai,Online,92,6,1031.91,Potential Loyalists
CUST102617,29,Female,Hyderabad,Mobile App,17,14,2808.08,Loyal
CUST102618,49,Male,Hyderabad,Online,267,4,1311.63,Lost
CUST102619,39,Female,Hyderabad,Store,192,3,656.89,Lost
CUST102620,40,Female,Pune,Mobile App,345,1,549.91,Lost
CUST102621,42,Female,Chennai,Store,244,3,1343.95,Lost
CUST102622,26,Male,Mumbai,Online,262,2,926.22,Lost
CUST102623,53,Female,Chennai,Online,15,14,3608.96,Loyal
CUST102624,36,Female,Mumbai,Online,250,3,1274.5,Lost
CUST102625,23,Male,Hyderabad,Online,87,7,4325.21,Potential Loyalists
CUST102626,51,Female,Bengaluru,Store,43,6,1842.33,Potential Loyalists
CUST102627,18,Male,Kolkata,Online,105,7,4685.82,Potential Loyalists
CUST102628,29,Female,Pune,Mobile App,30,11,2112.82,Loyal
CUST102629,49,Female,Chennai,Mobile App,38,13,1696.72,Loyal
CUST102630,34,Male,Noida,Online,69,12,1737.87,Loyal
CUST102631,48,Female,Bengaluru,Online,28,28,5060.03,Champions
CUST102632,47,Male,Bengaluru,Store,70,6,806.21,Potential Loyalists
CUST102633,32,Female,Bengaluru,Store,323,4,877.75,Lost
CUST102634,40,Female,Mumbai,Online,221,11,2150.3,At Risk
CUST102635,18,Female,Hyderabad,Mobile App,108,12,1891.46,Potential Loyalists
CUST102636,41,Female,Delhi,Mobile App,85,7,2466.18,Potential Loyalists
CUST102637,18,Male,Noida,Store,81,8,3185.35,Potential Loyalists
CUST102638,26,Female,Mumbai,Store,44,12,1224.69,Loyal
CUST102639,38,Male,Pune,Online,302,3,664.26,Lost
CUST102640,45,Female,Delhi,Mobile App,18,15,4441.34,Loyal
CUST102641,18,Male,Hyderabad,Store,199,7,3270.06,At Risk
CUST102642,34,Female,Chennai,Store,208,12,2042.29,At Risk
CUST102643,18,Male,Hyderabad,Online,118,8,2892.0,Potential Loyalists
CUST102644,34,Male,Pune,Mobile App,328,3,782.34,Lost
CUST102645,24,Female,Chennai,Store,20,12,2476.23,Loyal
CUST102646,39,Female,Delhi,Store,350,2,433.45,Lost
CUST102647,41,Female,Bengaluru,Online,200,7,5093.33,At Risk
CUST102648,28,Male,Chennai,Online,232,6,2166.61,At Risk
CUST102649,37,Other,Pune,Mobile App,112,5,3841.28,At Risk
CUST102650,46,Male,Kolkata,Online,330,2,718.89,Lost
CUST102651,48,Female,Chennai,Online,334,3,1757.26,Lost
CUST102652,55,Female,Mumbai,Store,115,5,1538.91,Potential Loyalists
CUST102653,27,Male,Hyderabad,Store,104,8,4056.3,At Risk
CUST102654,18,Female,Mumbai,Online,188,14,1737.7,At Risk
CUST102655,36,Male,Pune,Online,20,4,1456.68,Potential Loyalists
CUST102656,31,Female,Pune,Online,359,2,76.39,Lost
CUST102657,28,Female,Chennai,Online,73,17,3310.02,Loyal
CUST102658,33,Female,Bengaluru,Store,119,5,1356.22,Potential Loyalists
CUST102659,41,Male,Hyderabad,Online,30,25,3624.78,Champions
CUST102660,37,Female,Hyderabad,Store,44,12,1760.64,Loyal
CUST102661,38,Male,Noida,Online,253,3,161.84,Lost
CUST102662,31,Male,Pune,Mobile App,63,14,3764.32,Loyal
CUST102663,41,Male,Bengaluru,Mobile App,60,11,2680.92,Loyal
CUST102664,36,Female,Mumbai,Mobile App,44,12,4704.61,Loyal
CUST102665,39,Female,Chennai,Mobile App,29,8,4540.79,Potential Loyalists
CUST102666,35,Male,Pune,Online,217,6,3622.3,At Risk
CUST102667,22,Female,Mumbai,Online,348,1,1328.68,Lost
CUST102668,33,Female,Kolkata,Online,16,25,4296.41,Champions
CUST102669,43,Male,Hyderabad,Store,108,5,1017.99,Potential Loyalists
CUST102670,31,Female,Kolkata,Online,60,10,2926.72,Potential Loyalists
CUST102671,34,Male,Delhi,Mobile App,45,5,1967.99,Potential Loyalists
CUST102672,31,Male,Chennai,Store,72,13,1856.87,Potential Loyalists
CUST102673,35,Male,Chennai,Online,32,12,3554.41,Loyal
CUST102674,39,Female,Pune,Online,78,6,2579.63,Potential Loyalists
CUST102675,37,Female,Chennai,Online,107,9,1514.26,Potential Loyalists
CUST102676,44,Female,Hyderabad,Mobile App,52,6,3127.43,Potential Loyalists
CUST102677,24,Female,Bengaluru,Store,45,7,2022.75,Potential Loyalists
CUST102678,28,Male,Mumbai,Online,140,12,1872.07,At Risk
CUST102679,23,Male,Chennai,Online,145,6,1915.25,At Risk
CUST102680,31,Male,Chennai,Online,74,12,5179.52,Loyal
CUST102681,34,Female,Kolkata,Mobile App,202,5,1417.87,At Risk
CUST102682,28,Female,Chennai,Store,348,2,443.06,Lost
CUST102683,21,Female,Mumbai,Store,30,27,6261.17,Champions
CUST102684,31,Female,Noida,Online,48,4,1274.79,Potential Loyalists
CUST102685,18,Male,Kolkata,Mobile App,33,15,4435.7,Loyal
CUST102686,18,Male,Mumbai,Online,167,7,1236.23,At Risk
CUST102687,28,Male,Pune,Store,24,18,1059.84,Loyal
CUST102688,33,Male,Pune,Store,177,9,2221.55,At Risk
CUST102689,32,Female,Kolkata,Store,44,15,2796.97,Loyal
CUST102690,30,Male,Chennai,Mobile App,68,7,3941.25,Potential Loyalists
CUST102691,22,Male,Bengaluru,Mobile App,208,3,993.25,Lost
CUST102692,37,Female,Kolkata,Online,32,16,1403.46,Loyal
CUST102693,29,Male,Mumbai,Online,272,2,1495.06,Lost
CUST102694,39,Female,Mumbai,Store,238,3,1020.3,Lost
CUST102695,40,Male,Noida,Mobile App,290,4,753.44,Lost
CUST102696,24,Male,Hyderabad,Online,56,10,1641.42,Loyal
CUST102697,42,Male,Bengaluru,Online,142,10,1161.02,At Risk
CUST102698,28,Female,Chennai,Online,25,24,7788.06,Champions
CUST102699,25,Female,Bengaluru,Online,18,14,1391.83,Loyal
CUST102700,47,Male,Delhi,Mobile App,236,6,1042.86,Lost
CUST102701,46,Male,Bengaluru,Mobile App,169,7,2281.07,At Risk
CUST102702,35,Female,Mumbai,Store,112,4,1698.47,Potential Loyalists
CUST102703,18,Female,Kolkata,Online,15,15,1274.49,Loyal
CUST102704,53,Female,Hyderabad,Mobile App,223,8,1586.37,At Risk
CUST102705,20,Female,Chennai,Online,184,4,1104.95,At Risk
CUST102706,28,Other,Bengaluru,Mobile App,68,6,2232.0,Potential Loyalists
CUST102707,31,Female,Chennai,Online,328,2,500.26,Lost
CUST102708,26,Male,Delhi,Online,51,9,1347.05,Loyal
CUST102709,24,Male,Chennai,Mobile App,12,15,5210.37,Loyal
CUST102710,18,Female,Hyderabad,Mobile App,107,9,4245.38,At Risk
CUST102711,48,Female,Pune,Mobile App,275,5,295.68,Lost
CUST102712,52,Male,Delhi,Store,49,8,2137.75,Loyal
CUST102713,44,Male,Pune,Store,63,12,4523.99,Loyal
CUST102714,23,Female,Bengaluru,Online,34,24,5110.73,Champions
CUST102715,18,Female,Kolkata,Online,180,4,819.41,Lost
CUST102716,50,Female,Noida,Online,52,11,1650.36,Loyal
CUST102717,18,Female,Chennai,Mobile App,92,6,928.74,Potential Loyalists
CUST102718,45,Female,Pune,Mobile App,357,4,763.11,Lost
CUST102719,23,Other,Chennai,Store,10,26,4510.31,Champions
CUST102720,26,Male,Kolkata,Mobile App,21,10,2046.55,Potential Loyalists
CUST102721,30,Male,Delhi,Mobile App,85,7,949.67,Potential Loyalists
CUST102722,39,Female,Bengaluru,Store,147,8,1679.75,At Risk
CUST102723,50,Male,Delhi,Store,46,15,1277.42,Loyal
CUST102724,34,Female,Delhi,Online,49,7,2913.5,Potential Loyalists
CUST102725,23,Female,Hyderabad,Store,41,17,2247.82,Loyal
CUST102726,28,Female,Bengaluru,Mobile App,168,6,1890.34,At Risk
CUST102727,18,Female,Kolkata,Online,149,10,1738.1,At Risk
CUST102728,42,Female,Hyderabad,Store,8,23,6184.6,Champions
CUST102729,25,Other,Bengaluru,Online,16,13,2388.37,Loyal
CUST102730,25,Male,Chennai,Store,339,1,3171.38,Lost
CUST102731,18,Female,Noida,Store,33,21,6135.96,Champions
CUST102732,25,Male,Mumbai,Mobile App,13,11,2797.98,Loyal
CUST102733,25,Male,Noida,Online,99,6,2041.06,Potential Loyalists
CUST102734,18,Male,Noida,Store,40,11,3974.75,Loyal
CUST102735,27,Male,Mumbai,Online,32,16,3602.99,Loyal
CUST102736,45,Male,Mumbai,Online,119,6,1937.37,Potential Loyalists
CUST102737,23,Female,Delhi,Store,61,13,2865.77,Loyal
CUST102738,54,Other,Kolkata,Online,43,8,2525.34,Potential Loyalists
CUST102739,40,Male,Mumbai,Mobile App,149,10,947.14,At Risk
CUST102740,26,Female,Chennai,Mobile App,78,7,524.0,Potential Loyalists
CUST102741,39,Male,Noida,Store,29,24,9374.03,Champions
CUST102742,44,Male,Kolkata,Store,267,2,1328.35,Lost
CUST102743,43,Male,Mumbai,Store,60,17,2397.53,Loyal
CUST102744,29,Female,Noida,Mobile App,150,10,1583.18,At Risk
CUST102745,34,Female,Pune,Online,51,14,2495.87,Loyal
CUST102746,30,Male,Bengaluru,Online,206,10,5526.42,At Risk
CUST102747,32,Female,Noida,Online,33,18,3992.46,Loyal
CUST102748,37,Female,Noida,Online,55,10,4850.17,Loyal
CUST102749,24,Female,Bengaluru,Online,77,9,3923.97,Potential Loyalists
CUST102750,22,Male,Chennai,Store,19,24,9473.99,Champions
CUST102751,27,Male,Hyderabad,Mobile App,44,13,3378.12,Loyal
CUST102752,18,Female,Delhi,Store,232,5,2565.96,At Risk
CUST102753,42,Male,Kolkata,Online,272,4,386.35,Lost
CUST102754,18,Male,Bengaluru,Online,19,27,5118.87,Champions
CUST102755,44,Female,Hyderabad,Store,263,2,819.78,Lost
CUST102756,26,Male,Hyderabad,Store,201,10,1998.85,At Risk
CUST102757,34,Male,Kolkata,Online,343,3,1298.89,Lost
CUST102758,18,Female,Kolkata,Online,112,7,1939.12,At Risk
CUST102759,23,Female,Pune,Store,193,5,2326.56,At Risk
CUST102760,33,Male,Pune,Mobile App,45,7,1804.96,Potential Loyalists
CUST102761,27,Female,Noida,Store,184,9,1074.18,At Risk
CUST102762,35,Female,Kolkata,Mobile App,344,2,612.21,Lost
CUST102763,32,Male,Pune,Store,16,23,3529.32,Champions
CUST102764,37,Male,Chennai,Store,61,11,2495.31,Loyal
CUST102765,55,Female,Delhi,Mobile App,27,24,7970.67,Champions
CUST102766,43,Female,Kolkata,Online,214,4,290.19,Lost
CUST102767,23,Male,Kolkata,Store,27,4,4726.84,Potential Loyalists
CUST102768,38,Female,Noida,Mobile App,157,6,1861.34,At Risk
CUST102769,18,Female,Mumbai,Online,292,2,869.52,Lost
CUST102770,43,Male,Kolkata,Mobile App,273,2,2105.59,Lost
CUST102771,28,Female,Bengaluru,Store,37,11,1575.63,Loyal
CUST102772,44,Female,Kolkata,Online,99,6,2873.62,At Risk
CUST102773,28,Female,Kolkata,Online,226,3,2773.64,Lost
CUST102774,29,Male,Pune,Online,10,15,4613.19,Champions
CUST102775,42,Male,Noida,Online,152,10,2818.91,At Risk
CUST102776,30,Male,Pune,Online,48,13,2697.35,Loyal
CUST102777,59,Female,Chennai,Store,135,8,281.23,At Risk
CUST102778,21,Female,Hyderabad,Mobile App,29,7,3626.1,Potential Loyalists
CUST102779,38,Female,Delhi,Mobile App,32,8,4083.88,Loyal
CUST102780,28,Male,Pune,Mobile App,22,17,7306.8,Champions
CUST102781,19,Other,Noida,Mobile App,31,18,2543.46,Champions
CUST102782,32,Female,Kolkata,Online,11,22,4579.77,Champions
CUST102783,52,Male,Chennai,Online,147,8,973.09,At Risk
CUST102784,25,Female,Chennai,Store,54,20,1468.39,Loyal
CUST102785,26,Female,Bengaluru,Online,53,14,1140.47,Loyal
CUST102786,30,Male,Kolkata,Online,94,6,1650.33,At Risk
CUST102787,43,Female,Kolkata,Online,164,12,1890.79,At Risk
CUST102788,24,Female,Mumbai,Mobile App,22,7,806.05,Potential Loyalists
CUST102789,51,Male,Kolkata,Mobile App,329,5,911.18,Lost
CUST102790,28,Male,Pune,Store,34,10,2541.77,Loyal
CUST102791,28,Male,Chennai,Mobile App,228,3,139.65,Lost
CUST102792,31,Male,Bengaluru,Mobile App,30,27,9284.24,Champions
CUST102793,22,Female,Noida,Online,177,9,2207.89,At Risk
CUST102794,20,Female,Noida,Online,245,3,318.83,Lost
CUST102795,23,Male,Delhi,Online,192,4,160.4,Lost
CUST102796,41,Male,Mumbai,Online,48,4,2786.51,Potential Loyalists
CUST102797,46,Male,Delhi,Store,105,9,1280.06,At Risk
CUST102798,33,Male,Noida,Online,52,14,1564.39,Loyal
CUST102799,27,Male,Bengaluru,Mobile App,200,4,1002.53,At Risk
CUST102800,43,Female,Chennai,Mobile App,148,4,2431.14,At Risk
CUST102801,33,Female,Bengaluru,Mobile App,249,1,2436.58,Lost
CUST102802,45,Male,Pune,Online,61,7,1203.82,Potential Loyalists
CUST102803,36,Female,Bengaluru,Online,24,23,12568.28,Champions
CUST102804,25,Female,Bengaluru,Store,107,11,2099.92,Potential Loyalists
CUST102805,32,Female,Chennai,Online,29,18,6443.48,Champions
CUST102806,18,Male,Hyderabad,Store,71,12,2484.29,Loyal
CUST102807,27,Female,Noida,Mobile App,61,10,1936.02,Loyal
CUST102808,48,Female,Hyderabad,Mobile App,200,10,1516.1,At Risk
CUST102809,35,Female,Noida,Online,31,10,2773.17,Loyal
CUST102810,49,Female,Hyderabad,Store,30,11,2636.19,Loyal
CUST102811,43,Female,Delhi,Online,30,22,11922.34,Champions
CUST102812,40,Female,Kolkata,Online,252,2,439.64,Lost
CUST102813,29,Female,Kolkata,Online,148,10,3045.26,At Risk
CUST102814,43,Female,Chennai,Store,7,22,8083.43,Champions
CUST102815,55,Female,Mumbai,Mobile App,20,22,10274.19,Champions
CUST102816,44,Other,Kolkata,Online,78,7,1132.88,Potential Loyalists
CUST102817,27,Female,Pune,Online,58,12,1746.1,Loyal
CUST102818,34,Female,Bengaluru,Online,41,9,1127.97,Potential Loyalists
CUST102819,39,Male,Chennai,Store,23,11,1426.24,Potential Loyalists
CUST102820,22,Male,Mumbai,Online,278,3,1144.03,Lost
CUST102821,30,Female,Hyderabad,Online,62,16,2471.06,Loyal
CUST102822,39,Female,Bengaluru,Online,93,6,3694.4,At Risk
CUST102823,41,Male,Noida,Online,22,26,7454.16,Champions
CUST102824,34,Male,Delhi,Store,340,3,2090.75,Lost
CUST102825,40,Female,Delhi,Store,197,2,1516.17,Lost
CUST102826,37,Female,Chennai,Mobile App,99,8,2284.81,At Risk
CUST102827,43,Male,Pune,Online,79,4,2941.84,Potential Loyalists
CUST102828,35,Female,Hyderabad,Mobile App,23,13,2459.58,Loyal
CUST102829,18,Female,Chennai,Store,115,9,1912.79,At Risk
CUST102830,18,Female,Noida,Store,92,10,5510.32,At Risk
CUST102831,38,Male,Bengaluru,Online,38,14,5530.73,Loyal
CUST102832,18,Male,Kolkata,Online,60,12,3552.13,Potential Loyalists
CUST102833,24,Female,Chennai,Mobile App,91,9,1698.32,Potential Loyalists
CUST102834,28,Female,Pune,Online,234,4,208.1,Lost
CUST102835,18,Male,Bengaluru,Online,145,10,2372.24,At Risk
CUST102836,43,Female,Hyderabad,Online,152,8,2523.1,At Risk
CUST102837,32,Female,Bengaluru,Online,169,6,2645.42,At Risk
CUST102838,38,Female,Noida,Mobile App,51,16,5903.96,Loyal
CUST102839,21,Male,Mumbai,Store,29,9,4553.33,Loyal
CUST102840,18,Female,Chennai,Store,30,23,3924.47,Champions
CUST102841,29,Male,Kolkata,Store,166,10,3341.9,At Risk
CUST102842,35,Female,Pune,Store,106,6,600.81,Potential Loyalists
CUST102843,18,Male,Delhi,Mobile App,59,7,2047.51,Potential Loyalists
CUST102844,34,Male,Pune,Store,70,17,2684.33,Loyal
CUST102845,39,Female,Kolkata,Online,31,12,2542.15,Loyal
CUST102846,31,Male,Chennai,Mobile App,22,9,3249.26,Potential Loyalists
CUST102847,31,Female,Kolkata,Mobile App,14,12,2737.0,Loyal
CUST102848,57,Male,Hyderabad,Online,7,19,2909.2,Champions
CUST102849,48,Male,Hyderabad,Store,117,7,1352.05,At Risk
CUST102850,54,Female,Kolkata,Online,68,13,1171.98,Loyal
CUST102851,29,Male,Chennai,Online,10,13,3626.42,Loyal
CUST102852,19,Female,Delhi,Online,58,9,3619.0,Potential Loyalists
CUST102853,25,Female,Pune,Online,99,7,1921.11,At Risk
CUST102854,22,Female,Bengaluru,Mobile App,40,8,4276.67,Loyal
CUST102855,39,Male,Kolkata,Online,125,9,1396.51,At Risk
CUST102856,18,Male,Noida,Online,343,3,126.49,Lost
CUST102857,18,Male,Kolkata,Mobile App,225,13,2624.98,At Risk
CUST102858,34,Female,Pune,Store,25,6,1880.1,Potential Loyalists
CUST102859,18,Male,Hyderabad,Online,224,9,1285.47,At Risk
CUST102860,45,Male,Chennai,Mobile App,90,9,2162.13,Potential Loyalists
CUST102861,34,Female,Mumbai,Mobile App,45,10,1511.63,Potential Loyalists
CUST102862,27,Female,Bengaluru,Mobile App,20,4,3703.21,Potential Loyalists
CUST102863,21,Male,Kolkata,Online,25,10,978.2,Loyal
CUST102864,49,Male,Kolkata,Online,32,27,8884.96,Champions
CUST102865,18,Female,Hyderabad,Online,65,5,1374.76,Potential Loyalists
CUST102866,38,Male,Bengaluru,Store,5,26,2909.59,Champions
CUST102867,34,Female,Bengaluru,Online,117,9,1554.12,Potential Loyalists
CUST102868,40,Female,Hyderabad,Online,71,4,1300.26,Potential Loyalists
CUST102869,52,Other,Mumbai,Online,347,3,2782.77,Lost
CUST102870,46,Female,Noida,Online,33,26,7106.12,Champions
CUST102871,35,Male,Kolkata,Online,147,6,2288.42,At Risk
CUST102872,44,Female,Kolkata,Mobile App,82,10,941.88,Potential Loyalists
CUST102873,18,Male,Kolkata,Store,3,27,5874.65,Champions
CUST102874,38,Male,Hyderabad,Mobile App,45,21,4189.48,Loyal
CUST102875,34,Male,Delhi,Online,6,21,10860.53,Champions
CUST102876,36,Female,Mumbai,Online,64,15,2714.37,Loyal
CUST102877,30,Female,Chennai,Online,66,20,2711.37,Loyal
CUST102878,37,Female,Kolkata,Store,66,7,1296.31,Potential Loyalists
CUST102879,40,Female,Mumbai,Online,68,9,2697.21,Potential Loyalists
CUST102880,42,Male,Bengaluru,Store,28,27,6100.53,Champions
CUST102881,48,Male,Pune,Mobile App,44,13,3216.45,Loyal
CUST102882,32,Male,Mumbai,Mobile App,21,24,5556.61,Champions
CUST102883,26,Male,Chennai,Store,29,5,1619.32,Potential Loyalists
CUST102884,43,Other,Pune,Mobile App,10,12,4411.47,Loyal
CUST102885,33,Other,Mumbai,Online,87,6,1977.17,Potential Loyalists
CUST102886,24,Male,Mumbai,Store,26,9,4096.57,Loyal
CUST102887,30,Female,Noida,Mobile App,6,22,5063.34,Champions
CUST102888,44,Female,Hyderabad,Online,209,3,896.3,Lost
CUST102889,18,Female,Pune,Store,34,21,7083.26,Champions
CUST102890,35,Female,Pune,Store,21,25,4698.27,Champions
CUST102891,42,Female,Delhi,Online,31,26,10282.21,Champions
CUST102892,36,Female,Pune,Store,205,2,2025.11,Lost
CUST102893,27,Female,Mumbai,Store,106,6,877.73,Potential Loyalists
CUST102894,33,Female,Noida,Online,95,11,599.77,Potential Loyalists
CUST102895,39,Male,Noida,Online,339,1,914.01,Lost
CUST102896,39,Other,Mumbai,Store,31,18,10082.62,Champions
CUST102897,25,Female,Chennai,Store,185,4,129.71,Lost
CUST102898,27,Female,Bengaluru,Online,20,10,3228.65,Loyal
CUST102899,38,Male,Delhi,Mobile App,179,12,2512.67,At Risk
CUST102900,31,Female,Hyderabad,Mobile App,38,9,247.48,Potential Loyalists
CUST102901,24,Male,Bengaluru,Mobile App,26,14,1973.63,Loyal
CUST102902,32,Male,Delhi,Store,193,2,635.42,Lost
CUST102903,36,Male,Hyderabad,Mobile App,19,25,7307.36,Champions
CUST102904,46,Female,Bengaluru,Online,271,2,2624.52,Lost
CUST102905,27,Female,Pune,Store,13,13,2564.28,Loyal
CUST102906,39,Male,Hyderabad,Online,161,5,1228.21,At Risk
CUST102907,40,Female,Chennai,Store,267,1,834.79,Lost
CUST102908,35,Male,Mumbai,Online,2,20,5128.93,Champions
CUST102909,37,Female,Mumbai,Online,235,3,855.67,Lost
CUST102910,32,Female,Kolkata,Mobile App,103,4,1215.68,Potential Loyalists
CUST102911,29,Male,Pune,Mobile App,115,10,1449.43,At Risk
CUST102912,27,Female,Hyderabad,Online,10,28,9165.44,Champions
CUST102913,48,Male,Kolkata,Store,31,7,1781.83,Potential Loyalists
CUST102914,29,Female,Delhi,Online,228,7,1011.19,At Risk
CUST102915,41,Female,Bengaluru,Store,107,8,1186.13,Potential Loyalists
CUST102916,24,Female,Mumbai,Store,20,21,7061.75,Champions
CUST102917,28,Male,Mumbai,Store,69,13,1423.81,Loyal
CUST102918,25,Female,Chennai,Online,332,1,808.5,Lost
CUST102919,41,Male,Mumbai,Store,26,22,4474.9,Champions
CUST102920,34,Female,Mumbai,Online,121,10,1929.38,At Risk
CUST102921,29,Female,Bengaluru,Store,347,3,2549.87,Lost
CUST102922,40,Male,Noida,Store,28,22,3047.67,Champions
CUST102923,30,Female,Kolkata,Mobile App,32,11,2253.84,Loyal
CUST102924,33,Female,Mumbai,Store,153,14,2056.64,At Risk
CUST102925,33,Male,Delhi,Online,10,25,5623.89,Champions
CUST102926,30,Female,Mumbai,Online,99,7,4327.31,Potential Loyalists
CUST102927,41,Male,Hyderabad,Mobile App,97,5,2293.78,At Risk
CUST102928,31,Male,Kolkata,Store,84,6,2222.71,Potential Loyalists
CUST102929,45,Male,Chennai,Store,72,12,969.58,Loyal
CUST102930,56,Female,Kolkata,Online,149,11,1858.72,At Risk
CUST102931,29,Other,Noida,Online,21,5,634.8,Potential Loyalists
CUST102932,28,Male,Mumbai,Mobile App,64,10,4327.68,Loyal
CUST102933,30,Male,Noida,Mobile App,96,8,987.23,Potential Loyalists
CUST102934,25,Male,Bengaluru,Online,203,3,1401.14,Lost
CUST102935,32,Female,Hyderabad,Online,138,7,4276.56,At Risk
CUST102936,30,Female,Hyderabad,Store,94,7,1764.9,Potential Loyalists
CUST102937,41,Female,Mumbai,Store,36,16,3816.56,Loyal
CUST102938,34,Male,Bengaluru,Mobile App,24,21,9580.82,Champions
CUST102939,34,Female,Mumbai,Online,28,11,2995.19,Loyal
CUST102940,23,Female,Pune,Online,18,25,4317.29,Champions
CUST102941,28,Male,Hyderabad,Store,198,3,1382.05,Lost
CUST102942,30,Male,Hyderabad,Online,46,14,3451.58,Loyal
CUST102943,39,Male,Chennai,Store,110,11,3019.65,At Risk
CUST102944,18,Female,Mumbai,Online,22,16,4040.05,Loyal
CUST102945,34,Female,Mumbai,Online,68,15,1377.32,Loyal
CUST102946,53,Female,Chennai,Store,25,7,2401.96,Potential Loyalists
CUST102947,28,Male,Bengaluru,Online,27,6,3245.07,Loyal
CUST102948,36,Male,Chennai,Mobile App,206,12,1337.46,At Risk
CUST102949,44,Male,Mumbai,Mobile App,296,6,283.59,Lost
CUST102950,53,Female,Noida,Store,232,2,784.88,Lost
CUST102951,30,Other,Pune,Online,4,27,3539.56,Champions
CUST102952,29,Female,Kolkata,Online,110,5,2200.7,At Risk
CUST102953,18,Male,Bengaluru,Store,25,24,4805.15,Champions
CUST102954,21,Male,Noida,Online,218,4,1795.79,Lost
CUST102955,40,Male,Noida,Store,117,8,874.12,Potential Loyalists
CUST102956,25,Male,Hyderabad,Mobile App,15,12,3170.94,Loyal
CUST102957,39,Male,Chennai,Mobile App,30,27,4750.74,Champions
CUST102958,19,Male,Hyderabad,Online,5,22,4325.41,Champions
CUST102959,18,Male,Bengaluru,Store,22,13,6500.72,Loyal
CUST102960,45,Male,Delhi,Store,228,3,576.87,Lost
CUST102961,18,Female,Mumbai,Store,230,9,1115.24,At Risk
CUST102962,20,Female,Chennai,Mobile App,208,3,1123.78,Lost
CUST102963,27,Female,Kolkata,Store,24,24,7638.62,Champions
CUST102964,28,Female,Mumbai,Store,85,4,2322.91,Potential Loyalists
CUST102965,40,Female,Chennai,Online,45,14,4052.8,Loyal
CUST102966,35,Female,Mumbai,Online,75,4,1158.06,Potential Loyalists
CUST102967,35,Male,Chennai,Mobile App,74,15,3816.66,Loyal
CUST102968,18,Male,Kolkata,Online,70,13,3824.03,Loyal
CUST102969,29,Female,Bengaluru,Online,72,4,1587.14,Potential Loyalists
CUST102970,35,Female,Pune,Store,29,6,2390.13,Loyal
CUST102971,18,Female,Noida,Mobile App,109,5,1269.59,Potential Loyalists
CUST102972,38,Female,Pune,Store,140,6,2818.56,At Risk
CUST102973,31,Female,Noida,Store,21,17,6205.87,Champions
CUST102974,45,Male,Hyderabad,Store,249,2,403.23,Lost
CUST102975,33,Female,Kolkata,Store,90,9,1697.56,Potential Loyalists
CUST102976,20,Female,Chennai,Online,113,11,2182.51,At Risk
CUST102977,32,Male,Delhi,Online,181,11,1555.8,At Risk
CUST102978,31,Male,Noida,Mobile App,150,9,1963.09,At Risk
CUST102979,63,Male,Kolkata,Store,222,11,3126.42,At Risk
CUST102980,52,Male,Noida,Store,247,3,271.97,Lost
CUST102981,40,Male,Bengaluru,Mobile App,28,9,990.7,Potential Loyalists
CUST102982,30,Female,Hyderabad,Online,21,17,1221.29,Loyal
CUST102983,48,Male,Chennai,Online,9,22,7249.36,Champions
CUST102984,29,Male,Kolkata,Store,58,6,1788.38,Potential Loyalists
CUST102985,34,Female,Kolkata,Store,6,33,7598.04,Champions
CUST102986,39,Female,Mumbai,Mobile App,70,13,5415.54,Loyal
CUST102987,35,Male,Bengaluru,Online,24,21,2482.0,Champions
CUST102988,22,Female,Bengaluru,Online,93,5,2384.14,Potential Loyalists
CUST102989,33,Female,Chennai,Store,56,12,1444.58,Loyal
CUST102990,22,Male,Delhi,Mobile App,91,5,1213.83,Potential Loyalists
CUST102991,21,Female,Bengaluru,Online,196,7,2441.25,At Risk
CUST102992,40,Male,Chennai,Store,283,4,1242.0,Lost
CUST102993,18,Male,Delhi,Online,36,12,4983.29,Loyal
CUST102994,42,Male,Hyderabad,Online,27,8,1107.6,Potential Loyalists
CUST102995,20,Female,Kolkata,Store,32,10,2930.51,Potential Loyalists
CUST102996,23,Male,Bengaluru,Mobile App,88,6,1410.11,Potential Loyalists
CUST102997,49,Male,Hyderabad,Mobile App,125,7,4116.38,At Risk
CUST102998,25,Male,Pune,Online,44,14,2978.57,Loyal
CUST102999,24,Male,Kolkata,Online,233,3,1026.33,Lost
CUST103000,46,Female,Bengaluru,Store,29,22,3866.5,Champions
CUST103001,36,Female,Mumbai,Store,343,3,293.02,Lost
CUST103002,49,Male,Delhi,Online,86,6,5155.95,Potential Loyalists
CUST103003,29,Male,Mumbai,Store,58,10,2549.38,Loyal
CUST103004,25,Female,Noida,Online,235,5,1481.22,At Risk
CUST103005,25,Female,Hyderabad,Mobile App,17,28,9547.13,Champions
CUST103006,23,Male,Chennai,Store,225,8,1899.78,At Risk
CUST103007,35,Other,Delhi,Store,99,10,2241.28,Potential Loyalists
CUST103008,35,Male,Bengaluru,Mobile App,12,32,9693.63,Champions
CUST103009,22,Female,Kolkata,Mobile App,25,27,6314.16,Champions
CUST103010,30,Male,Chennai,Mobile App,131,7,921.36,At Risk
CUST103011,36,Male,Pune,Store,41,13,2688.68,Loyal
CUST103012,31,Male,Bengaluru,Store,302,3,1545.97,Lost
CUST103013,49,Male,Pune,Online,214,6,975.82,At Risk
CUST103014,31,Female,Hyderabad,Store,148,5,2919.88,At Risk
CUST103015,43,Male,Kolkata,Online,72,16,4294.79,Loyal
CUST103016,38,Male,Delhi,Online,105,11,673.89,At Risk
CUST103017,26,Male,Noida,Store,359,3,1307.68,Lost
CUST103018,28,Male,Noida,Online,21,20,8399.01,Champions
CUST103019,33,Female,Bengaluru,Mobile App,14,21,3243.94,Loyal
CUST103020,28,Male,Delhi,Online,13,19,6861.16,Loyal
CUST103021,49,Male,Noida,Online,42,15,998.2,Loyal
CUST103022,26,Male,Kolkata,Store,166,4,2069.03,At Risk
CUST103023,28,Female,Mumbai,Online,68,7,643.25,Potential Loyalists
CUST103024,34,Female,Chennai,Store,23,9,1983.54,Potential Loyalists
CUST103025,30,Male,Kolkata,Mobile App,29,12,2999.26,Loyal
CUST103026,41,Male,Noida,Mobile App,28,21,7419.91,Champions
CUST103027,21,Female,Delhi,Mobile App,15,15,1277.66,Loyal
CUST103028,40,Female,Hyderabad,Online,356,3,2800.03,Lost
CUST103029,47,Female,Bengaluru,Store,20,6,2813.99,Potential Loyalists
CUST103030,44,Male,Chennai,Mobile App,27,11,6951.02,Loyal
CUST103031,43,Male,Chennai,Online,157,8,2022.92,At Risk
CUST103032,26,Male,Bengaluru,Mobile App,23,23,2724.6,Champions
CUST103033,41,Male,Kolkata,Online,19,14,1588.74,Loyal
CUST103034,39,Male,Pune,Store,68,13,2296.68,Loyal
CUST103035,36,Female,Bengaluru,Store,244,4,557.09,Lost
CUST103036,53,Male,Mumbai,Online,130,7,3274.67,At Risk
CUST103037,40,Female,Noida,Online,53,11,2279.73,Potential Loyalists
CUST103038,45,Male,Noida,Online,24,25,5077.31,Champions
CUST103039,44,Male,Delhi,Online,14,18,2891.25,Loyal
CUST103040,31,Male,Delhi,Store,185,8,2432.29,At Risk
CUST103041,18,Female,Kolkata,Mobile App,11,14,2313.58,Loyal
CUST103042,42,Male,Pune,Online,187,2,1184.78,Lost
CUST103043,18,Female,Kolkata,Online,201,12,1630.67,At Risk
CUST103044,35,Female,Hyderabad,Mobile App,56,5,1925.8,Potential Loyalists
CUST103045,30,Male,Kolkata,Mobile App,107,7,1197.57,At Risk
CUST103046,41,Female,Bengaluru,Store,195,1,1281.58,Lost
CUST103047,18,Female,Bengaluru,Store,52,6,1130.82,Potential Loyalists
CUST103048,19,Female,Mumbai,Online,144,8,2529.26,At Risk
CUST103049,51,Female,Noida,Online,344,2,222.21,Lost
CUST103050,28,Male,Hyderabad,Online,74,10,894.14,Loyal
CUST103051,33,Female,Noida,Store,202,4,2850.72,Lost
CUST103052,22,Female,Bengaluru,Online,33,18,5138.62,Champions
CUST103053,36,Male,Pune,Store,120,8,2485.56,At Risk
CUST103054,27,Female,Kolkata,Mobile App,138,6,840.71,At Risk
CUST103055,18,Male,Hyderabad,Online,61,7,1747.96,Potential Loyalists
CUST103056,22,Female,Mumbai,Mobile App,86,5,3111.58,Potential Loyalists
CUST103057,27,Female,Pune,Mobile App,115,6,2601.09,Potential Loyalists
CUST103058,18,Female,Hyderabad,Mobile App,3,20,3808.82,Champions
CUST103059,32,Female,Mumbai,Mobile App,62,16,2368.64,Loyal
CUST103060,30,Male,Kolkata,Store,53,9,2220.11,Loyal
CUST103061,20,Female,Kolkata,Store,116,4,1615.15,Potential Loyalists
CUST103062,25,Female,Delhi,Online,38,8,836.03,Potential Loyalists
CUST103063,29,Female,Kolkata,Store,54,14,1312.39,Loyal
CUST103064,23,Female,Mumbai,Store,301,6,640.47,Lost
CUST103065,37,Male,Delhi,Mobile App,43,17,2863.39,Loyal
CUST103066,46,Female,Pune,Online,34,3,1353.2,Potential Loyalists
CUST103067,34,Female,Bengaluru,Mobile App,115,8,727.14,Potential Loyalists
CUST103068,29,Female,Mumbai,Mobile App,11,18,3237.49,Loyal
CUST103069,50,Male,Mumbai,Online,184,7,1705.61,At Risk
CUST103070,50,Male,Kolkata,Online,90,12,1400.09,Potential Loyalists
CUST103071,35,Male,Noida,Store,16,25,9118.93,Champions
CUST103072,35,Female,Pune,Online,308,5,1113.94,Lost
CUST103073,42,Female,Mumbai,Online,121,6,1898.27,At Risk
CUST103074,41,Male,Pune,Mobile App,136,9,1990.75,At Risk
CUST103075,26,Male,Pune,Online,198,2,608.77,Lost
CUST103076,22,Male,Kolkata,Online,318,1,3421.34,Lost
CUST103077,35,Male,Kolkata,Online,41,11,1787.09,Loyal
CUST103078,31,Male,Bengaluru,Online,90,8,822.35,Potential Loyalists
CUST103079,19,Female,Mumbai,Mobile App,92,7,4581.94,Potential Loyalists
CUST103080,20,Female,Delhi,Mobile App,28,8,3429.42,Loyal
CUST103081,41,Male,Hyderabad,Store,39,19,3589.32,Loyal
CUST103082,33,Male,Hyderabad,Online,22,28,4957.38,Champions
CUST103083,30,Female,Chennai,Online,120,11,2700.23,At Risk
CUST103084,38,Female,Noida,Online,141,6,3259.53,At Risk
CUST103085,22,Female,Kolkata,Online,176,9,2986.55,At Risk
CUST103086,32,Male,Mumbai,Store,64,17,1181.33,Loyal
CUST103087,26,Male,Noida,Mobile App,50,16,3665.38,Loyal
CUST103088,21,Female,Delhi,Online,109,8,1183.98,Potential Loyalists
CUST103089,18,Male,Chennai,Online,71,5,582.5,Potential Loyalists
CUST103090,25,Male,Kolkata,Store,222,2,210.3,Lost
CUST103091,29,Male,Mumbai,Store,230,2,1361.03,Lost
CUST103092,31,Female,Delhi,Online,299,4,1488.87,Lost
CUST103093,18,Female,Noida,Store,183,3,776.18,Lost
CUST103094,41,Male,Pune,Store,338,2,307.43,Lost
CUST103095,38,Male,Delhi,Online,113,8,2089.09,Potential Loyalists
CUST103096,20,Female,Chennai,Online,10,26,2695.75,Champions
CUST103097,35,Male,Noida,Mobile App,31,32,11990.55,Champions
CUST103098,32,Female,Mumbai,Online,16,16,2769.36,Loyal
CUST103099,26,Male,Noida,Online,50,19,2710.98,Loyal
CUST103100,22,Female,Delhi,Mobile App,35,9,4031.18,Loyal
CUST103101,24,Female,Pune,Store,217,2,400.57,Lost
CUST103102,26,Female,Chennai,Online,43,12,1915.46,Loyal
CUST103103,18,Male,Bengaluru,Store,289,2,478.5,Lost
CUST103104,39,Female,Delhi,Online,115,4,2451.16,At Risk
CUST103105,19,Male,Kolkata,Mobile App,91,5,1038.45,At Risk
CUST103106,28,Female,Bengaluru,Mobile App,149,4,1423.13,At Risk
CUST103107,29,Female,Noida,Mobile App,23,15,3646.35,Loyal
CUST103108,37,Male,Hyderabad,Mobile App,102,14,1890.48,At Risk
CUST103109,18,Male,Pune,Store,23,18,2836.88,Loyal
CUST103110,38,Male,Mumbai,Online,321,4,548.74,Lost
CUST103111,31,Female,Hyderabad,Online,46,9,1222.65,Loyal
CUST103112,23,Male,Noida,Online,28,11,2502.93,Loyal
CUST103113,44,Female,Delhi,Online,144,9,2643.28,At Risk
CUST103114,34,Female,Noida,Store,101,9,2066.42,At Risk
CUST103115,51,Male,Chennai,Store,80,6,1105.78,Potential Loyalists
CUST103116,51,Female,Pune,Online,133,14,1726.11,At Risk
CUST103117,45,Male,Delhi,Store,16,21,4904.98,Champions
CUST103118,36,Male,Delhi,Mobile App,217,11,1866.1,At Risk
CUST103119,18,Male,Pune,Online,60,17,2027.03,Loyal
CUST103120,49,Male,Bengaluru,Online,19,14,1698.5,Loyal
CUST103121,18,Male,Pune,Mobile App,61,11,3945.9,Loyal
CUST103122,26,Male,Hyderabad,Online,53,21,2814.45,Loyal
CUST103123,43,Female,Delhi,Online,65,13,2001.37,Loyal
CUST103124,19,Female,Chennai,Store,103,6,324.76,Potential Loyalists
CUST103125,35,Male,Delhi,Online,14,17,2177.73,Loyal
CUST103126,35,Female,Delhi,Store,55,10,5732.11,Loyal
CUST103127,22,Female,Delhi,Online,97,10,3715.79,Potential Loyalists
CUST103128,26,Male,Bengaluru,Online,23,30,4460.93,Champions
CUST103129,26,Female,Delhi,Store,200,8,1404.73,At Risk
CUST103130,18,Female,Hyderabad,Online,247,3,196.94,Lost
CUST103131,32,Male,Pune,Store,76,10,4009.03,Potential Loyalists
CUST103132,36,Male,Chennai,Store,234,2,1267.88,Lost
CUST103133,40,Female,Chennai,Online,24,23,4408.99,Champions
CUST103134,32,Female,Bengaluru,Mobile App,27,19,4464.73,Champions
CUST103135,43,Female,Chennai,Online,135,7,2640.02,At Risk
CUST103136,18,Male,Mumbai,Online,183,5,2457.92,At Risk
CUST103137,20,Female,Pune,Store,288,2,765.61,Lost
CUST103138,28,Female,Delhi,Mobile App,27,30,9142.07,Champions
CUST103139,29,Female,Mumbai,Online,129,8,3477.13,At Risk
CUST103140,37,Female,Kolkata,Store,54,12,2751.24,Loyal
CUST103141,38,Male,Mumbai,Store,23,18,4326.3,Loyal
CUST103142,20,Male,Pune,Online,10,16,5776.85,Loyal
CUST103143,35,Male,Mumbai,Store,273,6,333.29,Lost
CUST103144,49,Female,Chennai,Online,30,26,3090.57,Champions
CUST103145,39,Male,Bengaluru,Online,229,2,944.04,Lost
CUST103146,33,Female,Chennai,Online,117,7,3512.51,At Risk
CUST103147,39,Male,Kolkata,Online,101,7,1056.89,At Risk
CUST103148,31,Male,Delhi,Store,154,9,2637.43,At Risk
CUST103149,31,Female,Mumbai,Online,193,3,1959.17,Lost
CUST103150,38,Male,Mumbai,Mobile App,53,9,2101.86,Loyal
CUST103151,22,Male,Pune,Online,20,21,3726.43,Champions
CUST103152,34,Male,Bengaluru,Mobile App,91,8,4657.34,Potential Loyalists
CUST103153,25,Male,Kolkata,Mobile App,55,11,2864.44,Loyal
CUST103154,26,Male,Chennai,Online,27,27,10480.09,Champions
CUST103155,37,Male,Kolkata,Online,20,10,1138.43,Loyal
CUST103156,20,Male,Delhi,Store,34,11,4941.43,Loyal
CUST103157,46,Female,Kolkata,Store,9,24,4823.47,Champions
CUST103158,40,Male,Hyderabad,Online,5,25,5239.62,Champions
CUST103159,59,Female,Chennai,Mobile App,272,4,634.91,Lost
CUST103160,25,Female,Noida,Mobile App,38,17,3069.87,Loyal
CUST103161,25,Male,Hyderabad,Online,242,6,554.05,Lost
CUST103162,36,Female,Mumbai,Mobile App,204,2,748.95,Lost
CUST103163,24,Female,Chennai,Online,16,25,6062.91,Champions
CUST103164,29,Female,Kolkata,Mobile App,235,9,2723.12,At Risk
CUST103165,18,Female,Bengaluru,Store,97,12,953.2,Potential Loyalists
CUST103166,34,Female,Mumbai,Online,162,6,6422.87,At Risk
CUST103167,39,Male,Chennai,Online,11,14,9526.54,Champions
CUST103168,29,Male,Kolkata,Mobile App,74,11,1537.27,Loyal
CUST103169,42,Male,Noida,Mobile App,24,27,9444.77,Champions
CUST103170,62,Female,Pune,Online,66,6,1248.47,Potential Loyalists
CUST103171,44,Female,Chennai,Online,267,1,675.64,Lost
CUST103172,21,Male,Noida,Online,206,7,2073.2,At Risk
CUST103173,21,Female,Pune,Online,112,5,1620.71,At Risk
CUST103174,44,Male,Chennai,Online,234,3,913.76,Lost
CUST103175,48,Male,Noida,Store,217,5,1045.87,At Risk
CUST103176,18,Female,Pune,Store,2,31,2823.45,Champions
CUST103177,22,Female,Chennai,Store,217,4,999.94,Lost
CUST103178,23,Male,Noida,Online,15,8,1719.79,Loyal
CUST103179,41,Male,Noida,Online,22,17,5099.85,Champions
CUST103180,27,Male,Mumbai,Store,113,6,1319.13,Potential Loyalists
CUST103181,41,Other,Pune,Online,220,3,2404.31,Lost
CUST103182,39,Female,Hyderabad,Mobile App,61,10,632.52,Loyal
CUST103183,27,Male,Hyderabad,Online,24,8,1297.89,Potential Loyalists
CUST103184,40,Male,Chennai,Mobile App,11,14,982.01,Loyal
CUST103185,32,Female,Mumbai,Mobile App,4,24,9205.63,Champions
CUST103186,36,Male,Bengaluru,Online,20,22,7539.61,Champions
CUST103187,25,Male,Pune,Online,117,5,1639.81,At Risk
CUST103188,26,Female,Noida,Store,239,5,264.85,Lost
CUST103189,49,Female,Delhi,Store,10,17,5410.84,Champions
CUST103190,45,Male,Pune,Online,39,18,2485.06,Loyal
CUST103191,46,Male,Mumbai,Online,17,13,2264.59,Loyal
CUST103192,18,Female,Noida,Store,3,23,3340.41,Champions
CUST103193,36,Female,Chennai,Online,60,5,2656.99,Potential Loyalists
CUST103194,27,Female,Noida,Online,120,12,1795.63,At Risk
CUST103195,41,Male,Delhi,Online,213,10,2682.04,At Risk
CUST103196,38,Female,Pune,Mobile App,58,12,3422.73,Loyal
CUST103197,42,Male,Chennai,Online,65,5,1591.44,Potential Loyalists
CUST103198,33,Male,Bengaluru,Store,8,29,3932.34,Champions
CUST103199,39,Male,Noida,Store,23,20,4826.74,Champions
CUST103200,29,Male,Bengaluru,Mobile App,325,2,1938.01,Lost
CUST103201,18,Female,Delhi,Store,213,5,1804.11,At Risk
CUST103202,31,Male,Chennai,Mobile App,227,1,659.21,Lost
CUST103203,32,Male,Hyderabad,Mobile App,328,2,757.38,Lost
CUST103204,36,Female,Kolkata,Mobile App,144,9,2487.78,At Risk
CUST103205,33,Female,Hyderabad,Mobile App,294,1,2182.38,Lost
CUST103206,29,Male,Bengaluru,Online,51,6,879.69,Potential Loyalists
CUST103207,18,Male,Noida,Store,21,23,10758.93,Champions
CUST103208,41,Female,Chennai,Online,7,22,11453.92,Champions
CUST103209,23,Female,Kolkata,Mobile App,16,29,8314.25,Champions
CUST103210,18,Male,Kolkata,Store,29,28,3850.95,Champions
CUST103211,32,Female,Mumbai,Store,43,11,1724.15,Loyal
CUST103212,28,Male,Pune,Store,218,11,3821.95,At Risk
CUST103213,30,Female,Pune,Online,183,7,2010.72,At Risk
CUST103214,35,Other,Hyderabad,Online,60,6,2953.01,Potential Loyalists
CUST103215,27,Female,Pune,Online,17,18,5842.3,Champions
CUST103216,34,Male,Noida,Online,201,6,3851.67,At Risk
CUST103217,27,Male,Kolkata,Store,72,16,1690.1,Loyal
CUST103218,49,Female,Kolkata,Online,24,29,3806.8,Champions
CUST103219,59,Male,Pune,Online,60,13,3384.53,Loyal
CUST103220,21,Male,Noida,Mobile App,29,14,5875.1,Loyal
CUST103221,51,Female,Bengaluru,Online,33,9,2300.82,Loyal
CUST103222,32,Female,Kolkata,Mobile App,181,6,2401.14,At Risk
CUST103223,42,Male,Chennai,Online,132,12,2752.36,At Risk
CUST103224,39,Male,Chennai,Online,152,11,719.53,At Risk
CUST103225,45,Female,Mumbai,Store,16,23,7895.18,Champions
CUST103226,27,Male,Chennai,Store,179,7,1615.45,At Risk
CUST103227,34,Female,Mumbai,Online,214,7,2086.99,At Risk
CUST103228,38,Male,Chennai,Store,50,14,848.81,Loyal
CUST103229,28,Male,Pune,Online,180,9,2782.66,At Risk
CUST103230,28,Male,Bengaluru,Store,89,6,4207.18,Potential Loyalists
CUST103231,27,Female,Pune,Mobile App,22,7,1454.57,Potential Loyalists
CUST103232,33,Female,Mumbai,Online,3,22,4432.28,Champions
CUST103233,34,Male,Chennai,Online,54,7,1147.4,Potential Loyalists
CUST103234,29,Male,Delhi,Online,15,21,5492.99,Champions
CUST103235,28,Female,Delhi,Online,13,10,4428.4,Loyal
CUST103236,37,Female,Pune,Online,3,26,9302.36,Champions
CUST103237,44,Male,Hyderabad,Online,264,2,1094.18,Lost
CUST103238,33,Male,Kolkata,Store,14,12,1869.2,Loyal
CUST103239,40,Female,Kolkata,Store,58,15,1081.61,Loyal
CUST103240,18,Female,Kolkata,Online,33,15,4551.19,Loyal
CUST103241,21,Male,Delhi,Online,263,7,1078.54,Lost
CUST103242,48,Female,Pune,Online,48,8,3371.44,Potential Loyalists
CUST103243,52,Female,Delhi,Online,340,5,690.92,Lost
CUST103244,20,Female,Mumbai,Store,38,13,3378.96,Loyal
CUST103245,22,Female,Delhi,Online,23,24,5625.77,Champions
CUST103246,38,Male,Noida,Online,108,11,3786.24,Potential Loyalists
CUST103247,26,Male,Chennai,Store,37,10,2729.58,Loyal
CUST103248,27,Male,Mumbai,Online,117,13,1588.75,At Risk
CUST103249,47,Male,Hyderabad,Online,324,2,686.42,Lost
CUST103250,27,Female,Kolkata,Online,102,4,3318.32,Potential Loyalists
CUST103251,30,Male,Mumbai,Online,356,1,1557.27,Lost
CUST103252,18,Male,Noida,Mobile App,71,11,2128.78,Potential Loyalists
CUST103253,38,Male,Chennai,Online,67,11,3466.64,Loyal
CUST103254,30,Male,Noida,Online,34,6,3226.21,Potential Loyalists
CUST103255,52,Male,Bengaluru,Mobile App,24,22,4824.39,Champions
CUST103256,20,Female,Pune,Store,178,6,2668.99,At Risk
CUST103257,40,Male,Bengaluru,Online,23,31,7337.98,Champions
CUST103258,34,Other,Mumbai,Mobile App,25,14,5548.14,Loyal
CUST103259,35,Female,Delhi,Online,112,7,3345.13,Potential Loyalists
CUST103260,51,Male,Hyderabad,Store,8,24,3192.68,Champions
CUST103261,37,Female,Bengaluru,Store,1,22,2932.31,Champions
CUST103262,39,Female,Chennai,Online,238,4,1362.98,At Risk
CUST103263,43,Other,Bengaluru,Online,13,17,4989.93,Champions
CUST103264,48,Female,Mumbai,Online,45,8,4085.82,Potential Loyalists
CUST103265,19,Male,Bengaluru,Mobile App,15,14,3463.07,Loyal
CUST103266,35,Male,Hyderabad,Mobile App,72,13,4467.63,Loyal
CUST103267,37,Male,Delhi,Mobile App,23,14,4006.36,Loyal
CUST103268,18,Male,Pune,Online,96,6,2617.46,At Risk
CUST103269,23,Female,Pune,Mobile App,200,3,995.28,Lost
CUST103270,40,Male,Pune,Store,32,18,5929.43,Champions
CUST103271,40,Female,Kolkata,Store,353,4,241.34,Lost
CUST103272,33,Male,Kolkata,Store,114,3,955.36,Potential Loyalists
CUST103273,40,Female,Kolkata,Online,184,7,1327.23,At Risk
CUST103274,32,Male,Mumbai,Online,140,14,1579.49,At Risk
CUST103275,18,Male,Kolkata,Online,142,10,2703.63,At Risk
CUST103276,40,Female,Kolkata,Mobile App,231,4,670.62,At Risk
CUST103277,44,Female,Pune,Online,87,5,1364.35,Potential Loyalists
CUST103278,32,Male,Chennai,Online,45,7,1992.67,Potential Loyalists
CUST103279,26,Male,Chennai,Online,41,17,3040.57,Loyal
CUST103280,33,Male,Chennai,Store,6,24,5050.97,Champions
CUST103281,49,Other,Hyderabad,Store,228,9,3779.59,At Risk
CUST103282,26,Male,Delhi,Store,16,26,6214.56,Champions
CUST103283,32,Male,Bengaluru,Online,72,10,1868.1,Loyal
CUST103284,46,Female,Chennai,Mobile App,24,25,4362.45,Champions
CUST103285,18,Male,Pune,Online,65,20,2562.19,Loyal
CUST103286,43,Female,Bengaluru,Store,159,9,2071.46,At Risk
CUST103287,22,Female,Noida,Online,218,10,2534.69,At Risk
CUST103288,31,Male,Pune,Online,88,4,2069.2,Potential Loyalists
CUST103289,24,Male,Delhi,Store,28,26,7710.59,Champions
CUST103290,38,Male,Bengaluru,Mobile App,42,7,1085.5,Potential Loyalists
CUST103291,48,Male,Hyderabad,Online,39,14,5702.95,Loyal
CUST103292,45,Female,Pune,Online,114,7,996.81,At Risk
CUST103293,46,Female,Chennai,Mobile App,46,7,1111.88,Potential Loyalists
CUST103294,40,Male,Hyderabad,Online,100,5,549.31,Potential Loyalists
CUST103295,33,Female,Pune,Online,27,7,2291.5,Potential Loyalists
CUST103296,24,Female,Chennai,Mobile App,314,4,1902.76,Lost
CUST103297,34,Female,Chennai,Online,198,7,738.93,At Risk
CUST103298,28,Female,Pune,Store,104,5,701.43,Potential Loyalists
CUST103299,43,Female,Chennai,Store,116,4,2180.26,Potential Loyalists
CUST103300,24,Female,Pune,Online,9,25,5995.6,Champions
CUST103301,43,Female,Kolkata,Mobile App,195,3,438.16,Lost
CUST103302,37,Female,Bengaluru,Online,17,14,7350.63,Loyal
CUST103303,53,Male,Mumbai,Mobile App,25,16,4069.12,Loyal
CUST103304,34,Male,Pune,Online,188,5,3540.32,Lost
CUST103305,35,Male,Pune,Mobile App,227,7,1982.16,At Risk
CUST103306,31,Male,Kolkata,Mobile App,31,20,7648.7,Champions
CUST103307,36,Male,Chennai,Store,19,21,6907.65,Champions
CUST103308,21,Male,Chennai,Online,34,17,5066.54,Champions
CUST103309,40,Female,Kolkata,Online,108,9,1636.61,Potential Loyalists
CUST103310,38,Male,Chennai,Online,2,16,4658.79,Champions
CUST103311,40,Male,Hyderabad,Mobile App,207,2,728.91,Lost
CUST103312,40,Female,Noida,Mobile App,321,5,501.4,Lost
CUST103313,35,Female,Hyderabad,Mobile App,46,8,2010.28,Potential Loyalists
CUST103314,24,Male,Mumbai,Mobile App,43,4,1575.4,Potential Loyalists
CUST103315,36,Other,Kolkata,Store,31,15,3715.92,Loyal
CUST103316,36,Female,Delhi,Online,11,23,7881.29,Champions
CUST103317,31,Female,Delhi,Mobile App,132,9,789.24,At Risk
CUST103318,52,Male,Kolkata,Mobile App,4,24,6449.8,Champions
CUST103319,42,Male,Bengaluru,Online,31,18,2783.97,Champions
CUST103320,32,Female,Bengaluru,Online,27,12,3741.71,Loyal
CUST103321,37,Male,Hyderabad,Mobile App,15,28,8022.75,Champions
CUST103322,30,Male,Hyderabad,Store,61,7,1935.29,Potential Loyalists
CUST103323,34,Female,Chennai,Store,177,9,2669.2,At Risk
CUST103324,30,Male,Kolkata,Online,224,7,1571.47,At Risk
CUST103325,28,Male,Delhi,Online,90,8,3030.17,Potential Loyalists
CUST103326,18,Male,Pune,Store,197,3,732.88,Lost
CUST103327,49,Female,Mumbai,Store,71,5,1686.61,Potential Loyalists
CUST103328,22,Male,Hyderabad,Mobile App,204,3,321.79,Lost
CUST103329,19,Male,Bengaluru,Online,38,8,1471.54,Potential Loyalists
CUST103330,23,Male,Bengaluru,Store,39,15,1564.78,Loyal
CUST103331,43,Male,Delhi,Mobile App,238,2,318.93,Lost
CUST103332,54,Female,Hyderabad,Online,17,8,2774.4,Loyal
CUST103333,26,Female,Delhi,Mobile App,24,25,5956.77,Champions
CUST103334,43,Male,Chennai,Store,31,12,2074.54,Loyal
CUST103335,29,Male,Bengaluru,Store,60,14,2680.32,Loyal
CUST103336,21,Female,Delhi,Mobile App,17,15,1554.29,Loyal
CUST103337,49,Female,Kolkata,Store,66,8,1627.12,Potential Loyalists
CUST103338,45,Male,Kolkata,Online,292,3,1682.14,Lost
CUST103339,37,Male,Hyderabad,Mobile App,22,11,3486.59,Loyal
CUST103340,43,Male,Delhi,Store,83,12,3452.32,Potential Loyalists
CUST103341,18,Female,Bengaluru,Online,33,14,1909.77,Loyal
CUST103342,43,Male,Noida,Store,273,1,1440.05,Lost
CUST103343,46,Male,Pune,Store,26,23,5740.02,Champions
CUST103344,25,Male,Kolkata,Store,17,21,8490.66,Champions
CUST103345,33,Other,Hyderabad,Store,58,7,1381.59,Potential Loyalists
CUST103346,23,Female,Bengaluru,Online,150,2,2073.83,At Risk
CUST103347,39,Female,Mumbai,Store,92,8,3372.97,At Risk
CUST103348,33,Male,Chennai,Store,75,6,1649.32,Potential Loyalists
CUST103349,35,Other,Hyderabad,Online,214,5,1759.35,At Risk
CUST103350,49,Male,Mumbai,Store,69,16,2942.75,Loyal
CUST103351,58,Female,Mumbai,Mobile App,23,16,8718.95,Champions
CUST103352,34,Female,Kolkata,Online,32,26,4200.06,Champions
CUST103353,24,Male,Noida,Store,30,23,3217.82,Champions
CUST103354,38,Male,Delhi,Online,62,14,3524.33,Loyal
CUST103355,37,Male,Mumbai,Online,78,9,2622.4,Potential Loyalists
CUST103356,25,Female,Delhi,Store,18,16,2927.21,Loyal
CUST103357,34,Male,Pune,Store,59,8,3251.79,Potential Loyalists
CUST103358,19,Male,Bengaluru,Store,24,6,3578.4,Potential Loyalists
CUST103359,27,Female,Pune,Store,225,6,3462.95,At Risk
CUST103360,29,Female,Delhi,Online,121,8,1921.41,At Risk
CUST103361,42,Male,Pune,Mobile App,14,16,3767.01,Loyal
CUST103362,18,Male,Bengaluru,Mobile App,34,18,5851.92,Loyal
CUST103363,18,Male,Hyderabad,Online,104,6,1374.46,Potential Loyalists
CUST103364,25,Female,Delhi,Online,25,9,2881.14,Potential Loyalists
CUST103365,33,Female,Bengaluru,Online,23,14,1666.09,Loyal
CUST103366,25,Male,Delhi,Mobile App,24,11,2476.9,Loyal
CUST103367,32,Male,Kolkata,Online,155,15,2141.66,At Risk
CUST103368,38,Female,Bengaluru,Mobile App,99,6,2735.09,At Risk
CUST103369,37,Female,Delhi,Online,28,20,3266.53,Champions
CUST103370,35,Female,Pune,Online,103,6,2095.53,Potential Loyalists
CUST103371,31,Male,Delhi,Online,285,4,784.99,Lost
CUST103372,26,Male,Pune,Online,5,20,3621.43,Champions
CUST103373,42,Female,Hyderabad,Mobile App,202,3,1917.46,Lost
CUST103374,39,Male,Pune,Online,53,12,1241.82,Loyal
CUST103375,23,Female,Pune,Store,71,10,1660.3,Potential Loyalists
CUST103376,41,Female,Delhi,Mobile App,65,6,1490.02,Potential Loyalists
CUST103377,37,Male,Bengaluru,Mobile App,4,30,4316.45,Champions
CUST103378,32,Male,Bengaluru,Mobile App,269,4,787.19,Lost
CUST103379,35,Female,Chennai,Online,35,8,2224.05,Potential Loyalists
CUST103380,23,Male,Pune,Online,308,5,1104.96,Lost
CUST103381,32,Male,Bengaluru,Mobile App,24,13,2695.38,Loyal
CUST103382,32,Female,Mumbai,Online,312,4,228.27,Lost
CUST103383,49,Male,Bengaluru,Mobile App,300,4,1911.93,Lost
CUST103384,21,Female,Noida,Mobile App,90,8,425.47,Potential Loyalists
CUST103385,27,Female,Bengaluru,Store,72,14,1790.74,Loyal
CUST103386,23,Female,Pune,Mobile App,212,8,2648.57,At Risk
CUST103387,25,Male,Delhi,Mobile App,58,6,2024.06,Potential Loyalists
CUST103388,35,Male,Delhi,Store,189,3,1431.27,Lost
CUST103389,31,Female,Noida,Mobile App,41,9,1293.93,Potential Loyalists
CUST103390,30,Female,Noida,Store,69,19,2390.91,Loyal
CUST103391,41,Male,Hyderabad,Store,21,24,4276.81,Champions
CUST103392,40,Male,Mumbai,Store,101,8,2105.4,At Risk
CUST103393,48,Female,Kolkata,Mobile App,349,4,1543.22,Lost
CUST103394,22,Male,Kolkata,Store,27,24,4743.24,Champions
CUST103395,36,Male,Pune,Store,136,3,4255.69,At Risk
CUST103396,25,Female,Delhi,Store,200,2,1000.43,Lost
CUST103397,50,Male,Noida,Store,28,26,5294.44,Champions
CUST103398,20,Male,Noida,Online,10,28,8924.7,Champions
CUST103399,36,Male,Hyderabad,Mobile App,112,11,1838.97,At Risk
CUST103400,18,Female,Kolkata,Store,148,8,1434.4,At Risk
CUST103401,35,Female,Pune,Mobile App,1,22,4774.03,Champions
CUST103402,21,Male,Kolkata,Online,235,5,785.81,Lost
CUST103403,40,Female,Noida,Online,21,9,1137.97,Potential Loyalists
CUST103404,37,Male,Bengaluru,Store,358,7,619.15,Lost
CUST103405,32,Male,Noida,Mobile App,304,3,283.29,Lost
CUST103406,45,Female,Chennai,Online,145,7,2516.88,At Risk
CUST103407,38,Male,Pune,Online,57,4,1149.66,Potential Loyalists
CUST103408,30,Female,Delhi,Online,39,18,3404.88,Loyal
CUST103409,36,Male,Pune,Online,99,6,1254.05,Potential Loyalists
CUST103410,44,Female,Delhi,Online,9,21,8446.72,Champions
CUST103411,37,Male,Noida,Mobile App,233,7,662.36,At Risk
CUST103412,26,Female,Mumbai,Mobile App,11,23,9976.27,Champions
CUST103413,37,Female,Chennai,Online,62,12,2816.04,Potential Loyalists
CUST103414,34,Male,Mumbai,Mobile App,24,16,5712.99,Champions
CUST103415,46,Female,Noida,Online,12,14,1198.35,Loyal
CUST103416,32,Female,Delhi,Online,36,12,2168.84,Loyal
CUST103417,36,Female,Bengaluru,Mobile App,94,14,5038.42,At Risk
CUST103418,52,Male,Mumbai,Online,92,9,4655.95,At Risk
CUST103419,29,Male,Chennai,Online,24,22,6391.46,Champions
CUST103420,18,Male,Hyderabad,Store,220,3,1994.6,Lost
CUST103421,30,Female,Delhi,Store,181,2,784.11,Lost
CUST103422,31,Male,Delhi,Online,70,13,5053.69,Loyal
CUST103423,45,Female,Noida,Online,193,7,2913.67,At Risk
CUST103424,28,Female,Bengaluru,Online,43,6,2181.4,Potential Loyalists
CUST103425,23,Female,Bengaluru,Mobile App,21,21,10657.32,Champions
CUST103426,22,Female,Hyderabad,Online,76,5,662.03,Potential Loyalists
CUST103427,38,Female,Hyderabad,Online,7,22,12736.21,Champions
CUST103428,21,Male,Mumbai,Store,212,2,1741.4,Lost
CUST103429,39,Male,Delhi,Store,305,2,1781.67,Lost
CUST103430,48,Female,Noida,Online,201,5,1164.15,Lost
CUST103431,55,Female,Noida,Online,98,4,4421.96,Potential Loyalists
CUST103432,48,Female,Hyderabad,Online,45,11,3831.84,Potential Loyalists
CUST103433,34,Male,Kolkata,Mobile App,349,3,728.08,Lost
CUST103434,35,Female,Hyderabad,Online,45,14,4132.35,Loyal
CUST103435,47,Female,Bengaluru,Online,11,22,6756.29,Champions
CUST103436,29,Male,Mumbai,Online,47,7,1732.17,Potential Loyalists
CUST103437,39,Female,Bengaluru,Store,55,12,3204.06,Loyal
CUST103438,29,Female,Hyderabad,Online,68,17,2845.82,Loyal
CUST103439,32,Male,Delhi,Mobile App,10,22,7930.64,Champions
CUST103440,33,Male,Chennai,Online,80,8,413.55,Potential Loyalists
CUST103441,18,Male,Mumbai,Online,68,9,3592.3,Loyal
CUST103442,26,Male,Delhi,Store,73,20,2426.25,Loyal
CUST103443,38,Male,Bengaluru,Mobile App,21,19,4716.49,Champions
CUST103444,39,Female,Kolkata,Mobile App,12,11,3911.75,Loyal
CUST103445,36,Female,Hyderabad,Online,316,2,167.31,Lost
CUST103446,29,Female,Noida,Store,20,14,2220.34,Loyal
CUST103447,47,Female,Pune,Store,151,12,858.57,At Risk
CUST103448,34,Male,Pune,Online,109,11,1433.36,At Risk
CUST103449,29,Male,Kolkata,Mobile App,50,11,2114.47,Loyal
CUST103450,22,Male,Hyderabad,Online,290,2,615.81,Lost
CUST103451,42,Female,Hyderabad,Store,219,9,995.24,At Risk
CUST103452,40,Male,Chennai,Online,44,5,2773.5,Potential Loyalists
CUST103453,21,Male,Delhi,Online,25,20,6818.94,Champions
CUST103454,31,Female,Kolkata,Store,18,35,5165.6,Champions
CUST103455,18,Male,Kolkata,Online,350,6,873.05,Lost
CUST103456,18,Female,Bengaluru,Online,184,6,1215.79,At Risk
CUST103457,41,Male,Pune,Store,201,6,628.72,Lost
CUST103458,18,Male,Pune,Online,359,7,667.4,Lost
CUST103459,37,Female,Chennai,Online,27,19,5387.57,Champions
CUST103460,42,Male,Kolkata,Mobile App,230,7,4666.18,At Risk
CUST103461,43,Female,Noida,Online,86,7,2588.34,Potential Loyalists
CUST103462,36,Male,Pune,Mobile App,126,6,3778.47,At Risk
CUST103463,28,Male,Delhi,Mobile App,31,24,5978.1,Champions
CUST103464,38,Male,Bengaluru,Store,67,12,3849.17,Loyal
CUST103465,27,Female,Noida,Online,158,6,886.53,At Risk
CUST103466,18,Female,Chennai,Mobile App,216,12,2297.42,At Risk
CUST103467,31,Male,Bengaluru,Online,31,7,1886.97,Potential Loyalists
CUST103468,33,Male,Hyderabad,Mobile App,13,13,1276.72,Loyal
CUST103469,33,Female,Delhi,Online,36,9,4043.16,Loyal
CUST103470,42,Female,Kolkata,Online,277,4,1231.61,Lost
CUST103471,38,Male,Kolkata,Store,110,13,2055.52,Potential Loyalists
CUST103472,43,Male,Delhi,Store,47,4,1284.32,Potential Loyalists
CUST103473,27,Male,Chennai,Store,67,7,2758.55,Potential Loyalists
CUST103474,37,Female,Kolkata,Store,92,7,1677.83,Potential Loyalists
CUST103475,31,Female,Mumbai,Store,83,7,558.01,Potential Loyalists
CUST103476,35,Male,Kolkata,Online,29,5,1095.73,Potential Loyalists
CUST103477,18,Male,Mumbai,Mobile App,204,1,1369.57,Lost
CUST103478,34,Female,Kolkata,Mobile App,290,3,1056.95,Lost
CUST103479,18,Female,Bengaluru,Online,352,1,972.47,Lost
CUST103480,37,Female,Chennai,Online,25,9,1296.72,Potential Loyalists
CUST103481,39,Male,Delhi,Mobile App,52,7,1879.4,Potential Loyalists
CUST103482,47,Male,Delhi,Mobile App,205,6,1797.17,At Risk
CUST103483,31,Female,Chennai,Online,326,3,916.26,Lost
CUST103484,36,Male,Pune,Online,55,6,944.88,Potential Loyalists
CUST103485,47,Male,Hyderabad,Store,182,9,5072.29,At Risk
CUST103486,52,Male,Delhi,Store,168,11,3057.7,At Risk
CUST103487,40,Male,Noida,Online,102,6,1480.97,At Risk
CUST103488,20,Female,Mumbai,Store,234,7,1437.78,At Risk
CUST103489,26,Female,Bengaluru,Store,15,14,3673.52,Loyal
CUST103490,27,Female,Noida,Online,82,10,1656.12,Potential Loyalists
CUST103491,27,Male,Bengaluru,Online,67,8,1836.38,Potential Loyalists
CUST103492,29,Female,Hyderabad,Store,27,25,11417.68,Champions
CUST103493,18,Male,Bengaluru,Store,342,2,1519.58,Lost
CUST103494,42,Male,Pune,Online,58,3,2487.84,Potential Loyalists
CUST103495,44,Female,Pune,Store,28,20,5291.64,Champions
CUST103496,36,Female,Chennai,Online,182,11,1375.85,At Risk
CUST103497,18,Female,Noida,Online,234,9,2936.44,At Risk
CUST103498,46,Male,Delhi,Online,128,7,1470.22,At Risk
CUST103499,44,Male,Kolkata,Mobile App,29,9,5374.0,Loyal
CUST103500,40,Male,Hyderabad,Mobile App,242,3,858.15,Lost
CUST103501,22,Male,Kolkata,Store,103,8,1117.43,Potential Loyalists
CUST103502,34,Male,Noida,Mobile App,51,8,2018.36,Potential Loyalists
CUST103503,46,Female,Kolkata,Store,1,22,8557.17,Champions
CUST103504,41,Male,Mumbai,Online,234,9,2197.57,At Risk
CUST103505,19,Male,Bengaluru,Online,128,5,1985.09,At Risk
CUST103506,31,Female,Noida,Online,107,8,2032.95,Potential Loyalists
CUST103507,20,Male,Chennai,Mobile App,66,5,1335.96,Potential Loyalists
CUST103508,31,Male,Mumbai,Store,144,11,1972.59,At Risk
CUST103509,18,Female,Pune,Online,99,5,1957.44,At Risk
CUST103510,28,Male,Hyderabad,Online,39,14,2217.16,Loyal
CUST103511,29,Male,Noida,Online,182,2,376.83,Lost
CUST103512,23,Male,Mumbai,Online,166,9,3214.9,At Risk
CUST103513,40,Male,Delhi,Mobile App,356,1,980.75,Lost
CUST103514,42,Female,Delhi,Online,214,5,380.12,Lost
CUST103515,29,Other,Bengaluru,Mobile App,255,3,1092.01,Lost
CUST103516,45,Male,Noida,Mobile App,191,6,656.52,At Risk
CUST103517,40,Male,Kolkata,Online,26,6,2296.33,Potential Loyalists
CUST103518,48,Male,Hyderabad,Online,50,11,2807.96,Loyal
CUST103519,39,Male,Noida,Mobile App,37,9,3074.86,Potential Loyalists
CUST103520,32,Female,Mumbai,Online,124,9,3603.86,At Risk
CUST103521,18,Male,Delhi,Store,80,4,4403.7,Potential Loyalists
CUST103522,24,Female,Delhi,Mobile App,260,2,840.1,Lost
CUST103523,26,Male,Noida,Online,4,21,7904.07,Champions
CUST103524,47,Male,Hyderabad,Store,22,9,2229.2,Loyal
CUST103525,52,Female,Noida,Mobile App,72,3,4505.12,Potential Loyalists
CUST103526,37,Female,Chennai,Store,59,9,1695.25,Potential Loyalists
CUST103527,21,Male,Mumbai,Online,16,25,8379.67,Champions
CUST103528,34,Female,Kolkata,Store,4,16,5736.57,Champions
CUST103529,28,Female,Kolkata,Store,345,3,982.14,Lost
CUST103530,37,Male,Bengaluru,Online,58,8,1973.65,Potential Loyalists
CUST103531,35,Female,Pune,Mobile App,18,32,1572.5,Champions
CUST103532,25,Female,Pune,Store,28,18,5186.21,Champions
CUST103533,54,Female,Delhi,Online,78,6,1753.31,Potential Loyalists
CUST103534,44,Male,Mumbai,Store,32,12,2691.57,Loyal
CUST103535,49,Male,Delhi,Mobile App,102,4,1889.44,At Risk
CUST103536,39,Female,Delhi,Online,182,6,1202.27,At Risk
CUST103537,22,Female,Bengaluru,Online,18,13,4056.11,Loyal
CUST103538,38,Male,Pune,Online,108,8,2205.08,Potential Loyalists
CUST103539,40,Male,Chennai,Online,27,26,4920.89,Champions
CUST103540,39,Other,Hyderabad,Mobile App,28,9,3686.75,Loyal
CUST103541,31,Male,Noida,Store,278,3,696.81,Lost
CUST103542,35,Male,Mumbai,Online,68,6,1815.84,Potential Loyalists
CUST103543,19,Male,Pune,Store,227,5,490.64,Lost
CUST103544,44,Other,Delhi,Online,20,10,2654.56,Loyal
CUST103545,31,Male,Kolkata,Online,72,17,2710.31,Loyal
CUST103546,30,Male,Noida,Online,91,10,2450.22,Potential Loyalists
CUST103547,38,Female,Kolkata,Online,64,5,2411.61,Potential Loyalists
CUST103548,31,Female,Pune,Online,297,3,1350.37,Lost
CUST103549,25,Female,Bengaluru,Online,27,19,4776.45,Champions
CUST103550,19,Female,Mumbai,Online,341,5,241.33,Lost
CUST103551,36,Male,Delhi,Mobile App,279,4,456.92,Lost
CUST103552,33,Female,Hyderabad,Online,108,6,3992.31,Potential Loyalists
CUST103553,33,Female,Chennai,Online,73,12,918.46,Loyal
CUST103554,21,Female,Noida,Store,106,10,1045.51,Potential Loyalists
CUST103555,32,Male,Kolkata,Store,20,15,4455.01,Loyal
CUST103556,18,Male,Bengaluru,Store,133,9,2444.67,At Risk
CUST103557,25,Male,Bengaluru,Online,93,8,1693.7,Potential Loyalists
CUST103558,33,Female,Mumbai,Mobile App,183,4,530.01,Lost
CUST103559,22,Female,Mumbai,Online,205,9,1848.69,At Risk
CUST103560,18,Male,Delhi,Store,43,10,1852.69,Potential Loyalists
CUST103561,37,Female,Noida,Mobile App,174,10,995.19,At Risk
CUST103562,54,Male,Bengaluru,Online,25,4,4627.39,Potential Loyalists
CUST103563,44,Male,Kolkata,Online,200,5,2059.5,Lost
CUST103564,33,Male,Pune,Store,48,14,4054.5,Loyal
CUST103565,27,Male,Pune,Online,183,2,144.86,Lost
CUST103566,45,Female,Bengaluru,Store,221,5,5911.81,At Risk
CUST103567,27,Female,Chennai,Online,237,3,440.17,Lost
CUST103568,42,Male,Pune,Online,62,10,4581.34,Potential Loyalists
CUST103569,54,Male,Bengaluru,Store,229,4,628.28,Lost
CUST103570,37,Male,Mumbai,Mobile App,72,14,2028.01,Loyal
CUST103571,29,Female,Hyderabad,Mobile App,124,9,2197.92,At Risk
CUST103572,22,Other,Mumbai,Mobile App,13,21,4231.64,Champions
CUST103573,24,Male,Mumbai,Online,66,13,3932.6,Loyal
CUST103574,40,Female,Kolkata,Online,80,5,1672.76,Potential Loyalists
CUST103575,42,Male,Hyderabad,Online,54,12,5983.04,Loyal
CUST103576,40,Female,Mumbai,Store,58,14,3590.22,Loyal
CUST103577,22,Male,Hyderabad,Store,322,1,1204.43,Lost
CUST103578,32,Male,Kolkata,Online,51,25,6318.67,Loyal
CUST103579,28,Female,Kolkata,Store,210,6,1299.95,At Risk
CUST103580,19,Male,Pune,Online,17,21,11621.78,Champions
CUST103581,37,Male,Delhi,Store,135,10,2147.65,At Risk
CUST103582,40,Other,Bengaluru,Online,116,8,2218.22,At Risk
CUST103583,38,Other,Pune,Mobile App,107,6,1904.51,Potential Loyalists
CUST103584,18,Other,Kolkata,Online,100,10,1049.83,At Risk
CUST103585,34,Male,Hyderabad,Online,283,4,1814.83,Lost
CUST103586,48,Female,Pune,Mobile App,198,10,2980.37,At Risk
CUST103587,18,Female,Mumbai,Mobile App,23,13,4860.45,Loyal
CUST103588,32,Female,Noida,Store,71,5,2196.15,Potential Loyalists
CUST103589,27,Male,Pune,Mobile App,128,7,2508.19,At Risk
CUST103590,46,Male,Delhi,Online,17,17,2640.1,Loyal
CUST103591,33,Male,Hyderabad,Mobile App,193,14,5014.39,At Risk
CUST103592,32,Male,Mumbai,Mobile App,27,11,2237.79,Loyal
CUST103593,27,Female,Kolkata,Online,181,4,3133.59,At Risk
CUST103594,27,Other,Bengaluru,Store,24,19,7380.91,Champions
CUST103595,26,Male,Bengaluru,Online,17,20,3973.82,Champions
CUST103596,48,Male,Chennai,Store,331,7,1515.3,Lost
CUST103597,25,Male,Pune,Mobile App,230,2,782.84,Lost
CUST103598,39,Female,Mumbai,Store,268,3,1388.02,Lost
CUST103599,35,Female,Chennai,Online,325,2,349.91,Lost
CUST103600,29,Female,Bengaluru,Mobile App,119,6,1933.54,Potential Loyalists
CUST103601,40,Female,Chennai,Store,32,17,3763.07,Loyal
CUST103602,38,Female,Mumbai,Online,22,22,5287.12,Champions
CUST103603,18,Male,Chennai,Store,85,5,1668.48,Potential Loyalists
CUST103604,28,Female,Bengaluru,Mobile App,21,13,4076.47,Loyal
CUST103605,39,Female,Chennai,Online,212,1,817.8,Lost
CUST103606,25,Female,Kolkata,Online,18,18,2750.07,Champions
CUST103607,21,Female,Mumbai,Store,34,23,7892.26,Champions
CUST103608,44,Male,Noida,Online,57,11,3464.12,Loyal
CUST103609,28,Male,Mumbai,Store,47,19,4943.57,Loyal
CUST103610,31,Male,Bengaluru,Mobile App,47,15,4162.98,Loyal
CUST103611,33,Female,Pune,Store,205,7,2369.79,At Risk
CUST103612,40,Male,Noida,Mobile App,27,17,1339.76,Loyal
CUST103613,35,Female,Mumbai,Mobile App,74,10,1849.66,Potential Loyalists
CUST103614,38,Male,Mumbai,Online,352,2,224.88,Lost
CUST103615,46,Male,Mumbai,Online,36,5,1396.27,Potential Loyalists
CUST103616,20,Female,Pune,Store,117,9,2358.96,At Risk
CUST103617,49,Male,Noida,Mobile App,46,13,4224.81,Loyal
CUST103618,32,Male,Bengaluru,Online,19,19,7370.32,Champions
CUST103619,33,Male,Chennai,Store,34,11,2853.14,Loyal
CUST103620,30,Male,Hyderabad,Online,237,4,865.2,Lost
CUST103621,33,Male,Kolkata,Online,218,7,1286.59,At Risk
CUST103622,18,Female,Kolkata,Mobile App,20,6,4338.95,Loyal
CUST103623,27,Female,Chennai,Mobile App,100,5,1616.22,Potential Loyalists
CUST103624,35,Female,Pune,Store,333,2,1909.38,Lost
CUST103625,43,Male,Chennai,Mobile App,220,12,1189.26,At Risk
CUST103626,34,Male,Kolkata,Store,70,5,1660.08,Potential Loyalists
CUST103627,29,Female,Kolkata,Store,278,4,230.96,Lost
CUST103628,25,Female,Bengaluru,Online,217,12,1923.85,At Risk
CUST103629,39,Female,Delhi,Mobile App,94,9,1307.62,At Risk
CUST103630,18,Female,Bengaluru,Mobile App,30,14,3923.44,Loyal
CUST103631,30,Male,Noida,Mobile App,17,17,7398.22,Champions
CUST103632,38,Female,Bengaluru,Mobile App,345,4,1123.12,Lost
CUST103633,30,Other,Kolkata,Store,65,7,4616.47,Potential Loyalists
CUST103634,26,Female,Hyderabad,Online,46,4,2046.73,Potential Loyalists
CUST103635,42,Male,Delhi,Store,83,4,3627.98,Potential Loyalists
CUST103636,24,Female,Noida,Online,13,18,3700.2,Champions
CUST103637,37,Female,Mumbai,Online,209,1,1035.85,Lost
CUST103638,38,Male,Noida,Store,72,13,2077.5,Loyal
CUST103639,47,Female,Pune,Store,115,10,2497.21,At Risk
CUST103640,32,Female,Mumbai,Mobile App,43,3,2421.04,Potential Loyalists
CUST103641,47,Female,Bengaluru,Mobile App,22,11,2296.19,Loyal
CUST103642,18,Female,Chennai,Online,29,26,4458.16,Champions
CUST103643,54,Female,Pune,Online,91,4,4423.8,At Risk
CUST103644,23,Female,Pune,Online,48,8,2490.07,Loyal
CUST103645,27,Male,Kolkata,Mobile App,10,27,4886.16,Champions
CUST103646,27,Other,Hyderabad,Store,127,6,1460.33,At Risk
CUST103647,29,Male,Hyderabad,Online,36,9,4077.42,Loyal
CUST103648,24,Female,Delhi,Store,23,9,3984.45,Loyal
CUST103649,30,Female,Mumbai,Online,27,12,2967.92,Loyal
CUST103650,18,Male,Pune,Store,334,2,732.5,Lost
CUST103651,45,Female,Bengaluru,Online,12,15,2114.37,Loyal
CUST103652,33,Female,Chennai,Mobile App,22,18,3040.71,Loyal
CUST103653,32,Male,Hyderabad,Store,68,12,2900.11,Loyal
CUST103654,31,Female,Noida,Store,26,6,6101.03,Loyal
CUST103655,18,Male,Noida,Store,30,17,2590.29,Loyal
CUST103656,24,Female,Bengaluru,Online,21,20,4488.44,Champions
CUST103657,41,Male,Kolkata,Online,26,26,5375.13,Champions
CUST103658,48,Female,Delhi,Mobile App,64,7,3800.24,Potential Loyalists
CUST103659,20,Male,Pune,Online,207,2,1483.36,Lost
CUST103660,25,Male,Hyderabad,Store,22,21,3049.56,Champions
CUST103661,21,Male,Delhi,Online,12,14,2522.95,Loyal
CUST103662,28,Male,Mumbai,Online,201,2,1178.61,Lost
CUST103663,36,Female,Chennai,Online,272,2,1495.04,Lost
CUST103664,37,Female,Bengaluru,Mobile App,160,7,1523.13,At Risk
CUST103665,30,Male,Mumbai,Online,45,9,2579.24,Loyal
CUST103666,29,Female,Mumbai,Store,85,8,1482.99,Potential Loyalists
CUST103667,41,Male,Hyderabad,Online,17,16,2322.43,Loyal
CUST103668,31,Male,Kolkata,Mobile App,2,24,8354.38,Champions
CUST103669,35,Male,Hyderabad,Online,65,14,6274.06,Loyal
CUST103670,33,Male,Mumbai,Online,35,7,4550.24,Potential Loyalists
CUST103671,39,Male,Hyderabad,Mobile App,53,21,3205.77,Loyal
CUST103672,25,Male,Hyderabad,Mobile App,88,16,1413.76,Potential Loyalists
CUST103673,37,Female,Pune,Online,27,12,6052.12,Loyal
CUST103674,32,Other,Mumbai,Online,41,8,3062.82,Loyal
CUST103675,28,Female,Mumbai,Mobile App,115,7,3101.24,At Risk
CUST103676,28,Female,Bengaluru,Store,278,4,1934.0,Lost
CUST103677,36,Female,Mumbai,Mobile App,10,17,2481.5,Loyal
CUST103678,28,Female,Pune,Store,60,6,438.84,Potential Loyalists
CUST103679,26,Male,Hyderabad,Online,12,13,3819.99,Loyal
CUST103680,24,Male,Hyderabad,Store,2,23,10230.35,Champions
CUST103681,44,Female,Noida,Store,221,7,2961.29,At Risk
CUST103682,31,Female,Chennai,Store,41,11,2738.3,Loyal
CUST103683,31,Male,Noida,Online,108,5,1746.64,Potential Loyalists
CUST103684,27,Other,Chennai,Mobile App,25,6,3662.72,Potential Loyalists
CUST103685,48,Female,Hyderabad,Mobile App,56,16,4565.78,Loyal
CUST103686,48,Female,Pune,Online,33,22,4952.46,Champions
CUST103687,30,Male,Pune,Store,39,14,2438.29,Loyal
CUST103688,34,Male,Mumbai,Mobile App,192,4,707.34,Lost
CUST103689,31,Female,Delhi,Store,24,8,622.75,Potential Loyalists
CUST103690,25,Female,Pune,Online,17,15,5762.78,Loyal
CUST103691,36,Female,Chennai,Mobile App,3,23,11183.09,Champions
CUST103692,26,Female,Hyderabad,Mobile App,24,9,496.91,Potential Loyalists
CUST103693,47,Male,Mumbai,Mobile App,21,25,4489.84,Champions
CUST103694,19,Male,Chennai,Store,85,7,1682.75,Potential Loyalists
CUST103695,34,Female,Kolkata,Mobile App,195,5,1397.07,At Risk
CUST103696,25,Male,Pune,Mobile App,36,4,680.6,Potential Loyalists
CUST103697,34,Female,Delhi,Store,64,24,1427.17,Loyal
CUST103698,27,Female,Delhi,Store,5,32,8543.1,Champions
CUST103699,37,Male,Chennai,Mobile App,17,24,4803.61,Champions
CUST103700,31,Female,Pune,Mobile App,80,5,2101.76,Potential Loyalists
CUST103701,38,Female,Mumbai,Mobile App,349,3,930.48,Lost
CUST103702,32,Male,Chennai,Online,66,12,2124.93,Loyal
CUST103703,50,Male,Pune,Mobile App,59,11,1629.61,Potential Loyalists
CUST103704,40,Male,Hyderabad,Online,169,8,2893.19,At Risk
CUST103705,36,Male,Hyderabad,Store,20,21,4492.32,Champions
CUST103706,28,Male,Hyderabad,Store,21,24,3313.96,Champions
CUST103707,32,Male,Hyderabad,Store,63,14,3504.23,Loyal
CUST103708,37,Other,Delhi,Store,219,8,1580.11,At Risk
CUST103709,29,Male,Chennai,Store,75,8,948.06,Potential Loyalists
CUST103710,45,Male,Mumbai,Online,227,6,1124.24,At Risk
CUST103711,35,Other,Noida,Online,299,2,715.57,Lost
CUST103712,28,Other,Chennai,Mobile App,133,5,1721.77,At Risk
CUST103713,27,Male,Noida,Store,335,4,796.41,Lost
CUST103714,25,Male,Pune,Store,160,7,509.05,At Risk
CUST103715,38,Female,Bengaluru,Mobile App,257,3,472.84,Lost
CUST103716,42,Male,Chennai,Store,323,2,1628.6,Lost
CUST103717,38,Female,Delhi,Store,235,6,2617.62,At Risk
CUST103718,38,Male,Noida,Mobile App,141,2,2320.02,At Risk
CUST103719,31,Other,Kolkata,Online,319,1,346.41,Lost
CUST103720,38,Male,Delhi,Mobile App,48,4,1548.42,Potential Loyalists
CUST103721,44,Male,Chennai,Online,202,5,2192.78,At Risk
CUST103722,28,Male,Kolkata,Mobile App,75,10,2404.75,Potential Loyalists
CUST103723,18,Male,Kolkata,Mobile App,284,2,1160.73,Lost
CUST103724,41,Male,Noida,Store,39,7,1792.68,Potential Loyalists
CUST103725,43,Female,Chennai,Store,231,7,1595.47,At Risk
CUST103726,26,Female,Bengaluru,Online,133,7,2852.54,At Risk
CUST103727,51,Male,Chennai,Online,214,3,245.7,Lost
CUST103728,18,Male,Delhi,Online,40,9,3308.02,Loyal
CUST103729,25,Other,Noida,Online,231,7,1450.04,At Risk
CUST103730,28,Male,Hyderabad,Store,211,9,291.55,At Risk
CUST103731,18,Female,Pune,Mobile App,282,3,801.36,Lost
CUST103732,34,Male,Mumbai,Online,247,1,892.39,Lost
CUST103733,28,Female,Noida,Mobile App,73,7,2209.64,Potential Loyalists
CUST103734,37,Female,Delhi,Mobile App,72,10,336.64,Potential Loyalists
CUST103735,37,Male,Kolkata,Mobile App,62,15,2210.03,Loyal
CUST103736,29,Male,Pune,Online,342,2,1296.65,Lost
CUST103737,29,Male,Hyderabad,Online,22,12,2333.89,Loyal
CUST103738,30,Female,Mumbai,Store,105,9,2903.74,At Risk
CUST103739,47,Female,Pune,Online,128,9,2312.41,At Risk
CUST103740,35,Female,Pune,Store,80,10,4003.03,Potential Loyalists
CUST103741,18,Female,Mumbai,Online,33,16,2640.22,Loyal
CUST103742,24,Female,Hyderabad,Mobile App,59,17,3425.44,Loyal
CUST103743,32,Female,Bengaluru,Online,189,3,963.25,Lost
CUST103744,36,Male,Delhi,Mobile App,115,5,1278.94,Potential Loyalists
CUST103745,38,Male,Mumbai,Store,18,20,7743.2,Champions
CUST103746,36,Male,Kolkata,Online,99,6,3025.71,At Risk
CUST103747,35,Male,Hyderabad,Mobile App,71,15,3968.29,Loyal
CUST103748,27,Male,Delhi,Online,255,4,414.68,Lost
CUST103749,20,Female,Mumbai,Store,58,15,2490.11,Loyal
CUST103750,36,Male,Bengaluru,Online,56,9,2887.04,Loyal
CUST103751,38,Male,Pune,Online,16,24,5660.61,Champions
CUST103752,51,Male,Bengaluru,Online,23,9,2291.32,Potential Loyalists
CUST103753,27,Male,Chennai,Store,103,7,1994.34,Potential Loyalists
CUST103754,44,Female,Kolkata,Online,159,12,2437.32,At Risk
CUST103755,34,Female,Delhi,Mobile App,80,7,2465.65,Potential Loyalists
CUST103756,39,Female,Bengaluru,Online,34,16,2572.64,Loyal
CUST103757,34,Female,Pune,Online,43,14,3154.96,Loyal
CUST103758,24,Female,Mumbai,Store,74,13,4362.5,Loyal
CUST103759,31,Female,Delhi,Mobile App,194,2,1491.72,Lost
CUST103760,23,Female,Mumbai,Mobile App,68,15,3322.02,Loyal
CUST103761,45,Male,Noida,Store,252,3,2150.36,Lost
CUST103762,43,Male,Kolkata,Mobile App,12,10,4018.53,Loyal
CUST103763,29,Female,Delhi,Store,22,20,5763.97,Champions
CUST103764,43,Male,Pune,Online,22,13,2962.45,Loyal
CUST103765,39,Male,Hyderabad,Store,9,22,4389.93,Champions
CUST103766,18,Male,Delhi,Mobile App,191,4,1223.06,At Risk
CUST103767,43,Male,Bengaluru,Store,40,10,2122.52,Potential Loyalists
CUST103768,39,Female,Delhi,Online,15,9,2459.53,Loyal
CUST103769,18,Female,Chennai,Online,130,5,1989.75,At Risk
CUST103770,47,Female,Bengaluru,Store,159,5,3401.73,At Risk
CUST103771,29,Female,Delhi,Online,231,2,1646.39,Lost
CUST103772,59,Male,Kolkata,Online,199,3,596.76,Lost
CUST103773,50,Female,Bengaluru,Mobile App,147,6,3106.59,At Risk
CUST103774,40,Male,Bengaluru,Store,223,7,1922.21,At Risk
CUST103775,39,Female,Pune,Store,93,13,3355.89,At Risk
CUST103776,28,Male,Hyderabad,Store,105,6,1467.74,Potential Loyalists
CUST103777,33,Male,Kolkata,Online,116,10,2179.89,At Risk
CUST103778,21,Female,Noida,Online,3,26,7041.67,Champions
CUST103779,37,Female,Pune,Online,150,10,878.51,At Risk
CUST103780,29,Female,Pune,Mobile App,299,4,2519.76,Lost
CUST103781,28,Female,Noida,Online,33,24,6760.75,Champions
CUST103782,26,Female,Hyderabad,Online,324,3,854.85,Lost
CUST103783,21,Female,Mumbai,Store,237,4,308.6,Lost
CUST103784,32,Other,Kolkata,Store,44,16,7699.81,Loyal
CUST103785,31,Male,Delhi,Mobile App,62,6,1981.7,Potential Loyalists
CUST103786,40,Male,Hyderabad,Store,279,1,731.08,Lost
CUST103787,30,Male,Bengaluru,Online,251,1,714.5,Lost
CUST103788,38,Female,Pune,Store,1,25,6073.18,Champions
CUST103789,50,Male,Chennai,Online,47,13,7715.78,Loyal
CUST103790,28,Male,Pune,Online,116,10,1735.65,At Risk
CUST103791,38,Female,Delhi,Store,60,15,1809.2,Loyal
CUST103792,60,Male,Kolkata,Store,14,18,5592.07,Loyal
CUST103793,30,Male,Bengaluru,Online,31,22,9099.63,Champions
CUST103794,20,Male,Pune,Store,6,23,3632.71,Champions
CUST103795,39,Female,Mumbai,Online,77,6,1404.25,Potential Loyalists
CUST103796,29,Male,Kolkata,Online,115,9,1569.9,At Risk
CUST103797,20,Male,Hyderabad,Mobile App,234,10,845.18,At Risk
CUST103798,35,Female,Hyderabad,Mobile App,216,6,2992.91,At Risk
CUST103799,34,Male,Bengaluru,Online,70,10,1170.17,Potential Loyalists
CUST103800,18,Male,Kolkata,Mobile App,25,14,4685.12,Loyal
CUST103801,23,Male,Delhi,Online,29,19,10351.35,Champions
CUST103802,25,Female,Bengaluru,Mobile App,31,11,2355.99,Loyal
CUST103803,35,Male,Bengaluru,Store,54,10,4217.47,Loyal
CUST103804,23,Female,Mumbai,Store,38,13,2134.02,Loyal
CUST103805,29,Female,Bengaluru,Online,12,26,7073.41,Champions
CUST103806,27,Female,Kolkata,Store,18,25,6956.0,Champions
CUST103807,38,Male,Bengaluru,Store,191,6,3664.2,At Risk
CUST103808,26,Female,Mumbai,Mobile App,112,4,2511.01,At Risk
CUST103809,48,Male,Noida,Store,331,2,845.65,Lost
CUST103810,48,Male,Delhi,Online,179,11,3304.05,At Risk
CUST103811,33,Male,Kolkata,Online,77,5,2006.2,Potential Loyalists
CUST103812,30,Female,Pune,Online,3,28,3505.53,Champions
CUST103813,18,Male,Bengaluru,Store,107,9,1030.44,Potential Loyalists
CUST103814,35,Female,Noida,Mobile App,27,22,5853.21,Champions
CUST103815,43,Male,Mumbai,Online,85,8,766.63,Potential Loyalists
CUST103816,31,Male,Bengaluru,Online,40,17,5882.2,Loyal
CUST103817,34,Female,Hyderabad,Mobile App,26,13,2611.94,Potential Loyalists
CUST103818,22,Female,Mumbai,Online,31,10,3430.86,Loyal
CUST103819,42,Female,Mumbai,Online,104,10,1649.05,At Risk
CUST103820,42,Male,Pune,Online,308,2,886.41,Lost
CUST103821,20,Female,Bengaluru,Online,113,11,1507.52,At Risk
CUST103822,33,Female,Noida,Mobile App,117,8,3127.46,At Risk
CUST103823,25,Male,Hyderabad,Store,97,7,1273.84,Potential Loyalists
CUST103824,43,Female,Hyderabad,Online,21,23,6046.38,Champions
CUST103825,18,Male,Kolkata,Online,133,8,1497.96,At Risk
CUST103826,27,Female,Chennai,Store,87,9,658.65,Potential Loyalists
CUST103827,25,Male,Bengaluru,Online,31,10,6451.5,Loyal
CUST103828,24,Female,Mumbai,Online,62,18,2628.28,Loyal
CUST103829,35,Male,Bengaluru,Store,327,3,416.5,Lost
CUST103830,29,Female,Noida,Mobile App,183,7,1290.62,At Risk
CUST103831,44,Male,Kolkata,Store,60,8,1185.25,Potential Loyalists
CUST103832,34,Female,Bengaluru,Store,114,7,1751.52,At Risk
CUST103833,40,Male,Delhi,Mobile App,115,5,2839.35,Potential Loyalists
CUST103834,39,Male,Hyderabad,Store,45,8,1980.11,Potential Loyalists
CUST103835,41,Female,Kolkata,Online,10,11,1593.78,Loyal
CUST103836,35,Female,Bengaluru,Mobile App,60,9,1498.28,Potential Loyalists
CUST103837,18,Female,Chennai,Online,154,9,1474.62,At Risk
CUST103838,42,Male,Noida,Online,31,26,9226.33,Champions
CUST103839,20,Male,Chennai,Online,141,12,2631.11,At Risk
CUST103840,37,Male,Mumbai,Online,61,8,2655.97,Loyal
CUST103841,40,Female,Chennai,Mobile App,236,5,676.62,At Risk
CUST103842,37,Female,Mumbai,Online,97,11,2857.12,At Risk
CUST103843,40,Female,Kolkata,Store,232,5,1000.36,At Risk
CUST103844,18,Male,Mumbai,Online,36,6,1486.98,Potential Loyalists
CUST103845,24,Male,Chennai,Online,345,3,814.35,Lost
CUST103846,20,Male,Noida,Store,84,6,2412.59,Potential Loyalists
CUST103847,33,Male,Hyderabad,Online,200,9,1887.72,At Risk
CUST103848,51,Male,Hyderabad,Mobile App,202,5,3451.38,At Risk
CUST103849,50,Male,Pune,Online,23,9,4139.95,Loyal
CUST103850,35,Male,Bengaluru,Online,59,11,2415.65,Loyal
CUST103851,18,Male,Mumbai,Store,72,9,2488.31,Potential Loyalists
CUST103852,22,Male,Mumbai,Online,20,15,1795.06,Loyal
CUST103853,29,Female,Hyderabad,Mobile App,59,12,2045.88,Loyal
CUST103854,38,Female,Bengaluru,Online,18,15,3478.29,Loyal
CUST103855,51,Male,Kolkata,Store,73,4,4664.64,Potential Loyalists
CUST103856,39,Male,Kolkata,Online,13,13,5031.97,Loyal
CUST103857,35,Male,Kolkata,Online,125,6,2373.98,At Risk
CUST103858,36,Other,Bengaluru,Mobile App,53,2,3701.39,Potential Loyalists
CUST103859,33,Female,Pune,Store,218,5,536.88,At Risk
CUST103860,29,Male,Pune,Online,6,20,10998.27,Champions
CUST103861,45,Female,Noida,Online,62,10,1518.07,Potential Loyalists
CUST103862,29,Male,Delhi,Mobile App,25,24,4060.72,Champions
CUST103863,34,Other,Kolkata,Online,239,5,1745.87,At Risk
CUST103864,28,Female,Mumbai,Mobile App,21,17,2442.24,Loyal
CUST103865,32,Female,Pune,Online,266,4,554.55,Lost
CUST103866,23,Female,Bengaluru,Store,64,21,3524.98,Loyal
CUST103867,36,Male,Kolkata,Online,68,4,3781.05,Potential Loyalists
CUST103868,63,Male,Bengaluru,Online,42,17,3018.09,Loyal
CUST103869,47,Female,Pune,Online,116,7,3254.91,At Risk
CUST103870,46,Female,Kolkata,Online,39,12,2860.34,Potential Loyalists
CUST103871,30,Female,Pune,Online,11,9,2403.73,Loyal
CUST103872,47,Female,Noida,Online,29,9,4236.31,Loyal
CUST103873,40,Female,Pune,Store,2,21,7891.65,Champions
CUST103874,24,Male,Hyderabad,Store,17,33,1943.26,Champions
CUST103875,32,Female,Kolkata,Store,314,4,314.03,Lost
CUST103876,33,Female,Pune,Online,73,8,1645.7,Potential Loyalists
CUST103877,38,Female,Mumbai,Mobile App,12,15,8849.45,Champions
CUST103878,47,Male,Mumbai,Online,288,3,395.84,Lost
CUST103879,32,Male,Bengaluru,Store,30,22,3144.6,Champions
CUST103880,31,Male,Pune,Mobile App,20,9,919.56,Potential Loyalists
CUST103881,50,Female,Noida,Store,231,11,2055.07,At Risk
CUST103882,18,Male,Kolkata,Mobile App,300,2,1217.94,Lost
CUST103883,20,Female,Bengaluru,Store,105,13,1936.96,At Risk
CUST103884,21,Female,Noida,Store,23,8,2208.07,Potential Loyalists
CUST103885,51,Female,Kolkata,Store,310,2,1244.8,Lost
CUST103886,29,Male,Mumbai,Online,10,20,6744.71,Champions
CUST103887,30,Female,Bengaluru,Mobile App,344,2,850.56,Lost
CUST103888,41,Female,Kolkata,Online,199,5,353.44,Lost
CUST103889,42,Male,Pune,Store,219,3,1668.22,Lost
CUST103890,19,Male,Chennai,Mobile App,54,14,2215.81,Loyal
CUST103891,29,Male,Mumbai,Store,23,22,7121.8,Champions
CUST103892,32,Female,Bengaluru,Online,220,7,1731.27,At Risk
CUST103893,48,Female,Bengaluru,Online,100,4,1400.24,Potential Loyalists
CUST103894,31,Female,Delhi,Mobile App,22,2,1663.31,Potential Loyalists
CUST103895,38,Female,Bengaluru,Online,269,1,1543.54,Lost
CUST103896,45,Female,Hyderabad,Online,135,10,1559.01,At Risk
CUST103897,35,Male,Pune,Online,11,14,2479.66,Loyal
CUST103898,32,Male,Noida,Store,113,4,1622.09,Potential Loyalists
CUST103899,29,Male,Kolkata,Store,17,27,4244.83,Champions
CUST103900,54,Female,Mumbai,Mobile App,71,16,1155.8,Loyal
CUST103901,27,Male,Delhi,Online,32,25,2200.04,Champions
CUST103902,19,Female,Mumbai,Online,129,7,1597.61,At Risk
CUST103903,33,Male,Bengaluru,Online,170,9,2965.22,At Risk
CUST103904,34,Male,Hyderabad,Mobile App,50,9,1954.14,Potential Loyalists
CUST103905,45,Female,Delhi,Store,13,12,2736.95,Loyal
CUST103906,47,Male,Pune,Store,173,7,2298.52,At Risk
CUST103907,20,Female,Delhi,Online,234,8,1922.4,At Risk
CUST103908,32,Male,Delhi,Online,250,1,556.7,Lost
CUST103909,43,Male,Kolkata,Online,28,3,2273.31,Potential Loyalists
CUST103910,36,Female,Delhi,Online,164,5,1666.69,At Risk
CUST103911,41,Male,Chennai,Online,80,7,1791.44,Potential Loyalists
CUST103912,22,Male,Chennai,Online,26,14,1301.58,Potential Loyalists
CUST103913,36,Male,Pune,Online,359,5,1581.2,Lost
CUST103914,39,Male,Mumbai,Mobile App,55,12,3929.44,Loyal
CUST103915,23,Female,Noida,Online,15,15,3659.57,Loyal
CUST103916,44,Female,Delhi,Online,53,16,1618.19,Loyal
CUST103917,24,Male,Delhi,Mobile App,75,3,442.23,Potential Loyalists
CUST103918,49,Male,Mumbai,Mobile App,46,8,2736.9,Potential Loyalists
CUST103919,38,Male,Mumbai,Store,202,12,816.45,At Risk
CUST103920,35,Female,Chennai,Mobile App,34,10,1605.67,Potential Loyalists
CUST103921,40,Male,Delhi,Online,60,14,5231.65,Loyal
CUST103922,22,Male,Bengaluru,Mobile App,273,3,573.76,Lost
CUST103923,41,Female,Mumbai,Store,59,16,2462.34,Loyal
CUST103924,33,Female,Mumbai,Mobile App,271,3,669.21,Lost
CUST103925,54,Female,Hyderabad,Mobile App,12,10,2717.49,Loyal
CUST103926,18,Male,Bengaluru,Store,107,5,1328.91,Potential Loyalists
CUST103927,20,Female,Mumbai,Online,98,8,298.88,Potential Loyalists
CUST103928,22,Female,Hyderabad,Store,230,5,1453.54,Lost
CUST103929,36,Male,Kolkata,Store,2,31,7784.06,Champions
CUST103930,37,Female,Hyderabad,Mobile App,301,1,803.5,Lost
CUST103931,28,Female,Delhi,Mobile App,58,4,1402.09,Potential Loyalists
CUST103932,41,Male,Delhi,Online,81,4,1995.41,Potential Loyalists
CUST103933,63,Female,Mumbai,Online,72,4,3502.53,Potential Loyalists
CUST103934,43,Male,Mumbai,Online,25,23,7434.24,Champions
CUST103935,18,Female,Chennai,Online,79,5,906.67,Potential Loyalists
CUST103936,24,Male,Pune,Mobile App,14,17,4606.4,Loyal
CUST103937,30,Male,Chennai,Online,15,18,4978.43,Loyal
CUST103938,27,Male,Mumbai,Mobile App,200,10,1224.41,At Risk
CUST103939,30,Male,Kolkata,Store,94,7,1951.14,Potential Loyalists
CUST103940,38,Female,Chennai,Online,31,24,4482.22,Champions
CUST103941,40,Male,Noida,Store,30,21,8367.19,Champions
CUST103942,33,Female,Mumbai,Store,47,11,4358.58,Loyal
CUST103943,42,Female,Pune,Online,58,10,7105.79,Loyal
CUST103944,42,Male,Delhi,Online,110,10,3785.89,Potential Loyalists
CUST103945,18,Male,Delhi,Store,28,17,2754.64,Loyal
CUST103946,43,Female,Hyderabad,Store,236,3,356.02,Lost
CUST103947,26,Female,Mumbai,Mobile App,54,12,1968.36,Loyal
CUST103948,29,Male,Bengaluru,Mobile App,9,18,3369.92,Champions
CUST103949,19,Female,Bengaluru,Online,220,5,1071.67,Lost
CUST103950,22,Male,Chennai,Mobile App,69,14,6243.01,Loyal
CUST103951,28,Male,Hyderabad,Online,115,8,2453.62,Potential Loyalists
CUST103952,34,Male,Delhi,Store,334,3,773.27,Lost
CUST103953,34,Female,Delhi,Store,360,4,929.85,Lost
CUST103954,18,Male,Bengaluru,Store,121,5,1735.32,At Risk
CUST103955,54,Male,Mumbai,Store,29,25,6168.51,Champions
CUST103956,18,Male,Pune,Mobile App,70,5,2253.21,Potential Loyalists
CUST103957,35,Male,Mumbai,Mobile App,359,3,357.27,Lost
CUST103958,47,Male,Kolkata,Online,203,3,630.95,Lost
CUST103959,25,Female,Kolkata,Online,26,24,6453.25,Champions
CUST103960,31,Male,Bengaluru,Online,60,15,1300.35,Loyal
CUST103961,34,Male,Noida,Online,38,11,1206.86,Loyal
CUST103962,50,Female,Hyderabad,Online,28,20,7003.21,Champions
CUST103963,26,Female,Bengaluru,Store,109,4,1019.09,At Risk
CUST103964,44,Female,Pune,Store,26,10,3887.49,Loyal
CUST103965,18,Female,Hyderabad,Store,66,15,2015.01,Loyal
CUST103966,30,Male,Pune,Store,34,23,8992.28,Champions
CUST103967,39,Female,Kolkata,Online,21,5,1902.13,Potential Loyalists
CUST103968,28,Female,Noida,Store,24,24,4688.32,Champions
CUST103969,28,Male,Chennai,Online,118,8,2518.1,Potential Loyalists
CUST103970,32,Male,Hyderabad,Online,7,19,5404.37,Champions
CUST103971,30,Female,Delhi,Online,245,2,1177.57,Lost
CUST103972,46,Female,Delhi,Store,9,25,4845.48,Champions
CUST103973,36,Male,Delhi,Store,95,4,1904.86,Potential Loyalists
CUST103974,37,Female,Noida,Online,10,14,2973.33,Loyal
CUST103975,33,Female,Delhi,Store,25,18,4349.36,Champions
CUST103976,25,Female,Chennai,Mobile App,53,12,4729.15,Loyal
CUST103977,36,Female,Pune,Mobile App,10,24,6826.98,Champions
CUST103978,18,Male,Mumbai,Mobile App,33,23,4448.96,Champions
CUST103979,48,Female,Bengaluru,Store,96,9,808.24,Potential Loyalists
CUST103980,41,Female,Delhi,Online,197,13,1435.72,At Risk
CUST103981,49,Male,Chennai,Store,34,24,3448.99,Champions
CUST103982,36,Male,Hyderabad,Mobile App,95,10,1422.67,Potential Loyalists
CUST103983,20,Female,Hyderabad,Online,65,4,2590.69,Potential Loyalists
CUST103984,29,Female,Pune,Online,49,14,2042.64,Loyal
CUST103985,28,Male,Mumbai,Online,51,12,4169.3,Loyal
CUST103986,38,Male,Kolkata,Store,26,20,5301.62,Champions
CUST103987,22,Male,Hyderabad,Mobile App,60,11,3888.16,Loyal
CUST103988,35,Female,Chennai,Store,31,6,4769.91,Potential Loyalists
CUST103989,44,Female,Mumbai,Online,277,3,744.47,Lost
CUST103990,38,Male,Noida,Store,278,2,1941.05,Lost
CUST103991,33,Male,Mumbai,Online,277,3,545.92,Lost
CUST103992,27,Male,Hyderabad,Online,29,8,2916.18,Potential Loyalists
CUST103993,37,Female,Delhi,Online,29,19,4799.28,Champions
CUST103994,30,Female,Chennai,Mobile App,66,15,4380.32,Loyal
CUST103995,41,Male,Kolkata,Mobile App,40,14,2757.77,Loyal
CUST103996,29,Male,Mumbai,Store,15,21,8070.32,Champions
CUST103997,48,Female,Pune,Online,33,31,4343.82,Champions
CUST103998,28,Male,Mumbai,Mobile App,35,7,2087.35,Potential Loyalists
CUST103999,39,Male,Delhi,Store,17,5,2745.14,Loyal
CUST104000,24,Male,Pune,Mobile App,11,8,3506.9,Loyal
CUST104001,34,Female,Noida,Online,101,4,3635.87,At Risk
CUST104002,30,Male,Delhi,Store,32,8,3829.7,Loyal
CUST104003,47,Female,Kolkata,Store,325,3,701.43,Lost
CUST104004,18,Female,Mumbai,Store,18,11,1299.64,Loyal
CUST104005,56,Male,Delhi,Online,39,8,470.02,Potential Loyalists
CUST104006,54,Other,Chennai,Online,44,12,2981.3,Loyal
CUST104007,18,Male,Mumbai,Online,29,4,2446.27,Potential Loyalists
CUST104008,26,Male,Hyderabad,Mobile App,13,25,4257.03,Champions
CUST104009,23,Male,Hyderabad,Online,16,16,1105.77,Loyal
CUST104010,37,Male,Kolkata,Mobile App,46,7,1261.6,Potential Loyalists
CUST104011,34,Female,Chennai,Online,14,19,5047.96,Loyal
CUST104012,30,Male,Delhi,Store,43,15,1769.94,Loyal
CUST104013,18,Female,Hyderabad,Online,200,2,557.7,Lost
CUST104014,31,Male,Noida,Mobile App,22,18,8258.91,Champions
CUST104015,18,Male,Kolkata,Store,22,11,2871.69,Potential Loyalists
CUST104016,41,Female,Noida,Mobile App,84,7,892.84,Potential Loyalists
CUST104017,37,Male,Mumbai,Online,71,17,3037.8,Loyal
CUST104018,32,Male,Pune,Store,42,13,4065.74,Potential Loyalists
CUST104019,28,Female,Pune,Online,14,27,7165.31,Champions
CUST104020,51,Female,Noida,Mobile App,107,11,1945.11,At Risk
CUST104021,34,Male,Kolkata,Online,12,11,2135.14,Loyal
CUST104022,44,Male,Chennai,Online,46,18,2400.76,Loyal
CUST104023,18,Female,Pune,Online,17,11,3005.09,Loyal
CUST104024,37,Female,Bengaluru,Online,286,3,1615.01,Lost
CUST104025,27,Other,Mumbai,Online,117,8,2065.7,At Risk
CUST104026,18,Male,Chennai,Store,280,5,2255.29,Lost
CUST104027,31,Female,Noida,Store,121,4,1996.48,At Risk
CUST104028,18,Male,Mumbai,Online,186,10,1973.09,At Risk
CUST104029,29,Female,Kolkata,Online,36,2,2340.67,Potential Loyalists
CUST104030,51,Male,Chennai,Online,214,3,1236.42,Lost
CUST104031,54,Female,Kolkata,Mobile App,83,2,3591.58,Potential Loyalists
CUST104032,57,Female,Delhi,Online,72,11,3561.67,Loyal
CUST104033,31,Female,Chennai,Store,131,8,2306.45,At Risk
CUST104034,35,Male,Kolkata,Online,110,8,1695.92,Potential Loyalists
CUST104035,18,Female,Hyderabad,Mobile App,1,24,4852.73,Champions
CUST104036,37,Female,Noida,Online,67,15,1975.32,Loyal
CUST104037,25,Female,Chennai,Store,42,11,3152.55,Loyal
CUST104038,42,Female,Delhi,Store,195,2,591.62,Lost
CUST104039,36,Male,Noida,Mobile App,38,17,1625.21,Loyal
CUST104040,30,Male,Noida,Mobile App,228,4,1799.57,Lost
CUST104041,18,Male,Pune,Store,71,4,1008.61,Potential Loyalists
CUST104042,25,Male,Mumbai,Store,208,7,2648.14,At Risk
CUST104043,37,Female,Noida,Mobile App,18,19,3700.89,Champions
CUST104044,26,Female,Mumbai,Store,257,2,1108.56,Lost
CUST104045,18,Female,Pune,Mobile App,52,6,1933.82,Potential Loyalists
CUST104046,27,Male,Noida,Store,17,10,2697.75,Loyal
CUST104047,18,Female,Noida,Store,18,12,4345.27,Loyal
CUST104048,37,Male,Chennai,Store,21,15,5421.4,Loyal
CUST104049,22,Female,Delhi,Online,55,17,3340.74,Loyal
CUST104050,36,Female,Hyderabad,Store,149,8,1815.69,At Risk
CUST104051,37,Female,Mumbai,Store,330,5,1129.0,Lost
CUST104052,48,Male,Kolkata,Online,211,9,2156.98,At Risk
CUST104053,30,Male,Delhi,Mobile App,117,5,2934.39,Potential Loyalists
CUST104054,31,Male,Mumbai,Online,89,5,1745.97,Potential Loyalists
CUST104055,53,Male,Chennai,Mobile App,276,3,913.13,Lost
CUST104056,33,Male,Kolkata,Store,297,3,617.65,Lost
CUST104057,25,Female,Bengaluru,Store,41,13,2123.77,Loyal
CUST104058,24,Male,Chennai,Store,348,1,292.59,Lost
CUST104059,34,Female,Mumbai,Mobile App,29,11,2486.74,Loyal
CUST104060,38,Male,Mumbai,Online,110,5,1537.35,At Risk
CUST104061,30,Male,Noida,Online,235,3,2392.56,Lost
CUST104062,50,Female,Bengaluru,Online,211,10,2708.63,At Risk
CUST104063,22,Male,Hyderabad,Store,52,11,2715.85,Loyal
CUST104064,30,Male,Hyderabad,Online,33,6,2446.44,Potential Loyalists
CUST104065,21,Female,Chennai,Store,15,30,4417.82,Champions
CUST104066,23,Male,Pune,Mobile App,207,7,1189.64,At Risk
CUST104067,30,Male,Bengaluru,Store,53,14,2792.46,Loyal
CUST104068,41,Male,Mumbai,Online,133,4,3342.27,At Risk
CUST104069,27,Female,Chennai,Store,181,2,934.68,Lost
CUST104070,18,Female,Bengaluru,Mobile App,21,6,3337.51,Loyal
CUST104071,29,Female,Kolkata,Mobile App,25,9,3326.49,Loyal
CUST104072,34,Female,Mumbai,Mobile App,196,7,760.07,At Risk
CUST104073,18,Female,Mumbai,Mobile App,56,8,2320.79,Potential Loyalists
CUST104074,40,Female,Hyderabad,Online,22,14,3009.8,Loyal
CUST104075,36,Female,Chennai,Mobile App,24,30,3745.08,Champions
CUST104076,37,Female,Kolkata,Mobile App,111,7,1822.13,Potential Loyalists
CUST104077,39,Male,Bengaluru,Mobile App,215,7,913.14,At Risk
CUST104078,25,Male,Bengaluru,Online,86,4,4138.74,Potential Loyalists
CUST104079,32,Male,Pune,Mobile App,10,24,5957.91,Champions
CUST104080,30,Male,Noida,Online,89,6,1959.66,Potential Loyalists
CUST104081,42,Female,Mumbai,Mobile App,25,12,6043.28,Loyal
CUST104082,39,Female,Hyderabad,Store,53,15,2913.16,Loyal
CUST104083,23,Male,Noida,Store,180,6,790.66,At Risk
CUST104084,38,Female,Chennai,Online,63,9,4449.21,Loyal
CUST104085,35,Female,Delhi,Online,100,5,2817.28,Potential Loyalists
CUST104086,32,Female,Kolkata,Store,200,3,2340.4,Lost
CUST104087,47,Male,Kolkata,Online,116,9,863.15,Potential Loyalists
CUST104088,43,Male,Bengaluru,Store,90,5,3924.66,Potential Loyalists
CUST104089,29,Female,Kolkata,Mobile App,33,15,5429.04,Champions
CUST104090,28,Female,Bengaluru,Mobile App,38,14,2519.46,Loyal
CUST104091,53,Male,Delhi,Mobile App,23,28,4951.88,Champions
CUST104092,32,Male,Delhi,Mobile App,216,8,2835.58,At Risk
CUST104093,18,Female,Kolkata,Mobile App,316,5,440.46,Lost
CUST104094,18,Female,Hyderabad,Store,31,14,6185.74,Loyal
CUST104095,30,Male,Pune,Online,27,13,1492.81,Loyal
CUST104096,42,Male,Mumbai,Mobile App,26,13,1542.55,Loyal
CUST104097,59,Other,Hyderabad,Online,107,5,1205.01,Potential Loyalists
CUST104098,27,Male,Mumbai,Store,219,9,2476.24,At Risk
CUST104099,25,Female,Chennai,Mobile App,219,10,4175.47,At Risk
CUST104100,33,Male,Hyderabad,Store,205,2,456.41,Lost
CUST104101,29,Male,Pune,Store,51,12,2925.18,Loyal
CUST104102,27,Female,Hyderabad,Mobile App,201,12,3594.22,At Risk
CUST104103,35,Female,Delhi,Online,60,5,2234.37,Potential Loyalists
CUST104104,36,Male,Noida,Online,32,12,1019.23,Loyal
CUST104105,23,Male,Noida,Mobile App,332,4,1757.92,Lost
CUST104106,18,Female,Noida,Store,31,21,6780.37,Champions
CUST104107,33,Other,Noida,Mobile App,100,7,1139.84,At Risk
CUST104108,31,Female,Noida,Online,179,8,2132.17,At Risk
CUST104109,37,Male,Kolkata,Online,255,1,1746.97,Lost
CUST104110,44,Male,Chennai,Online,57,5,774.32,Potential Loyalists
CUST104111,31,Male,Chennai,Online,72,11,1682.26,Loyal
CUST104112,34,Male,Hyderabad,Mobile App,211,1,862.16,Lost
CUST104113,40,Male,Delhi,Online,219,13,4052.1,At Risk
CUST104114,30,Male,Hyderabad,Store,38,4,1827.03,Potential Loyalists
CUST104115,29,Male,Pune,Online,168,13,1176.33,At Risk
CUST104116,33,Female,Hyderabad,Online,69,12,3642.29,Loyal
CUST104117,40,Male,Kolkata,Online,70,9,2790.21,Potential Loyalists
CUST104118,26,Male,Chennai,Online,258,2,1384.19,Lost
CUST104119,37,Female,Delhi,Store,49,11,3123.04,Loyal
CUST104120,46,Female,Bengaluru,Online,43,5,2374.5,Potential Loyalists
CUST104121,37,Male,Chennai,Store,184,1,427.22,Lost
CUST104122,43,Female,Pune,Online,114,6,1550.14,At Risk
CUST104123,26,Male,Mumbai,Store,223,3,515.25,Lost
CUST104124,47,Female,Hyderabad,Online,48,10,3352.08,Loyal
CUST104125,41,Male,Kolkata,Online,352,6,490.73,Lost
CUST104126,48,Male,Noida,Store,23,23,5360.99,Champions
CUST104127,36,Female,Pune,Online,25,8,3875.96,Potential Loyalists
CUST104128,51,Female,Hyderabad,Online,117,5,1215.44,Potential Loyalists
CUST104129,18,Male,Chennai,Online,177,11,3015.28,At Risk
CUST104130,35,Female,Mumbai,Mobile App,192,2,1442.07,Lost
CUST104131,38,Male,Delhi,Online,178,7,3502.98,At Risk
CUST104132,27,Male,Pune,Online,199,11,1831.4,At Risk
CUST104133,18,Female,Pune,Online,101,4,3091.78,Potential Loyalists
CUST104134,50,Female,Noida,Online,46,5,3100.19,Potential Loyalists
CUST104135,25,Male,Kolkata,Store,64,5,2180.24,Potential Loyalists
CUST104136,34,Male,Chennai,Store,16,27,6937.62,Champions
CUST104137,33,Male,Pune,Store,59,6,1595.73,Potential Loyalists
CUST104138,41,Female,Hyderabad,Store,213,4,2092.02,Lost
CUST104139,34,Female,Delhi,Online,103,8,1621.62,At Risk
CUST104140,40,Female,Hyderabad,Mobile App,209,8,1837.9,At Risk
CUST104141,26,Female,Delhi,Store,58,10,2191.82,Loyal
CUST104142,34,Male,Chennai,Store,116,8,1911.16,Potential Loyalists
CUST104143,34,Male,Noida,Mobile App,24,24,4484.79,Champions
CUST104144,20,Female,Pune,Online,29,14,1893.48,Loyal
CUST104145,18,Male,Bengaluru,Online,103,4,4151.32,Potential Loyalists
CUST104146,32,Male,Kolkata,Store,46,10,4362.99,Loyal
CUST104147,31,Female,Noida,Online,13,21,2476.66,Champions
CUST104148,47,Female,Mumbai,Online,207,5,2067.73,At Risk
CUST104149,28,Female,Mumbai,Online,119,2,1903.75,Potential Loyalists
CUST104150,31,Female,Chennai,Online,100,5,1506.17,Potential Loyalists
CUST104151,28,Female,Bengaluru,Online,23,13,2281.76,Loyal
CUST104152,48,Female,Delhi,Online,24,7,1434.22,Potential Loyalists
CUST104153,45,Male,Hyderabad,Store,70,9,1130.45,Potential Loyalists
CUST104154,33,Female,Pune,Online,99,10,2681.63,Potential Loyalists
CUST104155,18,Male,Pune,Mobile App,90,6,1109.74,Potential Loyalists
CUST104156,33,Male,Pune,Store,26,21,8104.71,Champions
CUST104157,43,Other,Noida,Online,181,2,731.41,Lost
CUST104158,50,Female,Chennai,Store,3,21,7368.64,Champions
CUST104159,33,Other,Delhi,Store,65,10,3137.43,Potential Loyalists
CUST104160,35,Male,Kolkata,Mobile App,51,12,5938.54,Loyal
CUST104161,18,Male,Chennai,Mobile App,84,6,825.69,Potential Loyalists
CUST104162,29,Female,Hyderabad,Online,14,8,5247.08,Loyal
CUST104163,42,Female,Noida,Mobile App,229,2,576.49,Lost
CUST104164,26,Female,Mumbai,Store,37,8,2894.28,Loyal
CUST104165,27,Female,Hyderabad,Online,110,7,3491.89,At Risk
CUST104166,39,Female,Mumbai,Mobile App,64,9,2414.87,Loyal
CUST104167,37,Male,Pune,Online,12,24,9607.02,Champions
CUST104168,28,Male,Delhi,Mobile App,22,10,3703.12,Potential Loyalists
CUST104169,25,Female,Mumbai,Online,55,8,1409.2,Potential Loyalists
CUST104170,33,Female,Chennai,Online,117,4,1412.15,Potential Loyalists
CUST104171,37,Male,Pune,Mobile App,187,4,1250.15,Lost
CUST104172,49,Female,Hyderabad,Store,193,9,2650.65,At Risk
CUST104173,27,Female,Noida,Store,310,1,1160.1,Lost
CUST104174,24,Other,Bengaluru,Online,66,12,2513.61,Loyal
CUST104175,18,Male,Delhi,Online,218,14,1064.57,At Risk
CUST104176,18,Female,Kolkata,Online,51,7,1705.87,Potential Loyalists
CUST104177,31,Female,Chennai,Online,29,7,1837.12,Potential Loyalists
CUST104178,18,Female,Bengaluru,Online,185,2,526.32,Lost
CUST104179,47,Male,Bengaluru,Mobile App,131,8,2089.69,At Risk
CUST104180,38,Female,Chennai,Mobile App,235,3,2330.55,Lost
CUST104181,27,Female,Kolkata,Online,182,8,737.11,At Risk
CUST104182,32,Female,Kolkata,Mobile App,7,23,5943.67,Champions
CUST104183,42,Male,Hyderabad,Online,185,7,5158.52,At Risk
CUST104184,34,Male,Pune,Store,118,13,1690.68,Potential Loyalists
CUST104185,63,Other,Bengaluru,Store,290,3,1208.42,Lost
CUST104186,18,Male,Delhi,Store,127,8,2480.58,At Risk
CUST104187,29,Female,Delhi,Store,26,26,6576.81,Champions
CUST104188,48,Female,Noida,Mobile App,13,17,7913.67,Champions
CUST104189,51,Female,Hyderabad,Store,14,21,6706.41,Champions
CUST104190,24,Male,Mumbai,Online,70,4,1416.39,Potential Loyalists
CUST104191,30,Male,Noida,Mobile App,34,29,4369.49,Champions
CUST104192,34,Male,Hyderabad,Store,139,10,1648.09,At Risk
CUST104193,25,Male,Noida,Store,73,7,1963.41,Potential Loyalists
CUST104194,41,Female,Delhi,Mobile App,235,3,1791.95,Lost
CUST104195,25,Male,Pune,Store,51,13,3831.15,Loyal
CUST104196,41,Male,Kolkata,Online,58,9,1475.25,Potential Loyalists
CUST104197,26,Female,Chennai,Store,6,21,7523.91,Champions
CUST104198,39,Female,Kolkata,Mobile App,349,3,466.29,Lost
CUST104199,43,Female,Hyderabad,Store,49,11,2552.02,Loyal
CUST104200,23,Male,Kolkata,Mobile App,16,27,5958.04,Champions
CUST104201,28,Male,Noida,Online,34,11,2910.19,Loyal
CUST104202,28,Male,Mumbai,Online,208,6,1325.11,At Risk
CUST104203,35,Male,Pune,Store,26,24,5443.75,Champions
CUST104204,30,Male,Noida,Online,110,10,1469.92,Potential Loyalists
CUST104205,37,Other,Kolkata,Mobile App,109,6,2531.61,At Risk
CUST104206,24,Female,Hyderabad,Online,119,6,1014.64,At Risk
CUST104207,18,Male,Chennai,Store,21,17,2932.14,Loyal
CUST104208,27,Male,Bengaluru,Store,13,21,6571.17,Champions
CUST104209,21,Female,Hyderabad,Store,118,7,1390.8,Potential Loyalists
CUST104210,18,Male,Chennai,Online,38,9,2018.14,Loyal
CUST104211,29,Male,Pune,Store,187,10,715.02,At Risk
CUST104212,32,Male,Bengaluru,Online,24,8,2676.86,Loyal
CUST104213,27,Male,Kolkata,Store,113,10,2905.23,Potential Loyalists
CUST104214,24,Female,Delhi,Mobile App,2,21,5246.5,Champions
CUST104215,36,Female,Hyderabad,Online,92,5,1017.52,Potential Loyalists
CUST104216,43,Male,Bengaluru,Mobile App,30,8,2942.77,Loyal
CUST104217,42,Male,Pune,Store,137,8,844.33,At Risk
CUST104218,38,Female,Bengaluru,Mobile App,23,22,6604.74,Champions
CUST104219,38,Female,Pune,Online,334,2,2307.89,Lost
CUST104220,41,Male,Bengaluru,Online,210,7,1150.76,At Risk
CUST104221,25,Male,Mumbai,Store,29,11,1508.3,Loyal
CUST104222,30,Male,Kolkata,Online,8,27,6773.95,Champions
CUST104223,20,Male,Pune,Online,17,15,355.97,Loyal
CUST104224,57,Male,Delhi,Online,22,22,5059.72,Champions
CUST104225,31,Female,Chennai,Online,59,7,1808.79,Loyal
CUST104226,30,Female,Pune,Store,269,3,743.26,Lost
CUST104227,44,Male,Bengaluru,Online,41,8,3046.15,Potential Loyalists
CUST104228,47,Male,Mumbai,Mobile App,18,12,2580.32,Loyal
CUST104229,35,Female,Noida,Online,25,10,2093.67,Potential Loyalists
CUST104230,43,Female,Kolkata,Online,18,8,4276.27,Loyal
CUST104231,21,Male,Bengaluru,Online,281,2,763.7,Lost
CUST104232,42,Male,Noida,Online,18,21,5338.71,Champions
CUST104233,49,Male,Noida,Store,229,6,757.15,At Risk
CUST104234,36,Male,Chennai,Mobile App,125,8,2440.49,At Risk
CUST104235,24,Male,Noida,Store,6,24,4377.45,Champions
CUST104236,29,Female,Bengaluru,Online,58,14,4506.22,Loyal
CUST104237,33,Female,Noida,Mobile App,55,11,3728.95,Loyal
CUST104238,41,Male,Pune,Mobile App,293,8,664.78,Lost
CUST104239,30,Male,Hyderabad,Online,68,7,1942.74,Potential Loyalists
CUST104240,40,Male,Pune,Store,179,10,2409.51,At Risk
CUST104241,63,Female,Pune,Online,198,8,920.82,At Risk
CUST104242,26,Male,Pune,Store,276,2,270.25,Lost
CUST104243,32,Male,Bengaluru,Mobile App,97,10,933.06,Potential Loyalists
CUST104244,29,Male,Noida,Store,33,3,1645.66,Potential Loyalists
CUST104245,34,Female,Noida,Online,199,7,4676.69,At Risk
CUST104246,25,Male,Noida,Online,60,12,3975.69,Loyal
CUST104247,39,Female,Mumbai,Store,292,3,88.17,Lost
CUST104248,42,Male,Hyderabad,Mobile App,24,24,12120.75,Champions
CUST104249,40,Male,Hyderabad,Store,58,13,2379.74,Loyal
CUST104250,36,Female,Kolkata,Online,157,11,3107.58,At Risk
CUST104251,32,Male,Hyderabad,Online,46,7,1926.17,Loyal
CUST104252,18,Male,Chennai,Online,27,17,5196.64,Champions
CUST104253,25,Male,Bengaluru,Mobile App,33,13,4661.89,Loyal
CUST104254,18,Male,Kolkata,Online,89,4,1889.7,Potential Loyalists
CUST104255,36,Male,Pune,Mobile App,206,3,1786.9,Lost
CUST104256,35,Female,Hyderabad,Mobile App,33,15,1152.26,Champions
CUST104257,39,Female,Chennai,Online,29,21,3779.58,Champions
CUST104258,42,Male,Hyderabad,Online,89,4,2683.07,Potential Loyalists
CUST104259,32,Male,Bengaluru,Mobile App,245,4,823.28,Lost
CUST104260,31,Male,Hyderabad,Online,68,12,2459.54,Loyal
CUST104261,33,Male,Delhi,Store,183,2,477.41,Lost
CUST104262,27,Male,Chennai,Store,205,3,357.22,Lost
CUST104263,27,Female,Kolkata,Mobile App,30,10,4223.74,Loyal
CUST104264,20,Female,Delhi,Store,200,4,2353.94,At Risk
CUST104265,29,Male,Chennai,Mobile App,216,8,2242.29,At Risk
CUST104266,26,Male,Bengaluru,Mobile App,95,7,980.04,Potential Loyalists
CUST104267,34,Male,Chennai,Online,93,7,2722.05,Potential Loyalists
CUST104268,41,Male,Kolkata,Store,195,9,7016.7,At Risk
CUST104269,44,Female,Hyderabad,Store,162,13,1818.97,At Risk
CUST104270,26,Female,Pune,Online,173,6,3667.19,At Risk
CUST104271,37,Male,Bengaluru,Online,218,2,1270.78,Lost
CUST104272,19,Male,Mumbai,Online,80,4,1710.61,Potential Loyalists
CUST104273,50,Male,Chennai,Online,96,10,632.24,At Risk
CUST104274,39,Male,Bengaluru,Store,352,3,451.92,Lost
CUST104275,29,Male,Mumbai,Online,22,15,3734.44,Loyal
CUST104276,23,Female,Pune,Store,8,22,3938.07,Champions
CUST104277,30,Male,Delhi,Mobile App,66,10,3957.7,Potential Loyalists
CUST104278,52,Female,Chennai,Mobile App,272,2,1865.92,Lost
CUST104279,51,Male,Noida,Mobile App,68,16,3153.92,Loyal
CUST104280,38,Female,Noida,Online,92,9,1468.75,At Risk
CUST104281,32,Female,Hyderabad,Online,3,27,6129.31,Champions
CUST104282,25,Other,Bengaluru,Online,41,10,3503.29,Loyal
CUST104283,51,Male,Kolkata,Store,77,8,3578.82,Potential Loyalists
CUST104284,44,Female,Hyderabad,Mobile App,23,19,10231.05,Champions
CUST104285,40,Male,Noida,Mobile App,261,5,371.58,Lost
CUST104286,34,Female,Delhi,Store,8,21,3444.98,Champions
CUST104287,26,Other,Hyderabad,Online,231,4,2038.21,Lost
CUST104288,20,Male,Hyderabad,Online,30,12,2804.78,Loyal
CUST104289,27,Female,Bengaluru,Mobile App,218,4,840.61,Lost
CUST104290,43,Male,Hyderabad,Store,38,8,2915.08,Potential Loyalists
CUST104291,25,Female,Mumbai,Online,32,27,5948.16,Champions
CUST104292,34,Female,Kolkata,Store,26,22,8090.0,Champions
CUST104293,44,Male,Noida,Store,5,22,9529.33,Champions
CUST104294,34,Male,Chennai,Online,28,6,597.8,Potential Loyalists
CUST104295,42,Male,Mumbai,Store,215,4,1300.48,At Risk
CUST104296,18,Male,Hyderabad,Store,111,6,1050.01,Potential Loyalists
CUST104297,36,Female,Noida,Online,76,6,3784.75,Potential Loyalists
CUST104298,27,Male,Pune,Store,110,9,1219.42,Potential Loyalists
CUST104299,33,Female,Chennai,Online,103,9,1326.04,Potential Loyalists
CUST104300,34,Female,Delhi,Online,122,10,2373.41,At Risk
CUST104301,29,Female,Chennai,Store,85,13,1961.35,Potential Loyalists
CUST104302,49,Female,Bengaluru,Mobile App,110,6,868.18,At Risk
CUST104303,47,Female,Noida,Store,316,1,445.7,Lost
CUST104304,35,Male,Noida,Store,72,10,3165.53,Loyal
CUST104305,52,Male,Noida,Store,33,19,3582.78,Champions
CUST104306,43,Other,Noida,Online,21,25,11854.8,Champions
CUST104307,26,Male,Mumbai,Mobile App,60,7,2380.05,Potential Loyalists
CUST104308,28,Female,Noida,Store,34,12,1289.95,Loyal
CUST104309,27,Female,Kolkata,Mobile App,315,3,1092.96,Lost
CUST104310,46,Male,Pune,Mobile App,138,7,1419.61,At Risk
CUST104311,33,Male,Noida,Mobile App,107,5,652.66,Potential Loyalists
CUST104312,31,Female,Hyderabad,Online,209,11,3149.14,At Risk
CUST104313,32,Female,Chennai,Mobile App,34,12,2676.95,Loyal
CUST104314,28,Female,Bengaluru,Online,235,9,3097.2,At Risk
CUST104315,47,Male,Delhi,Online,33,18,5690.01,Champions
CUST104316,55,Female,Delhi,Online,110,4,3115.41,Potential Loyalists
CUST104317,35,Female,Chennai,Online,266,5,1430.9,Lost
CUST104318,24,Male,Bengaluru,Online,131,8,1080.46,At Risk
CUST104319,34,Female,Mumbai,Mobile App,202,7,854.86,Lost
CUST104320,41,Male,Bengaluru,Online,71,13,1323.31,Loyal
CUST104321,45,Female,Hyderabad,Mobile App,200,4,736.91,Lost
CUST104322,26,Male,Kolkata,Online,111,8,2693.14,Potential Loyalists
CUST104323,26,Male,Chennai,Store,111,5,1154.39,Potential Loyalists
CUST104324,33,Female,Mumbai,Online,5,20,3851.4,Champions
CUST104325,46,Male,Mumbai,Online,18,14,2619.59,Loyal
CUST104326,26,Male,Delhi,Store,76,7,2078.43,Potential Loyalists
CUST104327,36,Male,Pune,Online,16,28,7021.56,Champions
CUST104328,36,Male,Pune,Store,156,10,2078.87,At Risk
CUST104329,32,Female,Chennai,Store,189,3,795.56,Lost
CUST104330,39,Female,Delhi,Store,336,2,1050.11,Lost
CUST104331,30,Female,Bengaluru,Online,10,17,3091.67,Champions
CUST104332,27,Male,Bengaluru,Mobile App,336,2,1328.34,Lost
CUST104333,42,Male,Bengaluru,Store,25,28,6664.39,Champions
CUST104334,18,Male,Bengaluru,Store,82,5,967.93,Potential Loyalists
CUST104335,26,Male,Kolkata,Online,300,5,1549.95,Lost
CUST104336,37,Female,Noida,Store,6,26,5674.09,Champions
CUST104337,40,Male,Delhi,Store,10,18,1597.45,Champions
CUST104338,46,Female,Noida,Store,8,22,4103.64,Champions
CUST104339,35,Female,Kolkata,Online,68,7,2309.89,Potential Loyalists
CUST104340,36,Male,Mumbai,Online,117,10,2261.71,At Risk
CUST104341,26,Male,Mumbai,Store,2,25,6529.26,Champions
CUST104342,29,Female,Noida,Mobile App,14,19,5005.54,Champions
CUST104343,31,Male,Hyderabad,Online,97,7,3308.77,Potential Loyalists
CUST104344,21,Female,Delhi,Store,64,10,2932.32,Loyal
CUST104345,36,Male,Mumbai,Online,132,9,1649.33,At Risk
CUST104346,29,Female,Noida,Online,267,2,421.37,Lost
CUST104347,18,Male,Kolkata,Online,181,10,3646.09,At Risk
CUST104348,35,Male,Bengaluru,Online,327,3,331.33,Lost
CUST104349,39,Male,Noida,Online,86,6,1415.76,Potential Loyalists
CUST104350,22,Male,Noida,Store,331,5,2417.95,Lost
CUST104351,41,Female,Mumbai,Online,13,11,2201.11,Loyal
CUST104352,23,Other,Noida,Online,33,19,4269.31,Champions
CUST104353,36,Female,Bengaluru,Online,149,9,3838.93,At Risk
CUST104354,27,Other,Bengaluru,Store,25,24,5407.73,Champions
CUST104355,18,Female,Delhi,Mobile App,180,3,794.79,Lost
CUST104356,54,Male,Noida,Store,146,10,2269.1,At Risk
CUST104357,30,Female,Bengaluru,Store,275,4,556.25,Lost
CUST104358,47,Female,Mumbai,Mobile App,47,9,3195.23,Loyal
CUST104359,43,Male,Bengaluru,Mobile App,95,6,991.14,Potential Loyalists
CUST104360,20,Male,Delhi,Online,239,7,2248.98,At Risk
CUST104361,52,Female,Kolkata,Store,11,12,3974.88,Loyal
CUST104362,19,Female,Pune,Store,20,3,967.52,Potential Loyalists
CUST104363,34,Male,Delhi,Store,195,11,1957.82,At Risk
CUST104364,25,Female,Kolkata,Store,350,2,1118.95,Lost
CUST104365,43,Male,Bengaluru,Store,199,8,1678.39,At Risk
CUST104366,28,Female,Hyderabad,Online,25,17,7683.11,Champions
CUST104367,37,Male,Noida,Online,68,8,1185.23,Potential Loyalists
CUST104368,23,Female,Mumbai,Online,29,5,1565.89,Potential Loyalists
CUST104369,19,Male,Delhi,Online,27,31,11834.18,Champions
CUST104370,46,Male,Delhi,Online,55,11,2885.91,Potential Loyalists
CUST104371,30,Male,Noida,Store,37,14,5457.47,Loyal
CUST104372,29,Male,Chennai,Mobile App,30,20,7192.51,Champions
CUST104373,41,Female,Hyderabad,Store,52,8,1628.38,Potential Loyalists
CUST104374,18,Male,Hyderabad,Mobile App,19,14,2666.5,Loyal
CUST104375,18,Female,Bengaluru,Online,71,5,1806.58,Potential Loyalists
CUST104376,33,Male,Noida,Mobile App,60,11,2150.75,Loyal
CUST104377,39,Female,Hyderabad,Store,165,4,3119.81,At Risk
CUST104378,33,Male,Chennai,Store,45,14,3258.62,Loyal
CUST104379,56,Female,Pune,Store,309,5,982.06,Lost
CUST104380,27,Male,Mumbai,Online,15,16,9264.26,Champions
CUST104381,23,Female,Mumbai,Mobile App,32,5,3273.19,Potential Loyalists
CUST104382,38,Female,Kolkata,Mobile App,48,12,1497.08,Loyal
CUST104383,45,Male,Hyderabad,Store,46,15,4020.21,Loyal
CUST104384,29,Male,Mumbai,Mobile App,62,6,2056.46,Potential Loyalists
CUST104385,19,Female,Chennai,Store,228,2,1616.09,Lost
CUST104386,30,Other,Bengaluru,Store,271,3,564.58,Lost
CUST104387,47,Male,Kolkata,Mobile App,35,13,2208.79,Loyal
CUST104388,46,Male,Noida,Online,27,23,3353.76,Champions
CUST104389,40,Male,Bengaluru,Online,137,12,1477.1,At Risk
CUST104390,34,Male,Delhi,Store,66,7,952.27,Potential Loyalists
CUST104391,38,Female,Bengaluru,Online,45,8,3555.17,Loyal
CUST104392,42,Male,Mumbai,Online,214,9,2424.66,At Risk
CUST104393,26,Female,Bengaluru,Mobile App,63,5,2590.08,Potential Loyalists
CUST104394,32,Male,Noida,Online,99,13,1348.75,At Risk
CUST104395,25,Female,Chennai,Mobile App,11,15,3716.51,Loyal
CUST104396,42,Female,Bengaluru,Store,114,6,3716.16,Potential Loyalists
CUST104397,45,Male,Kolkata,Mobile App,42,17,3975.92,Loyal
CUST104398,35,Male,Chennai,Mobile App,150,10,1972.3,At Risk
CUST104399,24,Female,Mumbai,Online,2,24,6137.78,Champions
CUST104400,28,Male,Delhi,Online,182,8,2836.87,At Risk
CUST104401,41,Male,Noida,Online,177,9,4450.01,At Risk
CUST104402,22,Male,Delhi,Store,130,4,2063.77,At Risk
CUST104403,33,Female,Chennai,Online,9,23,4960.67,Champions
CUST104404,20,Male,Bengaluru,Online,46,9,5881.61,Loyal
CUST104405,38,Male,Pune,Store,34,7,494.3,Potential Loyalists
CUST104406,32,Male,Noida,Mobile App,48,6,2140.44,Potential Loyalists
CUST104407,51,Female,Kolkata,Store,196,5,2002.33,Lost
CUST104408,32,Female,Hyderabad,Store,51,16,4241.77,Loyal
CUST104409,48,Female,Bengaluru,Online,182,1,1257.34,Lost
CUST104410,23,Female,Pune,Mobile App,68,16,3090.36,Loyal
CUST104411,25,Female,Mumbai,Mobile App,73,13,2388.52,Loyal
CUST104412,43,Female,Delhi,Online,25,26,10437.18,Champions
CUST104413,38,Male,Noida,Online,141,9,1892.02,At Risk
CUST104414,39,Male,Chennai,Store,18,27,6359.66,Champions
CUST104415,35,Female,Kolkata,Mobile App,67,13,3044.92,Loyal
CUST104416,43,Female,Kolkata,Store,217,7,3278.23,At Risk
CUST104417,39,Female,Bengaluru,Online,78,11,2399.26,Potential Loyalists
CUST104418,23,Male,Pune,Online,21,19,8188.94,Champions
CUST104419,32,Male,Kolkata,Store,22,20,5967.64,Champions
CUST104420,42,Male,Chennai,Mobile App,106,3,1448.97,Potential Loyalists
CUST104421,36,Male,Pune,Store,10,14,1459.21,Loyal
CUST104422,37,Female,Chennai,Store,69,9,2563.26,Loyal
CUST104423,40,Male,Kolkata,Online,99,7,3077.61,Potential Loyalists
CUST104424,33,Male,Hyderabad,Store,38,10,4946.96,Loyal
CUST104425,35,Male,Hyderabad,Online,94,6,2748.87,Potential Loyalists
CUST104426,29,Male,Noida,Store,67,15,2771.22,Loyal
CUST104427,37,Female,Mumbai,Store,50,15,4868.98,Loyal
CUST104428,42,Male,Delhi,Store,15,21,1910.9,Champions
CUST104429,21,Female,Chennai,Online,30,15,3210.82,Loyal
CUST104430,43,Male,Delhi,Online,11,26,6160.42,Champions
CUST104431,44,Female,Mumbai,Mobile App,74,10,1717.74,Loyal
CUST104432,25,Female,Pune,Mobile App,251,2,295.78,Lost
CUST104433,32,Female,Mumbai,Online,306,2,1149.31,Lost
CUST104434,55,Female,Kolkata,Store,35,13,3423.21,Loyal
CUST104435,26,Male,Kolkata,Store,118,7,1724.78,Potential Loyalists
CUST104436,30,Male,Delhi,Online,23,10,1240.7,Potential Loyalists
CUST104437,45,Female,Kolkata,Store,267,4,1484.71,Lost
CUST104438,25,Male,Bengaluru,Mobile App,51,10,1785.87,Loyal
CUST104439,30,Male,Kolkata,Online,55,14,2626.97,Loyal
CUST104440,30,Female,Bengaluru,Online,72,10,4711.37,Loyal
CUST104441,45,Male,Pune,Online,17,27,4106.43,Champions
CUST104442,28,Male,Kolkata,Mobile App,15,13,3108.31,Loyal
CUST104443,39,Female,Delhi,Online,342,4,423.81,Lost
CUST104444,34,Male,Noida,Online,345,2,919.1,Lost
CUST104445,26,Male,Kolkata,Online,30,24,4660.09,Champions
CUST104446,40,Male,Pune,Mobile App,109,8,4424.74,Potential Loyalists
CUST104447,27,Male,Chennai,Online,27,14,3287.23,Loyal
CUST104448,33,Female,Pune,Mobile App,42,6,2895.2,Potential Loyalists
CUST104449,21,Male,Kolkata,Online,58,8,1561.92,Potential Loyalists
CUST104450,18,Male,Kolkata,Online,34,27,13803.32,Champions
CUST104451,44,Male,Hyderabad,Online,231,4,519.51,Lost
CUST104452,29,Female,Delhi,Store,328,5,1576.14,Lost
CUST104453,34,Female,Chennai,Store,138,7,1281.51,At Risk
CUST104454,29,Female,Chennai,Online,200,5,2905.34,At Risk
CUST104455,18,Male,Kolkata,Store,31,6,2406.76,Potential Loyalists
CUST104456,28,Female,Pune,Online,20,15,2225.22,Loyal
CUST104457,23,Female,Hyderabad,Online,33,24,7617.14,Champions
CUST104458,39,Female,Delhi,Store,53,6,119.87,Potential Loyalists
CUST104459,31,Male,Noida,Store,10,31,8296.54,Champions
CUST104460,35,Female,Hyderabad,Store,357,4,585.95,Lost
CUST104461,43,Male,Noida,Online,56,9,2691.55,Potential Loyalists
CUST104462,18,Male,Bengaluru,Mobile App,69,9,1593.65,Potential Loyalists
CUST104463,32,Female,Kolkata,Mobile App,16,13,1190.15,Loyal
CUST104464,25,Female,Chennai,Online,191,1,995.03,Lost
CUST104465,25,Female,Delhi,Store,46,9,1912.79,Loyal
CUST104466,26,Female,Bengaluru,Mobile App,28,15,8243.62,Champions
CUST104467,26,Male,Chennai,Mobile App,33,18,2593.44,Loyal
CUST104468,55,Female,Delhi,Store,110,10,3234.39,At Risk
CUST104469,53,Male,Hyderabad,Store,180,3,666.22,Lost
CUST104470,24,Male,Noida,Store,52,11,5067.79,Loyal
CUST104471,39,Male,Mumbai,Mobile App,273,2,1302.32,Lost
CUST104472,36,Male,Bengaluru,Store,38,11,1564.71,Loyal
CUST104473,52,Male,Hyderabad,Mobile App,121,10,902.85,At Risk
CUST104474,22,Female,Hyderabad,Store,21,19,4650.9,Champions
CUST104475,21,Female,Delhi,Mobile App,107,9,1459.47,Potential Loyalists
CUST104476,44,Male,Bengaluru,Online,217,8,1979.11,At Risk
CUST104477,38,Female,Delhi,Online,84,12,654.34,Potential Loyalists
CUST104478,41,Male,Mumbai,Store,50,12,2531.04,Loyal
CUST104479,33,Female,Noida,Store,232,5,438.28,Lost
CUST104480,40,Male,Noida,Online,311,5,713.67,Lost
CUST104481,41,Female,Chennai,Mobile App,55,9,2005.89,Potential Loyalists
CUST104482,37,Female,Mumbai,Store,143,12,3065.85,At Risk
CUST104483,29,Male,Noida,Mobile App,128,8,2310.54,At Risk
CUST104484,45,Male,Mumbai,Store,23,11,2188.78,Loyal
CUST104485,37,Female,Noida,Store,325,3,752.08,Lost
CUST104486,32,Other,Kolkata,Store,34,17,2415.94,Loyal
CUST104487,41,Male,Chennai,Mobile App,186,8,1839.97,At Risk
CUST104488,34,Female,Mumbai,Online,8,17,4606.27,Champions
CUST104489,28,Other,Hyderabad,Store,23,14,1980.08,Loyal
CUST104490,41,Male,Delhi,Mobile App,110,7,1837.57,Potential Loyalists
CUST104491,30,Female,Chennai,Online,117,4,2398.17,Potential Loyalists
CUST104492,27,Female,Mumbai,Mobile App,270,3,1103.13,Lost
CUST104493,27,Female,Mumbai,Mobile App,228,2,766.95,Lost
CUST104494,39,Female,Pune,Mobile App,12,23,7847.82,Champions
CUST104495,23,Female,Delhi,Online,45,15,1978.53,Loyal
CUST104496,31,Female,Chennai,Online,33,16,2818.9,Loyal
CUST104497,32,Male,Delhi,Online,30,6,4255.68,Potential Loyalists
CUST104498,36,Male,Delhi,Online,42,7,3585.56,Potential Loyalists
CUST104499,30,Male,Kolkata,Mobile App,253,4,324.87,Lost
CUST104500,25,Male,Delhi,Online,128,7,1696.24,At Risk
CUST104501,34,Male,Mumbai,Online,4,19,4296.11,Champions
CUST104502,18,Male,Bengaluru,Online,29,7,466.34,Potential Loyalists
CUST104503,35,Female,Pune,Online,35,7,619.01,Potential Loyalists
CUST104504,34,Female,Pune,Online,58,6,3962.49,Potential Loyalists
CUST104505,54,Male,Bengaluru,Online,18,21,4848.97,Champions
CUST104506,22,Female,Kolkata,Mobile App,25,17,1570.24,Loyal
CUST104507,31,Female,Hyderabad,Store,105,8,1559.08,Potential Loyalists
CUST104508,31,Male,Bengaluru,Online,67,12,2370.24,Loyal
CUST104509,26,Male,Pune,Online,111,12,434.91,At Risk
CUST104510,39,Male,Hyderabad,Mobile App,11,21,3937.0,Loyal
CUST104511,37,Female,Mumbai,Online,80,6,3072.88,Potential Loyalists
CUST104512,37,Male,Noida,Mobile App,115,7,474.48,Potential Loyalists
CUST104513,28,Female,Chennai,Store,184,2,1506.87,Lost
CUST104514,18,Male,Mumbai,Mobile App,19,18,4068.98,Champions
CUST104515,27,Female,Delhi,Online,27,28,4752.94,Champions
CUST104516,18,Female,Kolkata,Online,64,11,1064.07,Loyal
CUST104517,21,Other,Delhi,Mobile App,100,7,1011.19,Potential Loyalists
CUST104518,24,Male,Kolkata,Store,64,13,2686.13,Loyal
CUST104519,44,Female,Chennai,Online,234,9,2561.61,At Risk
CUST104520,28,Female,Delhi,Mobile App,69,12,3062.17,Loyal
CUST104521,31,Female,Bengaluru,Store,9,18,9023.9,Champions
CUST104522,37,Female,Hyderabad,Online,25,6,2183.56,Potential Loyalists
CUST104523,32,Female,Kolkata,Mobile App,188,7,2832.66,At Risk
CUST104524,40,Other,Chennai,Mobile App,260,3,1427.69,Lost
CUST104525,22,Male,Hyderabad,Online,97,5,4335.78,At Risk
CUST104526,22,Male,Chennai,Online,62,5,1583.39,Potential Loyalists
CUST104527,40,Male,Hyderabad,Mobile App,224,2,1185.27,At Risk
CUST104528,18,Female,Hyderabad,Store,126,11,1289.44,At Risk
CUST104529,18,Male,Bengaluru,Online,63,11,3744.02,Loyal
CUST104530,35,Male,Kolkata,Mobile App,92,6,5335.23,Potential Loyalists
CUST104531,29,Male,Delhi,Store,216,8,3824.87,At Risk
CUST104532,34,Male,Hyderabad,Mobile App,28,11,5789.27,Loyal
CUST104533,46,Female,Pune,Online,115,14,3030.86,At Risk
CUST104534,35,Male,Bengaluru,Mobile App,25,9,601.91,Potential Loyalists
CUST104535,19,Female,Bengaluru,Store,78,2,1359.59,Potential Loyalists
CUST104536,41,Male,Bengaluru,Mobile App,13,23,5088.95,Champions
CUST104537,35,Male,Hyderabad,Mobile App,192,6,1142.47,At Risk
CUST104538,30,Female,Delhi,Online,200,3,366.63,Lost
CUST104539,30,Female,Hyderabad,Online,29,23,14828.71,Champions
CUST104540,38,Male,Hyderabad,Online,66,18,1979.34,Loyal
CUST104541,40,Male,Noida,Mobile App,23,19,6969.38,Champions
CUST104542,45,Male,Chennai,Online,15,28,6194.63,Champions
CUST104543,24,Female,Noida,Online,349,2,990.59,Lost
CUST104544,34,Female,Delhi,Mobile App,76,6,2025.65,Potential Loyalists
CUST104545,29,Other,Chennai,Store,10,10,4063.82,Loyal
CUST104546,48,Male,Pune,Online,12,10,4850.26,Loyal
CUST104547,57,Male,Bengaluru,Store,191,5,1489.95,Lost
CUST104548,33,Male,Noida,Online,52,9,2121.13,Loyal
CUST104549,32,Male,Delhi,Mobile App,142,5,2508.49,At Risk
CUST104550,29,Male,Hyderabad,Online,26,8,1913.99,Loyal
CUST104551,18,Male,Pune,Mobile App,21,23,2198.73,Champions
CUST104552,44,Female,Pune,Mobile App,174,6,1266.81,At Risk
CUST104553,29,Female,Kolkata,Store,1,31,9480.44,Champions
CUST104554,34,Male,Bengaluru,Store,150,11,3379.91,At Risk
CUST104555,25,Male,Kolkata,Store,62,11,4499.3,Loyal
CUST104556,28,Female,Kolkata,Online,223,5,2445.37,At Risk
CUST104557,20,Male,Kolkata,Online,194,6,1077.14,At Risk
CUST104558,40,Female,Kolkata,Mobile App,191,10,2322.88,At Risk
CUST104559,30,Male,Hyderabad,Store,23,28,6333.46,Champions
CUST104560,48,Male,Chennai,Store,210,7,2435.34,At Risk
CUST104561,29,Other,Hyderabad,Store,195,4,204.61,Lost
CUST104562,34,Female,Bengaluru,Online,35,10,2023.15,Loyal
CUST104563,44,Male,Bengaluru,Online,28,16,4294.92,Loyal
CUST104564,40,Male,Delhi,Online,221,8,2148.88,At Risk
CUST104565,26,Female,Pune,Store,14,12,1002.44,Loyal
CUST104566,18,Other,Noida,Online,158,11,1000.73,At Risk
CUST104567,29,Male,Bengaluru,Mobile App,167,6,1156.09,At Risk
CUST104568,37,Female,Hyderabad,Store,14,20,10032.87,Champions
CUST104569,31,Female,Bengaluru,Online,114,9,850.15,Potential Loyalists
CUST104570,23,Male,Mumbai,Store,70,7,1341.69,Potential Loyalists
CUST104571,35,Female,Bengaluru,Online,34,11,3002.45,Loyal
CUST104572,37,Female,Pune,Mobile App,248,2,566.1,Lost
CUST104573,28,Female,Delhi,Mobile App,58,12,2077.98,Loyal
CUST104574,44,Male,Bengaluru,Online,44,14,2945.32,Loyal
CUST104575,27,Male,Pune,Store,338,3,1050.89,Lost
CUST104576,40,Male,Kolkata,Online,71,11,4613.47,Loyal
CUST104577,28,Male,Noida,Store,310,3,1461.51,Lost
CUST104578,20,Male,Mumbai,Online,25,23,3376.67,Champions
CUST104579,38,Female,Pune,Online,39,11,2155.5,Potential Loyalists
CUST104580,37,Female,Kolkata,Store,14,25,9237.87,Champions
CUST104581,42,Male,Mumbai,Online,227,10,5654.73,At Risk
CUST104582,18,Female,Hyderabad,Store,213,10,1659.98,At Risk
CUST104583,28,Male,Hyderabad,Mobile App,310,1,1269.41,Lost
CUST104584,53,Male,Chennai,Online,212,4,1396.74,Lost
CUST104585,53,Male,Hyderabad,Store,151,6,2914.6,At Risk
CUST104586,43,Male,Hyderabad,Store,160,8,2682.28,At Risk
CUST104587,29,Male,Hyderabad,Store,105,10,3908.15,Potential Loyalists
CUST104588,20,Male,Bengaluru,Online,354,5,1169.85,Lost
CUST104589,36,Male,Pune,Online,216,8,1140.22,At Risk
CUST104590,48,Female,Mumbai,Online,260,3,1094.52,Lost
CUST104591,31,Male,Mumbai,Online,36,14,4269.22,Loyal
CUST104592,20,Male,Hyderabad,Online,42,5,1005.07,Potential Loyalists
CUST104593,22,Male,Kolkata,Store,127,7,1434.37,At Risk
CUST104594,40,Female,Pune,Online,20,14,3229.21,Loyal
CUST104595,18,Female,Mumbai,Store,33,13,2455.2,Loyal
CUST104596,21,Female,Hyderabad,Online,297,4,1191.25,Lost
CUST104597,33,Female,Bengaluru,Online,92,10,1385.16,Potential Loyalists
CUST104598,33,Female,Delhi,Online,45,14,823.09,Loyal
CUST104599,35,Male,Chennai,Online,55,15,967.81,Loyal
CUST104600,35,Female,Bengaluru,Online,69,15,2990.72,Loyal
CUST104601,45,Male,Noida,Online,127,13,3075.6,At Risk
CUST104602,24,Female,Pune,Online,234,2,1781.18,Lost
CUST104603,26,Male,Kolkata,Online,205,2,541.76,Lost
CUST104604,38,Female,Noida,Online,201,5,1569.29,At Risk
CUST104605,27,Female,Kolkata,Online,239,10,1724.52,At Risk
CUST104606,37,Other,Pune,Mobile App,34,9,5502.85,Loyal
CUST104607,37,Female,Kolkata,Mobile App,194,1,274.6,Lost
CUST104608,37,Male,Kolkata,Mobile App,50,12,3753.92,Loyal
CUST104609,42,Female,Chennai,Store,29,29,6687.47,Champions
CUST104610,30,Male,Delhi,Online,302,4,985.8,Lost
CUST104611,51,Male,Mumbai,Online,281,2,727.76,Lost
CUST104612,47,Male,Hyderabad,Online,60,14,3258.76,Loyal
CUST104613,24,Male,Kolkata,Mobile App,223,15,3636.36,At Risk
CUST104614,20,Female,Kolkata,Online,103,6,2175.25,Potential Loyalists
CUST104615,37,Female,Kolkata,Store,72,15,4735.11,Loyal
CUST104616,41,Male,Bengaluru,Store,51,13,942.39,Loyal
CUST104617,38,Female,Bengaluru,Online,28,18,6940.11,Champions
CUST104618,19,Female,Bengaluru,Online,105,5,1183.89,Potential Loyalists
CUST104619,51,Male,Kolkata,Online,32,6,3856.16,Potential Loyalists
CUST104620,20,Female,Kolkata,Online,48,7,1508.98,Potential Loyalists
CUST104621,39,Male,Noida,Store,36,8,3441.96,Loyal
CUST104622,22,Female,Delhi,Online,328,4,541.46,Lost
CUST104623,34,Female,Mumbai,Mobile App,178,8,7253.69,At Risk
CUST104624,18,Female,Chennai,Store,225,3,619.9,Lost
CUST104625,25,Male,Delhi,Store,29,26,4586.61,Champions
CUST104626,39,Female,Mumbai,Online,171,9,1441.88,At Risk
CUST104627,32,Female,Bengaluru,Online,269,3,455.01,Lost
CUST104628,33,Male,Kolkata,Online,60,13,2023.91,Loyal
CUST104629,34,Female,Bengaluru,Store,57,13,3575.38,Loyal
CUST104630,37,Male,Chennai,Mobile App,18,11,4092.27,Loyal
CUST104631,27,Female,Noida,Online,39,12,1724.88,Loyal
CUST104632,38,Female,Bengaluru,Store,115,10,1832.07,Potential Loyalists
CUST104633,33,Male,Delhi,Online,41,13,1931.7,Loyal
CUST104634,36,Male,Kolkata,Online,31,14,2647.86,Loyal
CUST104635,31,Female,Hyderabad,Online,203,7,2332.36,At Risk
CUST104636,26,Male,Pune,Mobile App,19,27,5440.1,Champions
CUST104637,43,Male,Hyderabad,Online,74,13,2309.43,Loyal
CUST104638,28,Female,Pune,Store,166,7,1663.6,At Risk
CUST104639,42,Female,Kolkata,Mobile App,28,11,1468.45,Loyal
CUST104640,25,Female,Chennai,Online,38,12,4078.07,Loyal
CUST104641,33,Female,Pune,Online,56,12,3894.44,Loyal
CUST104642,44,Male,Chennai,Store,5,27,4995.3,Champions
CUST104643,29,Female,Chennai,Mobile App,77,9,1281.51,Potential Loyalists
CUST104644,28,Male,Chennai,Online,3,26,8705.4,Champions
CUST104645,18,Female,Mumbai,Store,13,18,2714.17,Loyal
CUST104646,40,Female,Noida,Mobile App,210,4,719.57,Lost
CUST104647,38,Female,Bengaluru,Store,252,3,1284.47,Lost
CUST104648,23,Female,Delhi,Store,47,17,3912.06,Loyal
CUST104649,36,Male,Mumbai,Online,21,7,2709.9,Loyal
CUST104650,30,Female,Kolkata,Mobile App,21,4,3300.44,Potential Loyalists
CUST104651,61,Male,Bengaluru,Online,312,3,404.8,Lost
CUST104652,30,Male,Chennai,Online,118,10,4218.39,At Risk
CUST104653,41,Female,Mumbai,Mobile App,30,28,9564.43,Champions
CUST104654,20,Male,Mumbai,Mobile App,20,24,4028.78,Champions
CUST104655,33,Male,Chennai,Store,23,7,1988.9,Potential Loyalists
CUST104656,34,Male,Kolkata,Online,364,4,268.89,Lost
CUST104657,27,Male,Bengaluru,Store,361,6,154.77,Lost
CUST104658,26,Female,Hyderabad,Store,14,30,5348.87,Champions
CUST104659,26,Male,Mumbai,Mobile App,33,6,970.02,Potential Loyalists
CUST104660,32,Male,Kolkata,Store,29,19,6016.67,Champions
CUST104661,39,Male,Hyderabad,Online,149,8,1479.01,At Risk
CUST104662,56,Male,Pune,Store,311,4,2418.13,Lost
CUST104663,28,Male,Bengaluru,Online,119,8,2296.25,Potential Loyalists
CUST104664,42,Male,Delhi,Mobile App,24,25,4412.27,Champions
CUST104665,46,Male,Pune,Store,45,6,3030.6,Potential Loyalists
CUST104666,18,Male,Kolkata,Online,109,9,1090.17,Potential Loyalists
CUST104667,33,Female,Pune,Online,126,6,978.96,At Risk
CUST104668,37,Male,Delhi,Store,64,13,2675.42,Loyal
CUST104669,50,Female,Mumbai,Online,329,2,3188.28,Lost
CUST104670,22,Female,Kolkata,Online,16,17,2887.73,Loyal
CUST104671,39,Female,Chennai,Online,12,20,3660.62,Champions
CUST104672,35,Female,Chennai,Online,70,14,2299.67,Loyal
CUST104673,45,Male,Chennai,Mobile App,22,24,3729.07,Champions
CUST104674,35,Female,Mumbai,Online,64,18,2852.27,Loyal
CUST104675,18,Male,Chennai,Online,182,9,1283.26,At Risk
CUST104676,35,Male,Pune,Store,26,21,10819.35,Champions
CUST104677,42,Male,Bengaluru,Online,26,27,5069.08,Champions
CUST104678,35,Male,Mumbai,Store,10,25,3496.19,Champions
CUST104679,44,Male,Noida,Mobile App,17,20,4235.7,Champions
CUST104680,35,Male,Mumbai,Online,222,3,804.06,Lost
CUST104681,28,Male,Hyderabad,Online,215,3,358.93,Lost
CUST104682,34,Female,Bengaluru,Online,21,22,5133.25,Champions
CUST104683,28,Female,Mumbai,Store,104,9,1736.1,At Risk
CUST104684,43,Male,Noida,Online,101,7,1017.76,At Risk
CUST104685,38,Female,Pune,Online,285,4,383.12,Lost
CUST104686,28,Male,Hyderabad,Online,69,13,1882.01,Loyal
CUST104687,18,Female,Delhi,Online,13,18,7367.87,Loyal
CUST104688,23,Female,Kolkata,Mobile App,48,6,1545.05,Potential Loyalists
CUST104689,36,Male,Bengaluru,Store,305,3,563.23,Lost
CUST104690,24,Male,Mumbai,Store,179,10,2231.89,At Risk
CUST104691,28,Other,Mumbai,Mobile App,115,5,923.24,Potential Loyalists
CUST104692,38,Male,Mumbai,Store,43,10,2355.45,Loyal
CUST104693,39,Female,Mumbai,Online,182,12,5607.87,At Risk
CUST104694,45,Female,Pune,Store,307,1,1917.45,Lost
CUST104695,42,Female,Hyderabad,Mobile App,67,17,2132.69,Loyal
CUST104696,30,Female,Chennai,Store,133,9,1751.32,At Risk
CUST104697,41,Male,Noida,Store,71,9,2344.59,Potential Loyalists
CUST104698,33,Female,Mumbai,Online,57,6,3439.84,Potential Loyalists
CUST104699,41,Female,Bengaluru,Online,110,8,2698.06,Potential Loyalists
CUST104700,48,Male,Delhi,Online,233,7,3201.69,At Risk
CUST104701,27,Female,Pune,Store,358,2,397.4,Lost
CUST104702,25,Female,Chennai,Store,30,3,1981.54,Potential Loyalists
CUST104703,51,Male,Chennai,Store,36,9,2302.83,Loyal
CUST104704,18,Male,Delhi,Online,69,12,2634.98,Loyal
CUST104705,34,Female,Delhi,Mobile App,25,21,1656.68,Champions
CUST104706,39,Female,Noida,Online,73,13,1423.64,Loyal
CUST104707,18,Female,Kolkata,Online,22,19,9768.87,Champions
CUST104708,31,Female,Noida,Online,50,8,2051.05,Potential Loyalists
CUST104709,27,Male,Delhi,Mobile App,47,14,3746.2,Loyal
CUST104710,21,Female,Delhi,Online,28,11,4674.95,Loyal
CUST104711,32,Male,Hyderabad,Mobile App,161,7,912.6,At Risk
CUST104712,42,Female,Delhi,Store,69,12,7178.83,Loyal
CUST104713,35,Female,Hyderabad,Online,69,9,1066.03,Potential Loyalists
CUST104714,30,Female,Bengaluru,Mobile App,289,4,1162.63,Lost
CUST104715,34,Female,Hyderabad,Mobile App,65,10,1671.53,Potential Loyalists
CUST104716,38,Male,Hyderabad,Store,27,14,4671.91,Loyal
CUST104717,23,Female,Chennai,Store,14,18,5135.71,Loyal
CUST104718,37,Female,Noida,Store,43,6,1571.29,Potential Loyalists
CUST104719,32,Female,Hyderabad,Online,100,12,592.61,Potential Loyalists
CUST104720,26,Female,Delhi,Store,22,23,10220.09,Champions
CUST104721,34,Female,Delhi,Store,36,11,3848.58,Potential Loyalists
CUST104722,31,Female,Kolkata,Store,24,8,2672.05,Potential Loyalists
CUST104723,49,Male,Kolkata,Online,17,6,1474.41,Loyal
CUST104724,44,Male,Delhi,Store,104,3,1827.24,Potential Loyalists
CUST104725,30,Female,Bengaluru,Online,4,24,4168.48,Champions
CUST104726,30,Male,Chennai,Online,56,15,4270.1,Loyal
CUST104727,33,Male,Delhi,Store,226,8,2692.42,At Risk
CUST104728,30,Female,Pune,Mobile App,41,10,3597.74,Loyal
CUST104729,43,Male,Noida,Store,90,10,1815.93,Potential Loyalists
CUST104730,18,Male,Kolkata,Online,59,12,2672.12,Potential Loyalists
CUST104731,23,Female,Kolkata,Mobile App,74,7,5029.88,Loyal
CUST104732,27,Male,Noida,Online,267,2,613.52,Lost
CUST104733,48,Female,Hyderabad,Store,43,15,2748.79,Loyal
CUST104734,41,Male,Pune,Online,51,11,1290.8,Loyal
CUST104735,36,Male,Kolkata,Online,224,3,1094.88,Lost
CUST104736,26,Female,Pune,Online,127,5,2968.48,At Risk
CUST104737,42,Male,Kolkata,Store,113,6,1562.47,At Risk
CUST104738,22,Male,Mumbai,Mobile App,32,20,7439.73,Champions
CUST104739,29,Male,Chennai,Store,23,23,9370.23,Champions
CUST104740,43,Female,Pune,Store,198,9,2153.06,At Risk
CUST104741,30,Female,Chennai,Mobile App,68,12,3467.45,Loyal
CUST104742,47,Female,Delhi,Store,17,8,2724.15,Loyal
CUST104743,24,Male,Pune,Store,139,8,4927.68,At Risk
CUST104744,29,Female,Noida,Online,18,16,4407.33,Loyal
CUST104745,21,Female,Bengaluru,Online,14,27,9573.23,Champions
CUST104746,41,Male,Chennai,Online,24,24,7948.31,Champions
CUST104747,18,Male,Kolkata,Online,48,7,2012.15,Potential Loyalists
CUST104748,18,Female,Noida,Mobile App,88,9,2076.94,Potential Loyalists
CUST104749,36,Male,Pune,Mobile App,336,3,432.07,Lost
CUST104750,38,Female,Chennai,Online,34,27,7430.49,Champions
CUST104751,22,Male,Hyderabad,Mobile App,50,12,2456.99,Loyal
CUST104752,24,Female,Noida,Store,59,10,4319.69,Potential Loyalists
CUST104753,29,Male,Noida,Online,54,15,7631.12,Loyal
CUST104754,38,Female,Kolkata,Mobile App,49,6,1930.56,Potential Loyalists
CUST104755,47,Female,Kolkata,Store,304,3,738.79,Lost
CUST104756,22,Male,Mumbai,Store,80,8,2021.55,Potential Loyalists
CUST104757,18,Female,Pune,Online,36,7,2172.68,Potential Loyalists
CUST104758,34,Male,Mumbai,Online,235,5,334.03,Lost
CUST104759,26,Male,Noida,Online,32,27,8975.43,Champions
CUST104760,37,Female,Chennai,Store,201,1,987.72,Lost
CUST104761,45,Male,Pune,Store,68,8,1191.84,Potential Loyalists
CUST104762,18,Male,Hyderabad,Store,84,3,947.8,Potential Loyalists
CUST104763,42,Male,Delhi,Mobile App,249,3,495.76,Lost
CUST104764,18,Male,Hyderabad,Online,79,8,1729.37,Potential Loyalists
CUST104765,27,Female,Delhi,Online,28,9,3801.04,Potential Loyalists
CUST104766,34,Male,Bengaluru,Online,69,12,3927.0,Loyal
CUST104767,25,Male,Delhi,Online,169,9,1162.2,At Risk
CUST104768,26,Female,Delhi,Mobile App,68,5,1401.2,Potential Loyalists
CUST104769,31,Male,Hyderabad,Mobile App,66,10,6820.48,Loyal
CUST104770,23,Female,Mumbai,Mobile App,237,5,1753.04,At Risk
CUST104771,43,Female,Bengaluru,Mobile App,182,8,2017.03,At Risk
CUST104772,35,Female,Mumbai,Store,60,17,1985.28,Loyal
CUST104773,41,Male,Kolkata,Mobile App,15,24,5285.06,Champions
CUST104774,55,Female,Hyderabad,Store,27,6,1496.2,Potential Loyalists
CUST104775,28,Other,Pune,Mobile App,19,30,7147.84,Champions
CUST104776,48,Male,Mumbai,Store,12,20,8152.87,Champions
CUST104777,40,Female,Mumbai,Online,81,6,830.26,Potential Loyalists
CUST104778,36,Male,Bengaluru,Online,2,26,4996.57,Champions
CUST104779,29,Female,Chennai,Online,71,16,2468.53,Loyal
CUST104780,18,Male,Delhi,Mobile App,131,5,2227.05,At Risk
CUST104781,18,Male,Kolkata,Store,60,10,5601.46,Loyal
CUST104782,25,Male,Chennai,Online,317,3,328.6,Lost
CUST104783,46,Male,Kolkata,Online,280,3,271.64,Lost
CUST104784,29,Female,Kolkata,Online,76,7,4374.33,Potential Loyalists
CUST104785,18,Female,Chennai,Mobile App,330,3,1411.96,Lost
CUST104786,27,Female,Noida,Online,193,4,586.75,Lost
CUST104787,35,Female,Hyderabad,Online,64,15,3249.33,Loyal
CUST104788,24,Female,Bengaluru,Mobile App,212,6,1751.61,At Risk
CUST104789,18,Male,Delhi,Online,12,23,7410.16,Champions
CUST104790,32,Male,Kolkata,Online,108,5,4860.8,At Risk
CUST104791,36,Male,Pune,Online,109,5,3303.56,Potential Loyalists
CUST104792,39,Female,Hyderabad,Online,25,16,10846.64,Champions
CUST104793,39,Male,Hyderabad,Online,71,12,2243.76,Loyal
CUST104794,42,Male,Pune,Store,355,4,597.35,Lost
CUST104795,39,Male,Mumbai,Mobile App,18,13,3564.09,Loyal
CUST104796,49,Female,Hyderabad,Store,64,17,2271.3,Loyal
CUST104797,39,Female,Mumbai,Store,50,10,2093.93,Loyal
CUST104798,54,Male,Hyderabad,Store,32,4,4591.59,Potential Loyalists
CUST104799,35,Male,Hyderabad,Store,254,4,853.68,Lost
CUST104800,39,Female,Delhi,Online,173,7,4277.99,At Risk
CUST104801,37,Male,Bengaluru,Store,60,8,1831.76,Potential Loyalists
CUST104802,42,Male,Hyderabad,Mobile App,18,14,3203.37,Loyal
CUST104803,18,Male,Hyderabad,Online,23,23,11543.81,Champions
CUST104804,46,Female,Delhi,Store,107,4,1539.4,Potential Loyalists
CUST104805,19,Female,Chennai,Online,194,12,3547.84,At Risk
CUST104806,30,Female,Chennai,Online,185,6,1746.79,At Risk
CUST104807,35,Female,Delhi,Store,100,9,2615.11,Potential Loyalists
CUST104808,49,Male,Noida,Online,119,8,3251.36,Potential Loyalists
CUST104809,36,Male,Bengaluru,Mobile App,55,5,4054.76,Potential Loyalists
CUST104810,31,Female,Noida,Online,64,4,2510.68,Potential Loyalists
CUST104811,18,Female,Mumbai,Online,45,3,3044.74,Potential Loyalists
CUST104812,21,Female,Kolkata,Mobile App,109,7,1571.23,At Risk
CUST104813,29,Other,Noida,Mobile App,25,8,1284.5,Potential Loyalists
CUST104814,47,Male,Delhi,Online,217,1,1171.66,Lost
CUST104815,30,Female,Chennai,Online,73,5,847.47,Potential Loyalists
CUST104816,38,Female,Kolkata,Mobile App,8,21,1254.81,Champions
CUST104817,30,Female,Pune,Mobile App,35,12,2550.63,Loyal
CUST104818,32,Female,Chennai,Online,38,7,1693.08,Potential Loyalists
CUST104819,40,Female,Noida,Online,103,9,1467.81,Potential Loyalists
CUST104820,21,Male,Kolkata,Mobile App,34,6,2534.37,Potential Loyalists
CUST104821,41,Male,Noida,Online,201,7,1378.78,At Risk
CUST104822,34,Female,Bengaluru,Mobile App,73,14,3410.52,Loyal
CUST104823,36,Female,Bengaluru,Mobile App,174,9,773.2,At Risk
CUST104824,41,Male,Bengaluru,Online,217,7,1203.57,At Risk
CUST104825,48,Female,Bengaluru,Mobile App,84,4,2600.51,Potential Loyalists
CUST104826,30,Female,Noida,Online,92,6,5763.44,Potential Loyalists
CUST104827,32,Female,Chennai,Store,19,14,2672.4,Loyal
CUST104828,28,Female,Delhi,Store,86,7,1727.89,Potential Loyalists
CUST104829,47,Female,Kolkata,Store,98,12,845.33,At Risk
CUST104830,34,Female,Pune,Mobile App,253,2,304.76,Lost
CUST104831,32,Male,Hyderabad,Online,21,10,954.11,Potential Loyalists
CUST104832,21,Female,Hyderabad,Online,14,10,5182.03,Loyal
CUST104833,33,Male,Hyderabad,Online,228,8,2725.06,At Risk
CUST104834,30,Female,Kolkata,Online,216,12,2006.52,At Risk
CUST104835,31,Female,Chennai,Store,32,20,2651.53,Loyal
CUST104836,33,Female,Delhi,Store,303,3,1139.62,Lost
CUST104837,19,Male,Kolkata,Online,2,22,7447.68,Champions
CUST104838,28,Female,Hyderabad,Mobile App,32,19,9407.37,Champions
CUST104839,23,Male,Bengaluru,Store,16,22,7893.53,Champions
CUST104840,44,Female,Kolkata,Online,32,22,5982.09,Champions
CUST104841,19,Male,Noida,Online,210,4,1424.78,Lost
CUST104842,57,Male,Hyderabad,Store,47,7,3737.5,Potential Loyalists
CUST104843,37,Male,Noida,Online,65,11,2142.6,Loyal
CUST104844,29,Female,Delhi,Mobile App,40,4,2578.86,Potential Loyalists
CUST104845,18,Female,Hyderabad,Online,61,13,4002.93,Loyal
CUST104846,46,Male,Delhi,Online,43,16,1765.36,Loyal
CUST104847,26,Female,Delhi,Online,9,23,4030.94,Champions
CUST104848,52,Male,Delhi,Online,104,12,1947.95,At Risk
CUST104849,25,Female,Noida,Online,3,33,4464.95,Champions
CUST104850,26,Female,Mumbai,Store,128,9,606.44,At Risk
CUST104851,33,Female,Delhi,Mobile App,60,14,1379.0,Loyal
CUST104852,45,Male,Mumbai,Online,92,5,2128.47,At Risk
CUST104853,40,Female,Hyderabad,Online,114,8,1798.72,At Risk
CUST104854,50,Male,Pune,Online,27,26,5593.39,Champions
CUST104855,18,Female,Delhi,Online,12,25,5025.91,Champions
CUST104856,20,Male,Pune,Store,329,3,804.67,Lost
CUST104857,26,Female,Delhi,Online,71,3,3680.62,Potential Loyalists
CUST104858,48,Male,Delhi,Online,160,8,3084.17,At Risk
CUST104859,18,Male,Pune,Store,1,25,8134.78,Champions
CUST104860,38,Female,Chennai,Online,14,11,3933.55,Loyal
CUST104861,38,Male,Hyderabad,Online,81,6,829.65,Potential Loyalists
CUST104862,51,Male,Noida,Store,320,4,1600.73,Lost
CUST104863,20,Female,Bengaluru,Online,53,17,2309.87,Loyal
CUST104864,39,Female,Kolkata,Online,130,11,1267.52,At Risk
CUST104865,40,Male,Noida,Online,100,11,4253.73,At Risk
CUST104866,18,Male,Pune,Mobile App,9,22,7825.39,Champions
CUST104867,38,Male,Kolkata,Online,10,12,3639.7,Loyal
CUST104868,48,Female,Chennai,Online,14,12,1691.21,Loyal
CUST104869,29,Female,Hyderabad,Mobile App,84,3,1281.22,Potential Loyalists
CUST104870,18,Female,Hyderabad,Store,136,7,2667.64,At Risk
CUST104871,38,Male,Kolkata,Mobile App,97,13,2981.99,Potential Loyalists
CUST104872,40,Male,Delhi,Online,37,15,4765.96,Loyal
CUST104873,35,Male,Mumbai,Store,208,5,1328.25,At Risk
CUST104874,36,Male,Pune,Online,55,6,1717.74,Potential Loyalists
CUST104875,37,Female,Noida,Mobile App,20,10,4137.98,Potential Loyalists
CUST104876,49,Female,Hyderabad,Mobile App,74,5,3077.07,Potential Loyalists
CUST104877,25,Female,Delhi,Online,60,9,3356.88,Loyal
CUST104878,18,Male,Pune,Online,114,13,1974.7,At Risk
CUST104879,43,Male,Pune,Online,39,10,5300.32,Loyal
CUST104880,30,Male,Chennai,Mobile App,25,14,7170.65,Loyal
CUST104881,20,Male,Mumbai,Store,9,29,4751.89,Champions
CUST104882,46,Female,Noida,Store,92,6,3369.37,Potential Loyalists
CUST104883,39,Female,Mumbai,Online,63,9,2018.15,Potential Loyalists
CUST104884,42,Male,Hyderabad,Online,58,18,3108.48,Loyal
CUST104885,57,Male,Chennai,Store,203,4,1308.54,Lost
CUST104886,46,Male,Kolkata,Mobile App,285,3,1887.96,Lost
CUST104887,47,Male,Bengaluru,Store,24,18,5515.1,Champions
CUST104888,32,Female,Kolkata,Mobile App,101,6,1859.22,At Risk
CUST104889,39,Male,Delhi,Store,26,16,1834.58,Loyal
CUST104890,53,Female,Pune,Store,332,2,819.68,Lost
CUST104891,43,Male,Noida,Online,33,12,3060.79,Loyal
CUST104892,18,Other,Hyderabad,Store,57,17,2446.79,Loyal
CUST104893,31,Female,Noida,Online,107,6,1846.71,Potential Loyalists
CUST104894,34,Other,Kolkata,Online,64,8,3883.53,Loyal
CUST104895,44,Male,Hyderabad,Store,127,14,3669.07,At Risk
CUST104896,22,Male,Mumbai,Online,81,5,4076.28,Potential Loyalists
CUST104897,35,Male,Mumbai,Store,26,11,2329.45,Loyal
CUST104898,24,Female,Mumbai,Store,84,8,2345.98,Potential Loyalists
CUST104899,45,Male,Pune,Mobile App,263,1,204.84,Lost
CUST104900,21,Female,Bengaluru,Mobile App,97,7,2799.37,At Risk
CUST104901,36,Male,Delhi,Store,94,7,2962.63,Potential Loyalists
CUST104902,42,Male,Delhi,Online,46,14,3628.79,Loyal
CUST104903,30,Female,Chennai,Mobile App,74,16,6531.91,Loyal
CUST104904,18,Male,Mumbai,Online,335,2,2026.68,Lost
CUST104905,21,Male,Noida,Online,167,10,2232.52,At Risk
CUST104906,36,Female,Mumbai,Online,25,7,2246.63,Potential Loyalists
CUST104907,32,Female,Chennai,Store,303,2,813.11,Lost
CUST104908,32,Female,Mumbai,Online,5,20,2549.17,Champions
CUST104909,22,Male,Mumbai,Mobile App,103,14,2287.63,At Risk
CUST104910,19,Male,Kolkata,Online,31,13,3749.23,Loyal
CUST104911,21,Male,Mumbai,Mobile App,12,22,5184.21,Champions
CUST104912,32,Female,Delhi,Mobile App,47,5,2586.62,Potential Loyalists
CUST104913,33,Male,Bengaluru,Mobile App,56,16,4887.64,Loyal
CUST104914,32,Male,Noida,Mobile App,324,2,837.43,Lost
CUST104915,18,Male,Noida,Online,24,10,3660.37,Loyal
CUST104916,45,Other,Bengaluru,Mobile App,145,10,905.36,At Risk
CUST104917,41,Female,Mumbai,Mobile App,145,8,1917.91,At Risk
CUST104918,30,Male,Mumbai,Online,225,5,2787.24,At Risk
CUST104919,34,Female,Noida,Store,211,4,629.58,Lost
CUST104920,43,Male,Hyderabad,Store,67,7,3636.76,Potential Loyalists
CUST104921,40,Female,Chennai,Online,46,14,2039.11,Loyal
CUST104922,60,Male,Bengaluru,Store,24,16,4228.92,Loyal
CUST104923,34,Male,Noida,Online,52,15,2008.36,Loyal
CUST104924,18,Male,Bengaluru,Online,348,1,1166.3,Lost
CUST104925,37,Other,Noida,Mobile App,26,10,2077.24,Potential Loyalists
CUST104926,42,Female,Chennai,Store,47,13,3680.22,Loyal
CUST104927,38,Female,Kolkata,Mobile App,34,15,5589.45,Loyal
CUST104928,29,Male,Chennai,Mobile App,105,5,756.84,Potential Loyalists
CUST104929,26,Female,Chennai,Mobile App,161,9,2916.86,At Risk
CUST104930,28,Female,Pune,Online,38,14,1580.6,Loyal
CUST104931,51,Female,Pune,Mobile App,232,7,1228.24,At Risk
CUST104932,47,Male,Pune,Mobile App,172,9,1699.21,At Risk
CUST104933,39,Female,Bengaluru,Online,144,8,2563.37,At Risk
CUST104934,34,Female,Pune,Online,65,13,5935.1,Loyal
CUST104935,22,Female,Chennai,Online,197,10,2063.59,At Risk
CUST104936,33,Male,Delhi,Online,33,20,9166.66,Champions
CUST104937,32,Female,Kolkata,Online,24,9,1267.25,Loyal
CUST104938,38,Male,Delhi,Mobile App,138,7,4014.34,At Risk
CUST104939,21,Female,Noida,Store,136,5,3869.5,At Risk
CUST104940,28,Female,Kolkata,Store,40,21,3068.37,Loyal
CUST104941,29,Female,Hyderabad,Online,241,4,1624.67,Lost
CUST104942,43,Other,Chennai,Online,17,16,2176.78,Champions
CUST104943,25,Female,Chennai,Online,41,14,1545.94,Potential Loyalists
CUST104944,30,Female,Noida,Store,323,1,908.55,Lost
CUST104945,42,Male,Hyderabad,Mobile App,88,8,1035.19,Potential Loyalists
CUST104946,23,Male,Chennai,Online,134,8,1973.18,At Risk
CUST104947,28,Female,Hyderabad,Mobile App,109,8,3789.84,Potential Loyalists
CUST104948,47,Male,Hyderabad,Mobile App,173,8,2393.71,At Risk
CUST104949,27,Male,Delhi,Online,154,8,1100.89,At Risk
CUST104950,55,Male,Noida,Mobile App,145,7,1925.58,At Risk
CUST104951,20,Male,Kolkata,Online,18,18,3168.36,Loyal
CUST104952,42,Male,Kolkata,Online,222,6,3263.03,At Risk
CUST104953,43,Female,Mumbai,Store,25,15,4552.65,Loyal
CUST104954,18,Female,Mumbai,Online,206,5,2218.39,Lost
CUST104955,23,Female,Kolkata,Store,68,6,5642.23,Loyal
CUST104956,24,Female,Mumbai,Mobile App,11,10,7811.77,Loyal
CUST104957,18,Female,Pune,Mobile App,358,4,1384.65,Lost
CUST104958,32,Male,Delhi,Store,21,12,999.04,Loyal
CUST104959,36,Female,Bengaluru,Store,51,14,1480.86,Loyal
CUST104960,44,Male,Mumbai,Online,138,6,1064.61,At Risk
CUST104961,40,Female,Pune,Mobile App,19,26,7892.41,Champions
CUST104962,39,Female,Bengaluru,Online,33,24,8520.33,Champions
CUST104963,30,Female,Noida,Mobile App,83,9,3792.54,Potential Loyalists
CUST104964,47,Female,Pune,Online,72,18,3552.79,Loyal
CUST104965,34,Male,Bengaluru,Online,19,10,2773.81,Loyal
CUST104966,34,Male,Delhi,Online,24,28,9848.33,Champions
CUST104967,32,Female,Noida,Store,62,11,3752.98,Loyal
CUST104968,26,Male,Chennai,Store,17,15,1567.78,Loyal
CUST104969,40,Male,Hyderabad,Mobile App,15,23,9946.19,Champions
CUST104970,22,Male,Mumbai,Online,150,11,2568.19,At Risk
CUST104971,49,Female,Kolkata,Mobile App,143,11,1103.97,At Risk
CUST104972,33,Female,Hyderabad,Mobile App,32,22,2352.71,Champions
CUST104973,43,Male,Noida,Mobile App,15,15,4334.67,Loyal
CUST104974,48,Female,Delhi,Store,313,3,867.76,Lost
CUST104975,27,Female,Delhi,Mobile App,112,8,1129.96,Potential Loyalists
CUST104976,18,Female,Kolkata,Mobile App,51,7,2014.6,Potential Loyalists
CUST104977,18,Male,Mumbai,Mobile App,102,5,1959.34,Potential Loyalists
CUST104978,42,Male,Kolkata,Online,33,14,3300.57,Loyal
CUST104979,27,Female,Pune,Online,139,7,2053.52,At Risk
CUST104980,21,Female,Chennai,Mobile App,261,3,208.86,Lost
CUST104981,35,Male,Chennai,Store,335,1,385.03,Lost
CUST104982,33,Female,Pune,Store,24,15,5246.3,Loyal
CUST104983,26,Male,Hyderabad,Store,74,12,3942.64,Loyal
CUST104984,32,Male,Bengaluru,Mobile App,49,15,3299.86,Loyal
CUST104985,45,Male,Bengaluru,Store,30,12,5283.02,Loyal
CUST104986,32,Male,Mumbai,Online,12,12,3645.04,Loyal
CUST104987,42,Male,Mumbai,Mobile App,125,11,2580.26,At Risk
CUST104988,39,Male,Bengaluru,Online,57,10,2925.22,Loyal
CUST104989,23,Female,Hyderabad,Mobile App,289,5,1580.09,Lost
CUST104990,28,Female,Hyderabad,Online,5,22,7436.42,Champions
CUST104991,38,Male,Chennai,Online,21,18,6901.25,Champions
CUST104992,36,Female,Mumbai,Mobile App,287,3,1438.94,Lost
CUST104993,23,Female,Bengaluru,Online,101,9,917.83,At Risk
CUST104994,40,Other,Hyderabad,Store,19,12,1814.01,Loyal
CUST104995,30,Male,Bengaluru,Store,102,7,2858.43,Potential Loyalists
CUST104996,32,Female,Chennai,Mobile App,39,9,4348.16,Loyal
CUST104997,32,Male,Bengaluru,Online,28,10,3267.52,Loyal
CUST104998,31,Male,Pune,Mobile App,29,7,878.42,Potential Loyalists
CUST104999,40,Other,Noida,Online,51,17,2479.53,Loyal
CUST105000,28,Female,Noida,Store,26,6,3123.86,Potential Loyalists
