CustomerID,Recency,Frequency,Monetary,Cluster
CUST100001,140,6,1671.2,2
CUST100002,81,6,2487.02,2
CUST100003,278,4,1415.94,0
CUST100004,100,9,1681.72,4
CUST100005,21,27,10190.05,1
CUST100006,279,3,208.13,0
CUST100007,155,9,1262.89,4
CUST100008,161,7,1545.05,2
CUST100009,29,22,3278.24,1
CUST100010,110,6,634.4,4
CUST100011,47,14,1944.54,3
CUST100012,287,2,1141.53,0
CUST100013,139,5,1184.31,4
CUST100014,317,4,797.49,0
CUST100015,85,3,2985.48,2
CUST100016,41,14,3660.85,3
CUST100017,21,5,1001.6,4
CUST100018,16,24,4560.31,1
CUST100019,304,4,1467.85,0
CUST100020,237,5,850.72,0
CUST100021,126,4,5562.7,2
CUST100022,61,6,4462.56,2
CUST100023,320,2,2242.48,0
CUST100024,200,2,687.5,0
CUST100025,103,8,1695.0,4
CUST100026,66,18,2212.21,3
CUST100027,114,7,2988.69,2
CUST100028,10,20,12381.29,1
CUST100029,6,20,6547.96,1
CUST100030,110,6,2092.69,2
CUST100031,228,9,2443.63,2
CUST100032,341,1,1779.27,0
CUST100033,58,18,2112.5,3
CUST100034,12,11,5509.25,1
CUST100035,110,5,2841.4,2
CUST100036,63,12,3209.79,3
CUST100037,6,20,4061.23,1
CUST100038,32,7,2492.8,3
CUST100039,19,13,2996.37,3
CUST100040,161,6,4262.78,2
CUST100041,37,5,994.11,4
CUST100042,206,2,138.72,0
CUST100043,226,7,2011.59,2
CUST100044,60,14,3485.32,3
CUST100045,266,3,727.24,0
CUST100046,103,6,1747.85,2
CUST100047,39,16,4962.81,3
CUST100048,10,13,1641.54,3
CUST100049,141,6,1075.15,4
CUST100050,20,18,5986.61,1
CUST100051,48,19,1772.01,3
CUST100052,18,23,5335.65,1
CUST100053,161,7,2034.1,2
CUST100054,236,6,1495.79,2
CUST100055,125,5,1331.43,4
CUST100056,115,8,1617.4,4
CUST100057,38,6,787.63,4
CUST100058,24,11,2211.96,3
CUST100059,29,21,3954.31,1
CUST100060,33,29,7221.99,1
CUST100061,116,7,1888.54,2
CUST100062,97,8,2344.04,2
CUST100063,53,9,2157.4,3
CUST100064,163,11,1372.01,4
CUST100065,203,7,710.93,4
CUST100066,54,10,2294.51,3
CUST100067,56,8,1875.97,4
CUST100068,17,15,2779.36,3
CUST100069,12,23,4895.0,1
CUST100070,61,8,2470.75,3
CUST100071,35,13,1839.79,3
CUST100072,90,7,1825.77,2
CUST100073,262,3,986.81,0
CUST100074,40,9,4059.84,3
CUST100075,34,21,8252.88,1
CUST100076,41,12,7835.06,3
CUST100077,55,14,3279.28,3
CUST100078,126,5,1200.53,4
CUST100079,44,6,2037.06,4
CUST100080,124,6,1480.49,4
CUST100081,125,7,1639.91,2
CUST100082,35,9,1670.9,3
CUST100083,144,9,2678.14,2
CUST100084,41,16,1257.01,3
CUST100085,14,25,6052.39,1
CUST100086,18,29,5861.98,1
CUST100087,175,6,3542.72,2
CUST100088,102,3,1536.98,4
CUST100089,47,11,2822.79,3
CUST100090,107,7,1061.14,4
CUST100091,1,27,5953.43,1
CUST100092,115,6,3600.9,2
CUST100093,25,7,1960.42,3
CUST100094,57,13,3287.67,3
CUST100095,24,10,4133.84,3
CUST100096,134,7,830.96,4
CUST100097,54,15,3099.77,3
CUST100098,7,29,2841.7,1
CUST100099,14,22,8213.28,1
CUST100100,363,1,543.63,0
CUST100101,184,3,1409.02,0
CUST100102,106,9,1502.45,4
CUST100103,19,10,4159.55,3
CUST100104,231,2,60.99,0
CUST100105,159,6,2951.14,2
CUST100106,93,5,3250.86,2
CUST100107,38,8,1226.0,4
CUST100108,56,8,6793.79,3
CUST100109,14,19,9511.98,1
CUST100110,364,4,788.77,0
CUST100111,84,9,1285.08,4
CUST100112,14,15,2940.51,3
CUST100113,65,15,4683.45,3
CUST100114,61,12,1042.19,4
CUST100115,18,13,5075.51,1
CUST100116,304,2,519.15,0
CUST100117,118,6,2027.52,2
CUST100118,159,6,1981.98,2
CUST100119,31,4,1588.85,4
CUST100120,104,9,2071.45,2
CUST100121,112,7,2641.42,2
CUST100122,184,9,1494.17,2
CUST100123,26,26,8578.27,1
CUST100124,24,11,1909.26,3
CUST100125,4,28,3343.49,1
CUST100126,47,7,1605.62,4
CUST100127,14,13,4026.09,1
CUST100128,31,19,8077.73,1
CUST100129,5,21,6081.01,1
CUST100130,96,5,1956.92,2
CUST100131,56,13,3664.44,3
CUST100132,302,3,391.36,0
CUST100133,82,14,3468.53,3
CUST100134,12,14,3318.6,1
CUST100135,102,5,1998.58,2
CUST100136,7,18,10082.81,1
CUST100137,226,2,1032.53,0
CUST100138,86,6,5606.26,2
CUST100139,196,6,1766.97,2
CUST100140,22,23,5934.45,1
CUST100141,61,9,3599.9,3
CUST100142,84,5,1251.16,4
CUST100143,280,5,1663.38,2
CUST100144,22,6,3786.9,3
CUST100145,63,6,1448.86,4
CUST100146,36,12,2806.48,3
CUST100147,59,11,1689.92,3
CUST100148,56,5,2260.79,2
CUST100149,56,5,3259.37,2
CUST100150,1,23,5317.33,1
CUST100151,189,3,70.79,0
CUST100152,234,4,786.67,0
CUST100153,5,24,4841.73,1
CUST100154,49,10,1004.48,4
CUST100155,20,23,9795.66,1
CUST100156,103,8,1900.42,2
CUST100157,16,12,1475.34,3
CUST100158,116,6,2747.4,2
CUST100159,161,9,1675.89,2
CUST100160,162,11,874.26,4
CUST100161,30,31,5769.46,1
CUST100162,229,5,484.49,0
CUST100163,55,15,4451.24,3
CUST100164,30,16,11119.05,1
CUST100165,97,11,1504.82,4
CUST100166,31,13,5707.61,3
CUST100167,341,6,622.12,0
CUST100168,175,11,885.35,4
CUST100169,17,6,5419.46,3
CUST100170,274,1,1294.82,0
CUST100171,70,10,1827.64,4
CUST100172,37,8,770.04,4
CUST100173,41,12,2532.5,3
CUST100174,250,6,456.28,0
CUST100175,62,16,7135.17,3
CUST100176,2,23,3264.13,1
CUST100177,105,5,2727.12,2
CUST100178,191,5,576.58,0
CUST100179,220,4,1555.99,2
CUST100180,93,6,2535.53,2
CUST100181,284,4,707.6,0
CUST100182,206,4,327.91,0
CUST100183,26,5,1866.28,4
CUST100184,19,12,2588.24,3
CUST100185,142,11,812.86,4
CUST100186,181,5,1618.91,2
CUST100187,69,10,3908.57,3
CUST100188,27,21,8346.95,1
CUST100189,169,12,3207.74,2
CUST100190,53,12,2160.5,3
CUST100191,305,3,1820.68,0
CUST100192,44,12,1852.86,3
CUST100193,28,25,7524.75,1
CUST100194,351,3,586.85,0
CUST100195,5,24,4794.55,1
CUST100196,23,13,3226.49,3
CUST100197,39,8,2544.32,3
CUST100198,239,1,609.73,0
CUST100199,63,12,1930.4,3
CUST100200,12,13,2354.99,3
CUST100201,206,4,1609.97,2
CUST100202,264,4,828.64,0
CUST100203,22,7,1257.97,4
CUST100204,25,17,4066.08,1
CUST100205,24,18,4908.81,1
CUST100206,67,13,3664.0,3
CUST100207,10,23,4730.97,1
CUST100208,201,5,2645.55,2
CUST100209,13,22,6949.15,1
CUST100210,72,8,1444.45,4
CUST100211,103,7,2000.09,2
CUST100212,83,8,1008.76,4
CUST100213,69,8,1801.77,4
CUST100214,225,5,2743.56,2
CUST100215,120,9,3617.74,2
CUST100216,184,10,904.98,4
CUST100217,5,31,3296.04,1
CUST100218,25,21,1927.34,3
CUST100219,184,4,715.61,0
CUST100220,53,20,2805.36,3
CUST100221,71,9,1977.27,4
CUST100222,77,5,2665.58,2
CUST100223,181,6,1286.69,4
CUST100224,268,4,545.1,0
CUST100225,40,20,5683.2,1
CUST100226,242,3,554.89,0
CUST100227,11,27,3598.62,1
CUST100228,23,7,2327.32,3
CUST100229,93,8,7402.03,2
CUST100230,13,25,3309.76,1
CUST100231,1,17,6316.65,1
CUST100232,89,10,2100.22,2
CUST100233,335,3,807.85,0
CUST100234,114,3,3123.7,2
CUST100235,259,3,642.09,0
CUST100236,158,9,1021.29,4
CUST100237,116,8,2646.72,2
CUST100238,180,11,4561.32,2
CUST100239,20,17,2199.85,3
CUST100240,11,28,7594.99,1
CUST100241,350,3,448.82,0
CUST100242,137,7,945.06,4
CUST100243,65,8,3389.1,3
CUST100244,65,5,1310.39,4
CUST100245,65,4,1468.1,4
CUST100246,246,5,1885.74,2
CUST100247,35,9,1567.16,3
CUST100248,27,4,2425.59,3
CUST100249,26,10,5255.07,3
CUST100250,21,7,1333.49,4
CUST100251,137,7,1921.28,2
CUST100252,218,2,762.37,0
CUST100253,59,14,1120.56,4
CUST100254,22,18,3056.93,3
CUST100255,47,15,3434.55,3
CUST100256,96,7,2754.81,2
CUST100257,164,13,3083.96,2
CUST100258,16,22,4302.58,1
CUST100259,28,19,3326.27,3
CUST100260,41,5,1634.42,4
CUST100261,29,22,7437.53,1
CUST100262,272,3,614.61,0
CUST100263,70,17,2115.67,3
CUST100264,28,22,6478.25,1
CUST100265,243,3,853.62,0
CUST100266,24,15,3140.92,3
CUST100267,20,16,2545.76,3
CUST100268,17,27,12100.44,1
CUST100269,25,19,5011.9,1
CUST100270,31,21,2857.99,3
CUST100271,26,24,4377.31,1
CUST100272,71,14,2852.71,3
CUST100273,11,25,4866.67,1
CUST100274,55,4,2418.15,2
CUST100275,100,8,2382.89,2
CUST100276,73,16,1644.93,3
CUST100277,19,12,2743.04,3
CUST100278,34,6,3001.13,3
CUST100279,239,2,619.14,0
CUST100280,359,2,477.75,0
CUST100281,23,23,5524.99,1
CUST100282,29,14,3700.29,3
CUST100283,58,14,7256.38,3
CUST100284,31,15,3659.23,3
CUST100285,76,7,3109.19,2
CUST100286,63,10,3336.39,3
CUST100287,10,21,7304.72,1
CUST100288,30,9,2898.53,3
CUST100289,59,7,3634.15,3
CUST100290,12,31,6444.13,1
CUST100291,235,6,1024.13,4
CUST100292,26,22,7686.22,1
CUST100293,264,3,1357.07,0
CUST100294,18,25,4611.33,1
CUST100295,182,3,718.99,0
CUST100296,243,3,272.39,0
CUST100297,285,3,1162.84,0
CUST100298,163,9,1305.63,4
CUST100299,127,5,783.12,4
CUST100300,225,12,402.43,4
CUST100301,158,12,2153.8,2
CUST100302,11,21,10061.53,1
CUST100303,58,7,2336.32,2
CUST100304,66,6,2010.68,2
CUST100305,356,3,431.92,0
CUST100306,88,5,3228.97,2
CUST100307,40,9,4391.36,3
CUST100308,185,9,4960.24,2
CUST100309,30,14,2055.55,3
CUST100310,8,26,6489.45,1
CUST100311,93,4,3155.69,2
CUST100312,30,5,2572.58,3
CUST100313,32,7,1420.42,4
CUST100314,35,8,4529.45,3
CUST100315,38,13,4034.37,3
CUST100316,57,17,3333.16,3
CUST100317,10,12,1941.67,3
CUST100318,165,10,649.99,4
CUST100319,25,13,3064.91,3
CUST100320,184,8,2898.57,2
CUST100321,196,7,1441.55,2
CUST100322,104,5,3030.7,2
CUST100323,31,14,2894.91,3
CUST100324,99,6,2129.11,2
CUST100325,232,2,646.76,0
CUST100326,111,6,1691.98,2
CUST100327,102,6,1649.02,4
CUST100328,37,8,899.46,4
CUST100329,235,8,1333.52,2
CUST100330,63,12,1654.29,3
CUST100331,221,6,2506.93,2
CUST100332,56,9,6726.76,3
CUST100333,152,8,2318.79,2
CUST100334,324,5,1283.81,0
CUST100335,32,18,5278.95,1
CUST100336,99,5,1997.0,2
CUST100337,23,22,5567.81,1
CUST100338,103,12,819.89,4
CUST100339,11,24,7736.54,1
CUST100340,182,1,947.58,0
CUST100341,14,23,11709.03,1
CUST100342,206,2,660.74,0
CUST100343,154,5,615.47,0
CUST100344,79,7,3789.67,2
CUST100345,130,10,1902.59,2
CUST100346,99,13,2678.73,3
CUST100347,185,2,344.67,0
CUST100348,49,12,1665.44,3
CUST100349,24,5,3172.72,3
CUST100350,8,24,4700.14,1
CUST100351,46,7,2199.5,3
CUST100352,18,15,2203.17,3
CUST100353,50,5,667.88,4
CUST100354,63,2,940.49,0
CUST100355,33,5,2535.06,3
CUST100356,112,7,987.04,4
CUST100357,174,9,1142.49,4
CUST100358,143,9,1179.66,4
CUST100359,45,8,2860.29,3
CUST100360,25,7,1377.95,4
CUST100361,278,1,654.68,0
CUST100362,4,24,8864.34,1
CUST100363,26,24,10056.74,1
CUST100364,33,17,6416.28,1
CUST100365,159,4,176.24,0
CUST100366,62,5,1802.1,4
CUST100367,90,7,627.46,4
CUST100368,175,7,1832.84,2
CUST100369,23,12,1960.73,3
CUST100370,318,4,830.78,0
CUST100371,120,13,621.93,4
CUST100372,49,12,4944.19,3
CUST100373,26,15,2074.77,3
CUST100374,19,13,3979.21,3
CUST100375,4,20,4779.85,1
CUST100376,6,16,4475.86,1
CUST100377,354,5,823.98,0
CUST100378,62,6,820.78,4
CUST100379,47,12,3028.76,3
CUST100380,150,6,1859.1,2
CUST100381,73,10,784.66,4
CUST100382,270,3,469.27,0
CUST100383,114,4,1053.98,4
CUST100384,41,6,2260.33,3
CUST100385,35,10,957.13,4
CUST100386,242,3,977.58,0
CUST100387,231,8,2872.15,2
CUST100388,208,6,414.56,0
CUST100389,2,25,3100.93,1
CUST100390,307,3,1355.76,0
CUST100391,239,10,1151.37,4
CUST100392,22,26,3248.0,1
CUST100393,57,8,3309.93,3
CUST100394,130,5,4460.76,2
CUST100395,2,26,3896.19,1
CUST100396,51,5,1307.83,4
CUST100397,259,5,174.45,0
CUST100398,13,16,1777.72,3
CUST100399,47,11,1391.71,4
CUST100400,83,6,2521.13,2
CUST100401,73,13,2425.31,3
CUST100402,248,2,763.67,0
CUST100403,182,4,3152.6,2
CUST100404,7,25,3885.9,1
CUST100405,240,2,900.09,0
CUST100406,324,6,841.97,0
CUST100407,54,10,4064.01,3
CUST100408,348,2,1061.02,0
CUST100409,26,25,6452.42,1
CUST100410,244,2,864.79,0
CUST100411,176,8,811.8,4
CUST100412,131,6,5439.49,2
CUST100413,6,23,5384.08,1
CUST100414,256,3,201.74,0
CUST100415,34,21,9778.65,1
CUST100416,39,11,3627.42,3
CUST100417,28,23,5924.88,1
CUST100418,146,7,3036.16,2
CUST100419,47,14,1623.31,3
CUST100420,326,3,1713.46,0
CUST100421,142,5,4076.87,2
CUST100422,18,21,7271.89,1
CUST100423,33,21,1825.31,3
CUST100424,16,21,6579.88,1
CUST100425,27,4,4296.23,3
CUST100426,192,6,1815.56,2
CUST100427,30,13,1375.84,3
CUST100428,186,1,715.46,0
CUST100429,23,22,3384.54,1
CUST100430,132,9,1779.55,2
CUST100431,181,3,856.87,0
CUST100432,224,6,2180.09,2
CUST100433,233,12,530.25,4
CUST100434,180,4,2015.77,2
CUST100435,8,18,5904.54,1
CUST100436,27,8,5115.26,3
CUST100437,27,15,4004.31,3
CUST100438,64,7,3350.99,2
CUST100439,215,9,1279.0,4
CUST100440,178,5,3326.62,2
CUST100441,200,1,482.83,0
CUST100442,15,24,7298.51,1
CUST100443,105,6,1389.25,4
CUST100444,12,4,4580.72,3
CUST100445,63,12,2783.76,3
CUST100446,239,3,770.63,0
CUST100447,329,7,730.67,0
CUST100448,31,4,2373.16,3
CUST100449,25,28,4508.9,1
CUST100450,62,11,1823.01,3
CUST100451,28,25,7271.6,1
CUST100452,254,5,1386.72,2
CUST100453,170,11,3847.63,2
CUST100454,22,12,1808.41,3
CUST100455,2,27,7517.32,1
CUST100456,26,16,2276.22,3
CUST100457,328,1,352.37,0
CUST100458,114,4,2026.44,2
CUST100459,218,9,3674.33,2
CUST100460,230,9,2058.33,2
CUST100461,80,4,1420.04,4
CUST100462,34,23,4937.0,1
CUST100463,295,4,489.25,0
CUST100464,10,9,2700.37,3
CUST100465,30,9,4446.54,3
CUST100466,137,8,3282.44,2
CUST100467,129,7,417.16,4
CUST100468,301,5,773.28,0
CUST100469,29,26,7052.07,1
CUST100470,42,5,1577.61,4
CUST100471,36,8,3357.34,3
CUST100472,116,10,3322.18,2
CUST100473,24,30,9018.42,1
CUST100474,8,19,5226.47,1
CUST100475,40,14,2918.93,3
CUST100476,18,12,2340.69,3
CUST100477,53,9,3961.69,3
CUST100478,42,11,1348.61,4
CUST100479,207,11,2442.13,2
CUST100480,52,7,2137.6,3
CUST100481,80,8,962.93,4
CUST100482,14,22,4240.61,1
CUST100483,59,7,2083.13,4
CUST100484,22,11,3825.58,3
CUST100485,15,24,6733.85,1
CUST100486,73,9,1395.85,4
CUST100487,97,6,2017.26,2
CUST100488,31,14,1768.88,3
CUST100489,97,8,3172.6,2
CUST100490,103,8,2625.15,2
CUST100491,102,6,3147.41,2
CUST100492,95,6,4464.83,2
CUST100493,201,8,2692.41,2
CUST100494,16,13,3474.16,3
CUST100495,127,11,3782.28,2
CUST100496,97,8,3885.4,2
CUST100497,107,8,1027.36,4
CUST100498,207,5,2371.45,2
CUST100499,24,17,2054.03,3
CUST100500,81,10,4468.36,3
CUST100501,236,16,1123.37,4
CUST100502,236,2,977.25,0
CUST100503,226,4,1421.22,0
CUST100504,108,5,1676.69,2
CUST100505,73,9,1868.21,4
CUST100506,177,12,2421.37,2
CUST100507,45,15,1634.08,3
CUST100508,186,4,1397.89,0
CUST100509,42,6,1351.2,4
CUST100510,19,19,6367.55,1
CUST100511,14,28,3859.52,1
CUST100512,305,3,1651.82,0
CUST100513,18,24,1937.94,3
CUST100514,55,13,4743.21,3
CUST100515,58,15,521.19,4
CUST100516,28,15,2715.03,3
CUST100517,43,9,2683.48,3
CUST100518,117,6,1847.72,2
CUST100519,32,32,5710.09,1
CUST100520,215,1,406.0,0
CUST100521,246,2,1124.07,0
CUST100522,20,7,1040.18,4
CUST100523,15,23,2530.08,1
CUST100524,56,5,1929.74,4
CUST100525,27,17,5462.74,1
CUST100526,30,13,3014.8,3
CUST100527,338,2,407.93,0
CUST100528,327,2,2703.1,0
CUST100529,98,6,1253.18,4
CUST100530,32,9,4880.33,3
CUST100531,142,9,1331.57,4
CUST100532,125,9,3425.87,2
CUST100533,67,9,1760.14,4
CUST100534,104,9,2357.08,2
CUST100535,17,19,5068.24,1
CUST100536,46,9,2337.29,3
CUST100537,107,9,2694.6,2
CUST100538,64,12,2126.71,3
CUST100539,39,17,6091.87,1
CUST100540,193,2,1665.4,0
CUST100541,296,4,793.24,0
CUST100542,113,5,3090.26,2
CUST100543,259,4,693.37,0
CUST100544,338,5,557.61,0
CUST100545,3,22,5071.73,1
CUST100546,39,5,2666.46,3
CUST100547,55,15,3717.19,3
CUST100548,34,22,4808.35,1
CUST100549,135,4,1569.05,2
CUST100550,88,7,602.12,4
CUST100551,43,6,637.55,4
CUST100552,23,28,8040.14,1
CUST100553,34,16,2703.68,3
CUST100554,318,6,365.87,0
CUST100555,33,21,5281.75,1
CUST100556,25,13,2741.71,3
CUST100557,14,6,3175.76,3
CUST100558,110,6,935.14,4
CUST100559,114,7,939.81,4
CUST100560,48,7,1196.73,4
CUST100561,26,24,9150.4,1
CUST100562,35,18,1250.01,3
CUST100563,353,6,939.34,0
CUST100564,117,11,1970.7,2
CUST100565,142,5,962.06,4
CUST100566,115,7,1426.7,4
CUST100567,164,12,4376.63,2
CUST100568,6,21,14998.02,1
CUST100569,59,11,2379.61,3
CUST100570,81,7,1796.48,4
CUST100571,12,11,5219.54,1
CUST100572,360,3,610.62,0
CUST100573,75,12,2166.76,3
CUST100574,97,8,1616.95,4
CUST100575,268,5,997.38,0
CUST100576,72,5,1840.84,4
CUST100577,266,2,193.57,0
CUST100578,109,7,901.38,4
CUST100579,274,2,550.29,0
CUST100580,47,9,4841.26,3
CUST100581,90,7,1626.16,4
CUST100582,20,16,782.32,4
CUST100583,14,24,6099.56,1
CUST100584,41,12,2620.45,3
CUST100585,261,4,956.13,0
CUST100586,206,7,2680.94,2
CUST100587,74,11,4102.82,3
CUST100588,69,13,3441.66,3
CUST100589,36,12,4205.41,3
CUST100590,21,24,3080.11,1
CUST100591,259,2,1510.79,0
CUST100592,54,5,1273.94,4
CUST100593,34,13,5314.59,3
CUST100594,76,6,638.37,4
CUST100595,10,18,7068.64,1
CUST100596,20,11,8992.69,1
CUST100597,159,9,1530.96,2
CUST100598,133,7,1730.36,2
CUST100599,214,3,264.23,0
CUST100600,120,11,3110.78,2
CUST100601,74,9,781.42,4
CUST100602,124,9,1574.47,4
CUST100603,324,2,474.23,0
CUST100604,111,5,1758.61,2
CUST100605,283,3,482.14,0
CUST100606,114,7,1157.2,4
CUST100607,271,6,1213.22,2
CUST100608,22,23,7471.86,1
CUST100609,195,13,2760.72,2
CUST100610,61,3,1157.23,4
CUST100611,59,5,1594.77,4
CUST100612,113,11,2080.77,2
CUST100613,305,3,883.54,0
CUST100614,256,2,182.3,0
CUST100615,74,18,5140.64,3
CUST100616,210,8,634.3,4
CUST100617,219,8,2655.91,2
CUST100618,60,12,3304.93,3
CUST100619,9,19,5474.44,1
CUST100620,11,20,4977.97,1
CUST100621,144,9,2027.19,2
CUST100622,25,10,2248.55,3
CUST100623,281,1,928.67,0
CUST100624,31,4,1637.83,4
CUST100625,198,4,975.96,0
CUST100626,66,7,850.0,4
CUST100627,196,8,2010.07,2
CUST100628,10,20,2536.73,1
CUST100629,57,9,4925.75,3
CUST100630,216,2,2062.91,0
CUST100631,191,2,425.37,0
CUST100632,202,1,626.75,0
CUST100633,32,20,5718.36,1
CUST100634,24,11,3165.5,3
CUST100635,2,21,5065.29,1
CUST100636,6,16,4190.29,1
CUST100637,190,8,1205.97,4
CUST100638,223,11,4443.33,2
CUST100639,142,8,1352.55,4
CUST100640,347,5,980.0,0
CUST100641,112,10,2030.12,2
CUST100642,212,12,3712.6,2
CUST100643,8,25,7166.9,1
CUST100644,45,11,3376.94,3
CUST100645,115,10,3188.49,2
CUST100646,275,2,635.87,0
CUST100647,18,18,3142.38,1
CUST100648,112,12,1013.5,4
CUST100649,227,7,2212.3,2
CUST100650,28,17,8213.11,1
CUST100651,51,7,831.4,4
CUST100652,211,3,2639.11,2
CUST100653,116,8,1394.28,4
CUST100654,67,10,4375.99,3
CUST100655,243,3,316.64,0
CUST100656,41,10,4479.05,3
CUST100657,229,2,718.73,0
CUST100658,44,10,5889.44,3
CUST100659,90,7,4012.17,2
CUST100660,28,14,2309.77,3
CUST100661,55,10,2473.95,3
CUST100662,215,4,1016.91,0
CUST100663,73,12,7700.74,3
CUST100664,34,22,3811.31,1
CUST100665,38,16,3175.06,3
CUST100666,120,9,708.76,4
CUST100667,181,10,578.81,4
CUST100668,229,2,1093.01,0
CUST100669,45,18,2370.56,3
CUST100670,79,3,1425.72,4
CUST100671,5,26,5443.46,1
CUST100672,93,7,1736.93,4
CUST100673,185,4,1351.7,0
CUST100674,232,8,5563.18,2
CUST100675,73,5,2575.05,2
CUST100676,52,18,2591.07,3
CUST100677,271,1,1350.38,0
CUST100678,45,4,2077.85,4
CUST100679,31,24,6669.95,1
CUST100680,69,15,5609.52,3
CUST100681,23,26,7068.69,1
CUST100682,42,10,5302.57,3
CUST100683,13,24,6955.06,1
CUST100684,105,8,3904.27,2
CUST100685,186,4,2019.99,2
CUST100686,55,15,5130.34,3
CUST100687,93,6,4326.31,2
CUST100688,353,3,416.43,0
CUST100689,186,5,1237.64,4
CUST100690,119,4,1316.91,4
CUST100691,31,18,2285.26,3
CUST100692,362,2,1650.08,0
CUST100693,53,10,3910.5,3
CUST100694,46,9,1390.05,4
CUST100695,295,2,1718.39,0
CUST100696,118,10,2917.06,2
CUST100697,129,11,2079.14,2
CUST100698,100,9,1645.96,4
CUST100699,163,6,1214.06,4
CUST100700,18,12,2882.19,3
CUST100701,65,7,4046.46,2
CUST100702,27,13,2879.45,3
CUST100703,31,21,6539.62,1
CUST100704,248,4,2500.52,2
CUST100705,31,15,3408.77,3
CUST100706,30,5,2385.27,3
CUST100707,110,7,1794.16,2
CUST100708,153,11,1244.61,4
CUST100709,34,6,994.88,4
CUST100710,75,6,2351.45,2
CUST100711,258,3,366.35,0
CUST100712,214,5,3412.29,2
CUST100713,172,7,1910.4,2
CUST100714,359,3,1097.03,0
CUST100715,188,6,1675.06,2
CUST100716,31,13,2855.92,3
CUST100717,106,6,3023.83,2
CUST100718,4,20,4651.13,1
CUST100719,228,9,870.83,4
CUST100720,233,3,790.37,0
CUST100721,38,9,1358.33,4
CUST100722,41,6,5495.97,3
CUST100723,33,15,3250.06,3
CUST100724,350,3,126.69,0
CUST100725,16,25,8238.78,1
CUST100726,30,21,7976.96,1
CUST100727,39,8,2899.43,3
CUST100728,6,24,2613.93,1
CUST100729,28,7,589.87,4
CUST100730,76,10,939.57,4
CUST100731,17,9,1804.18,3
CUST100732,5,19,8378.69,1
CUST100733,2,21,6467.94,1
CUST100734,71,12,1769.41,3
CUST100735,23,22,5498.09,1
CUST100736,184,15,3085.32,2
CUST100737,61,14,5656.1,3
CUST100738,68,16,1812.66,3
CUST100739,29,12,5194.0,3
CUST100740,89,3,2157.57,2
CUST100741,32,25,6871.16,1
CUST100742,9,29,7995.42,1
CUST100743,247,1,2283.86,0
CUST100744,12,27,6100.46,1
CUST100745,20,7,1430.31,3
CUST100746,21,10,2991.05,3
CUST100747,40,13,2465.23,3
CUST100748,54,9,4212.65,3
CUST100749,174,7,3829.98,2
CUST100750,353,2,1721.33,0
CUST100751,38,21,724.46,4
CUST100752,61,16,2111.08,3
CUST100753,46,12,2049.41,3
CUST100754,115,7,562.48,4
CUST100755,93,7,4260.42,2
CUST100756,25,22,2446.12,3
CUST100757,10,19,6628.22,1
CUST100758,250,4,733.7,0
CUST100759,32,26,3145.28,1
CUST100760,75,9,1432.76,4
CUST100761,150,3,3639.21,2
CUST100762,22,27,7716.93,1
CUST100763,21,28,5741.74,1
CUST100764,9,23,7606.29,1
CUST100765,236,2,687.21,0
CUST100766,2,29,7861.86,1
CUST100767,52,18,4887.09,3
CUST100768,21,31,1992.28,1
CUST100769,21,23,11336.05,1
CUST100770,134,9,2988.83,2
CUST100771,69,19,3125.88,3
CUST100772,80,5,1888.25,2
CUST100773,73,6,3093.69,2
CUST100774,252,2,522.46,0
CUST100775,12,16,9391.63,1
CUST100776,232,3,2542.14,2
CUST100777,100,7,1124.38,4
CUST100778,23,19,4256.12,1
CUST100779,163,8,2536.6,2
CUST100780,248,2,1431.55,0
CUST100781,25,17,2488.43,3
CUST100782,339,1,388.12,0
CUST100783,112,7,1928.92,2
CUST100784,29,6,2839.72,3
CUST100785,217,3,867.69,0
CUST100786,67,14,1419.42,4
CUST100787,236,8,2428.91,2
CUST100788,53,13,5029.32,3
CUST100789,129,9,758.64,4
CUST100790,91,6,3244.43,2
CUST100791,17,16,3627.51,1
CUST100792,97,7,2242.56,2
CUST100793,38,15,4193.81,3
CUST100794,2,20,2700.64,1
CUST100795,18,23,11796.65,1
CUST100796,65,14,3745.6,3
CUST100797,21,28,7287.37,1
CUST100798,70,16,3946.5,3
CUST100799,208,6,1828.74,2
CUST100800,152,9,3869.39,2
CUST100801,184,10,2131.58,2
CUST100802,25,16,2421.95,3
CUST100803,297,3,315.82,0
CUST100804,106,10,2538.65,2
CUST100805,33,24,5864.85,1
CUST100806,8,30,2911.8,1
CUST100807,214,6,4255.6,2
CUST100808,22,8,8589.96,3
CUST100809,79,5,1724.96,4
CUST100810,272,3,1047.42,0
CUST100811,11,26,5016.68,1
CUST100812,4,24,8091.63,1
CUST100813,299,2,1702.85,0
CUST100814,116,5,727.59,4
CUST100815,15,31,14514.64,1
CUST100816,230,3,458.95,0
CUST100817,294,4,949.54,0
CUST100818,53,5,2577.73,2
CUST100819,225,5,2172.48,2
CUST100820,74,12,3458.05,3
CUST100821,2,28,6315.77,1
CUST100822,54,6,1721.34,4
CUST100823,41,11,4109.45,3
CUST100824,144,9,1690.64,2
CUST100825,205,1,1452.72,0
CUST100826,27,22,6771.95,1
CUST100827,63,7,1045.0,4
CUST100828,47,11,1646.32,3
CUST100829,229,2,1740.16,0
CUST100830,41,12,3886.17,3
CUST100831,109,6,2180.94,2
CUST100832,79,8,1766.93,4
CUST100833,59,11,2811.51,3
CUST100834,116,6,4558.82,2
CUST100835,106,8,3295.8,2
CUST100836,27,10,3454.6,3
CUST100837,157,12,2680.05,2
CUST100838,222,1,1076.17,0
CUST100839,47,7,1190.85,4
CUST100840,91,13,1038.74,4
CUST100841,25,22,3927.44,1
CUST100842,115,13,2079.05,2
CUST100843,100,7,1538.73,4
CUST100844,67,7,2421.26,2
CUST100845,14,19,9867.12,1
CUST100846,210,4,819.15,0
CUST100847,17,12,2446.81,3
CUST100848,138,9,3169.02,2
CUST100849,21,24,5126.55,1
CUST100850,267,1,427.48,0
CUST100851,27,12,779.76,4
CUST100852,40,12,2217.74,3
CUST100853,351,3,252.42,0
CUST100854,327,3,310.35,0
CUST100855,72,17,2673.64,3
CUST100856,67,8,1686.11,4
CUST100857,225,13,1547.95,2
CUST100858,344,2,1467.91,0
CUST100859,28,10,3494.22,3
CUST100860,38,10,1175.33,4
CUST100861,231,8,4856.87,2
CUST100862,194,9,3197.85,2
CUST100863,207,5,1187.64,0
CUST100864,107,5,3034.51,2
CUST100865,33,24,5708.67,1
CUST100866,305,4,287.71,0
CUST100867,209,1,1100.38,0
CUST100868,224,12,1143.64,4
CUST100869,23,21,7011.36,1
CUST100870,54,12,3337.48,3
CUST100871,178,8,560.04,4
CUST100872,13,20,8224.06,1
CUST100873,263,2,963.77,0
CUST100874,11,19,2807.34,1
CUST100875,173,8,3083.13,2
CUST100876,215,1,920.6,0
CUST100877,45,13,1294.94,4
CUST100878,16,14,4039.05,1
CUST100879,104,7,3757.91,2
CUST100880,76,5,1735.38,4
CUST100881,64,7,2066.86,2
CUST100882,67,7,679.76,4
CUST100883,336,4,1553.48,0
CUST100884,64,7,1847.55,4
CUST100885,38,11,4612.84,3
CUST100886,53,9,2334.58,3
CUST100887,50,10,1992.89,3
CUST100888,32,19,6556.52,1
CUST100889,27,17,2797.77,3
CUST100890,161,9,1024.47,4
CUST100891,66,16,2879.83,3
CUST100892,269,5,1232.37,0
CUST100893,66,12,1469.67,4
CUST100894,8,24,9094.58,1
CUST100895,95,8,1076.13,4
CUST100896,241,2,1036.04,0
CUST100897,10,15,4010.82,1
CUST100898,35,12,2205.61,3
CUST100899,73,9,4109.59,3
CUST100900,43,4,1503.03,4
CUST100901,53,9,2710.88,3
CUST100902,50,12,3389.72,3
CUST100903,16,23,5334.9,1
CUST100904,41,8,3646.25,3
CUST100905,215,6,287.0,0
CUST100906,93,10,714.66,4
CUST100907,36,6,504.84,4
CUST100908,13,26,6929.15,1
CUST100909,41,13,5034.17,3
CUST100910,59,8,3026.51,3
CUST100911,173,6,2395.4,2
CUST100912,302,5,801.58,0
CUST100913,296,4,1240.29,0
CUST100914,226,1,1010.75,0
CUST100915,306,2,771.46,0
CUST100916,203,4,1400.29,0
CUST100917,18,25,8966.72,1
CUST100918,12,38,8806.58,1
CUST100919,68,11,5252.33,3
CUST100920,89,5,1092.68,4
CUST100921,24,22,3398.0,1
CUST100922,306,3,2514.48,2
CUST100923,44,8,4668.19,3
CUST100924,27,7,926.05,4
CUST100925,52,17,4513.17,3
CUST100926,24,10,1925.04,3
CUST100927,70,8,1481.39,4
CUST100928,181,1,744.68,0
CUST100929,21,9,2380.16,3
CUST100930,100,7,1198.26,4
CUST100931,56,11,3888.17,3
CUST100932,59,9,3838.71,3
CUST100933,27,8,1523.3,3
CUST100934,168,6,3424.81,2
CUST100935,108,6,2256.12,2
CUST100936,20,12,1878.76,3
CUST100937,235,4,177.32,0
CUST100938,27,25,6156.73,1
CUST100939,216,5,1201.51,0
CUST100940,5,23,8397.1,1
CUST100941,40,12,3735.0,3
CUST100942,252,1,939.49,0
CUST100943,34,13,1785.83,3
CUST100944,56,7,1839.45,4
CUST100945,75,6,3090.16,2
CUST100946,64,20,8193.34,1
CUST100947,121,9,1743.54,2
CUST100948,204,1,2301.41,0
CUST100949,212,1,1277.71,0
CUST100950,37,12,2746.12,3
CUST100951,47,8,653.86,4
CUST100952,10,15,1547.06,3
CUST100953,19,16,2103.91,3
CUST100954,53,9,3060.45,3
CUST100955,206,4,588.14,0
CUST100956,248,2,861.2,0
CUST100957,232,10,2522.05,2
CUST100958,92,8,3545.07,2
CUST100959,28,10,1485.82,3
CUST100960,40,7,4952.11,3
CUST100961,100,4,1395.26,4
CUST100962,44,7,817.01,4
CUST100963,3,24,8768.35,1
CUST100964,22,22,2050.4,3
CUST100965,209,3,1794.44,0
CUST100966,90,4,1779.51,2
CUST100967,283,2,795.14,0
CUST100968,41,9,2663.78,3
CUST100969,98,10,395.11,4
CUST100970,52,10,2535.12,3
CUST100971,49,14,5621.27,3
CUST100972,25,18,6182.51,1
CUST100973,13,22,3770.5,1
CUST100974,293,4,1002.87,0
CUST100975,12,12,1214.42,3
CUST100976,26,7,1705.74,3
CUST100977,85,8,2633.55,2
CUST100978,78,6,735.19,4
CUST100979,115,8,2257.18,2
CUST100980,30,14,3565.16,3
CUST100981,241,7,257.67,0
CUST100982,171,9,5165.19,2
CUST100983,204,10,3238.79,2
CUST100984,96,4,1420.58,4
CUST100985,24,20,7763.2,1
CUST100986,285,3,505.99,0
CUST100987,68,18,2447.37,3
CUST100988,6,25,4901.52,1
CUST100989,71,13,2140.03,3
CUST100990,116,7,1108.37,4
CUST100991,128,9,3039.32,2
CUST100992,230,6,1727.3,2
CUST100993,129,6,2177.0,2
CUST100994,18,9,2860.91,3
CUST100995,267,4,988.16,0
CUST100996,48,8,1459.69,4
CUST100997,176,13,1168.49,4
CUST100998,18,24,6954.02,1
CUST100999,318,4,1011.32,0
CUST101000,37,13,3660.95,3
CUST101001,34,24,4542.12,1
CUST101002,111,7,2105.91,2
CUST101003,26,25,4512.42,1
CUST101004,18,26,6895.56,1
CUST101005,149,3,2543.54,2
CUST101006,40,14,2391.34,3
CUST101007,199,1,934.17,0
CUST101008,25,16,1897.98,3
CUST101009,165,8,1673.06,2
CUST101010,32,7,353.24,4
CUST101011,178,9,1601.11,2
CUST101012,73,5,2100.85,2
CUST101013,84,7,1215.79,4
CUST101014,182,2,1592.47,0
CUST101015,62,14,5106.42,3
CUST101016,10,11,1575.08,3
CUST101017,197,8,3805.19,2
CUST101018,264,2,709.33,0
CUST101019,21,20,6902.56,1
CUST101020,50,11,1894.47,3
CUST101021,320,2,761.63,0
CUST101022,158,9,1891.91,2
CUST101023,257,4,690.9,0
CUST101024,20,7,2817.18,3
CUST101025,150,3,2518.96,2
CUST101026,72,10,2012.53,3
CUST101027,356,3,892.74,0
CUST101028,11,10,3166.45,3
CUST101029,187,9,1945.71,2
CUST101030,92,6,1876.65,2
CUST101031,76,9,2106.54,2
CUST101032,155,2,2378.97,2
CUST101033,85,7,3528.1,2
CUST101034,183,3,1171.93,0
CUST101035,102,10,787.34,4
CUST101036,162,6,3541.56,2
CUST101037,12,13,4700.8,1
CUST101038,61,6,1958.18,4
CUST101039,69,5,740.57,4
CUST101040,34,20,8525.26,1
CUST101041,11,21,5649.05,1
CUST101042,213,8,2019.26,2
CUST101043,141,12,4285.49,2
CUST101044,128,9,1652.93,2
CUST101045,29,33,8925.73,1
CUST101046,23,12,2522.18,3
CUST101047,53,15,2607.19,3
CUST101048,183,7,1857.2,2
CUST101049,305,3,991.48,0
CUST101050,13,13,2776.59,3
CUST101051,104,8,3516.27,2
CUST101052,20,29,7481.37,1
CUST101053,52,9,2385.47,3
CUST101054,13,21,6917.5,1
CUST101055,58,22,3546.59,3
CUST101056,156,7,3641.87,2
CUST101057,188,1,2249.19,0
CUST101058,60,16,3246.87,3
CUST101059,84,6,1767.55,4
CUST101060,180,9,1103.28,4
CUST101061,261,6,3034.43,2
CUST101062,38,9,1593.9,3
CUST101063,40,13,3633.33,3
CUST101064,232,9,2078.49,2
CUST101065,40,15,931.29,4
CUST101066,209,2,749.93,0
CUST101067,37,12,3454.76,3
CUST101068,106,12,2559.52,2
CUST101069,16,23,1874.94,3
CUST101070,26,6,3466.82,3
CUST101071,273,4,1684.06,2
CUST101072,85,7,647.9,4
CUST101073,98,9,1278.49,4
CUST101074,271,3,531.5,0
CUST101075,280,3,671.02,0
CUST101076,73,12,3129.72,3
CUST101077,34,8,529.71,4
CUST101078,37,9,3530.94,3
CUST101079,183,5,5775.07,2
CUST101080,18,19,2886.82,1
CUST101081,23,19,3763.85,1
CUST101082,299,2,1475.36,0
CUST101083,273,7,2100.26,2
CUST101084,192,1,1824.19,0
CUST101085,231,3,2682.94,2
CUST101086,109,7,2597.96,2
CUST101087,196,6,2492.79,2
CUST101088,125,3,2791.23,2
CUST101089,39,3,1511.21,4
CUST101090,105,9,893.93,4
CUST101091,59,15,3027.23,3
CUST101092,97,7,3461.01,2
CUST101093,36,9,1472.59,4
CUST101094,58,10,4198.94,3
CUST101095,41,7,1234.08,4
CUST101096,50,4,2549.23,2
CUST101097,40,19,3439.14,3
CUST101098,123,8,2351.87,2
CUST101099,197,2,625.78,0
CUST101100,47,8,4049.9,3
CUST101101,20,20,7297.8,1
CUST101102,57,9,2033.76,3
CUST101103,160,7,1391.38,4
CUST101104,187,4,1441.77,0
CUST101105,19,23,8060.06,1
CUST101106,129,7,1235.7,4
CUST101107,9,26,6343.05,1
CUST101108,62,15,2003.45,3
CUST101109,226,5,712.54,0
CUST101110,19,9,3161.73,3
CUST101111,20,22,6810.66,1
CUST101112,45,8,907.67,4
CUST101113,99,7,1146.73,4
CUST101114,330,1,2354.46,0
CUST101115,218,3,1876.28,0
CUST101116,28,23,4312.95,1
CUST101117,8,24,5484.17,1
CUST101118,101,10,705.9,4
CUST101119,45,11,3466.46,3
CUST101120,209,2,563.95,0
CUST101121,181,12,2258.46,2
CUST101122,19,15,7925.89,1
CUST101123,254,6,749.41,0
CUST101124,38,14,3521.48,3
CUST101125,48,9,2143.6,3
CUST101126,27,8,531.27,4
CUST101127,95,12,2329.18,2
CUST101128,90,5,3207.96,2
CUST101129,202,12,2844.65,2
CUST101130,273,5,431.0,0
CUST101131,225,4,1374.34,0
CUST101132,100,7,3832.85,2
CUST101133,14,15,3794.9,1
CUST101134,211,4,1083.72,0
CUST101135,224,3,1007.02,0
CUST101136,28,12,1692.65,3
CUST101137,66,6,767.99,4
CUST101138,69,6,2405.56,2
CUST101139,12,19,7833.68,1
CUST101140,195,6,1501.59,2
CUST101141,65,13,2364.99,3
CUST101142,103,7,1537.89,4
CUST101143,289,3,623.91,0
CUST101144,268,3,968.26,0
CUST101145,103,7,2816.59,2
CUST101146,30,13,5441.28,3
CUST101147,173,9,893.21,4
CUST101148,91,7,1142.08,4
CUST101149,27,9,1709.12,3
CUST101150,297,2,380.88,0
CUST101151,18,23,6091.68,1
CUST101152,330,3,462.25,0
CUST101153,32,24,5711.57,1
CUST101154,30,17,4457.77,1
CUST101155,113,11,722.18,4
CUST101156,1,22,3451.37,1
CUST101157,9,17,10159.83,1
CUST101158,22,33,8284.08,1
CUST101159,47,5,2311.97,2
CUST101160,130,4,1441.89,4
CUST101161,31,21,2552.18,3
CUST101162,189,11,1660.22,2
CUST101163,335,2,1652.75,0
CUST101164,29,11,4932.77,3
CUST101165,5,28,4051.13,1
CUST101166,247,3,1264.2,0
CUST101167,356,2,556.83,0
CUST101168,105,4,1101.8,4
CUST101169,181,9,4291.49,2
CUST101170,19,18,6613.58,1
CUST101171,73,12,2881.88,3
CUST101172,90,9,1450.81,4
CUST101173,52,15,1484.79,3
CUST101174,239,10,971.14,4
CUST101175,23,7,1832.26,3
CUST101176,223,16,1974.24,2
CUST101177,95,7,2206.13,2
CUST101178,64,10,2752.16,3
CUST101179,53,12,1962.42,3
CUST101180,64,9,3367.83,3
CUST101181,216,9,2631.74,2
CUST101182,9,28,7241.13,1
CUST101183,34,29,5156.66,1
CUST101184,68,16,5414.82,3
CUST101185,62,19,1186.48,3
CUST101186,235,3,1236.93,0
CUST101187,16,13,1620.81,3
CUST101188,287,1,2128.16,0
CUST101189,7,25,6915.55,1
CUST101190,177,4,1545.9,2
CUST101191,32,4,1237.84,4
CUST101192,66,12,1486.76,4
CUST101193,330,3,571.2,0
CUST101194,324,3,953.55,0
CUST101195,275,2,719.16,0
CUST101196,38,15,4368.27,3
CUST101197,54,10,5402.12,3
CUST101198,176,13,2934.44,2
CUST101199,42,7,2052.68,3
CUST101200,205,12,6089.96,2
CUST101201,79,7,2365.46,2
CUST101202,60,6,3198.89,2
CUST101203,333,4,877.14,0
CUST101204,90,12,1701.89,4
CUST101205,9,29,6772.53,1
CUST101206,6,19,5502.51,1
CUST101207,118,8,1324.26,4
CUST101208,28,5,3784.42,3
CUST101209,16,13,3857.37,3
CUST101210,98,8,2135.91,2
CUST101211,189,11,2328.6,2
CUST101212,325,2,1110.23,0
CUST101213,55,9,977.69,4
CUST101214,32,10,3727.07,3
CUST101215,18,10,2951.32,3
CUST101216,81,6,1211.95,4
CUST101217,26,11,4137.69,3
CUST101218,35,4,4783.66,3
CUST101219,139,9,996.43,4
CUST101220,31,27,7527.84,1
CUST101221,8,25,2636.29,1
CUST101222,15,19,2670.58,1
CUST101223,215,1,1084.77,0
CUST101224,189,6,2117.9,2
CUST101225,41,10,1364.08,4
CUST101226,208,3,435.37,0
CUST101227,103,10,3050.1,2
CUST101228,74,9,443.86,4
CUST101229,268,3,611.24,0
CUST101230,28,21,3081.09,3
CUST101231,51,13,2919.63,3
CUST101232,66,7,1802.25,4
CUST101233,64,11,4600.41,3
CUST101234,218,7,2125.32,2
CUST101235,64,12,1767.81,3
CUST101236,32,16,5486.06,1
CUST101237,54,13,3970.9,3
CUST101238,52,12,3257.36,3
CUST101239,18,18,1847.85,3
CUST101240,28,28,5211.55,1
CUST101241,252,1,972.67,0
CUST101242,28,11,3099.88,3
CUST101243,18,13,4757.43,1
CUST101244,23,27,4274.53,1
CUST101245,55,15,2945.27,3
CUST101246,12,12,4742.73,1
CUST101247,29,6,2718.1,3
CUST101248,68,13,4337.47,3
CUST101249,360,4,1240.24,0
CUST101250,213,1,508.3,0
CUST101251,29,25,7137.58,1
CUST101252,3,27,3050.69,1
CUST101253,1,23,9244.77,1
CUST101254,54,7,2708.52,3
CUST101255,21,22,5477.33,1
CUST101256,363,4,1112.78,0
CUST101257,197,9,2056.93,2
CUST101258,165,6,1192.87,4
CUST101259,84,6,1489.19,4
CUST101260,327,4,613.27,0
CUST101261,2,21,7777.24,1
CUST101262,108,8,1253.21,4
CUST101263,40,11,3359.21,3
CUST101264,222,1,1731.45,0
CUST101265,37,6,3064.25,3
CUST101266,208,8,2421.82,2
CUST101267,41,20,4060.13,3
CUST101268,196,5,706.03,0
CUST101269,36,12,1411.89,3
CUST101270,45,9,1392.32,4
CUST101271,304,3,1609.1,0
CUST101272,62,9,4075.45,3
CUST101273,35,14,2596.39,3
CUST101274,32,5,1404.98,4
CUST101275,24,21,7715.6,1
CUST101276,42,10,2236.56,3
CUST101277,50,9,969.87,4
CUST101278,22,23,5518.36,1
CUST101279,242,1,1304.18,0
CUST101280,85,6,1319.15,4
CUST101281,56,13,2651.89,3
CUST101282,92,3,2228.85,2
CUST101283,26,7,1243.11,4
CUST101284,214,9,1951.52,2
CUST101285,284,3,1251.63,0
CUST101286,260,2,1468.12,0
CUST101287,70,16,2231.27,3
CUST101288,43,15,4435.16,3
CUST101289,30,7,2206.37,3
CUST101290,76,7,2939.81,2
CUST101291,23,11,3735.77,3
CUST101292,172,9,1763.88,2
CUST101293,27,7,993.55,4
CUST101294,67,16,2939.98,3
CUST101295,23,11,6320.53,1
CUST101296,37,13,6878.26,3
CUST101297,19,18,4480.21,1
CUST101298,36,10,2818.41,3
CUST101299,226,5,2834.47,2
CUST101300,59,10,3545.42,3
CUST101301,65,17,1624.92,3
CUST101302,91,9,1612.17,4
CUST101303,137,7,3077.87,2
CUST101304,19,16,3105.6,3
CUST101305,290,5,324.47,0
CUST101306,338,4,290.84,0
CUST101307,38,13,1227.02,3
CUST101308,177,7,2219.79,2
CUST101309,31,22,8682.12,1
CUST101310,335,3,1767.44,0
CUST101311,32,13,6784.9,1
CUST101312,259,1,864.51,0
CUST101313,21,4,1864.84,4
CUST101314,31,26,8253.44,1
CUST101315,18,23,6888.16,1
CUST101316,124,7,1763.36,2
CUST101317,26,6,1356.21,4
CUST101318,23,23,8482.93,1
CUST101319,238,6,3802.6,2
CUST101320,269,3,144.12,0
CUST101321,98,7,1294.98,4
CUST101322,82,5,3146.73,2
CUST101323,21,19,10524.48,1
CUST101324,130,6,1723.03,2
CUST101325,26,13,2895.33,3
CUST101326,255,4,829.96,0
CUST101327,17,9,4751.04,3
CUST101328,23,10,5442.24,3
CUST101329,35,14,3500.85,3
CUST101330,44,13,3864.1,3
CUST101331,179,11,4405.4,2
CUST101332,105,9,508.99,4
CUST101333,50,11,805.09,4
CUST101334,208,1,1619.23,0
CUST101335,221,4,716.43,0
CUST101336,242,3,873.28,0
CUST101337,18,10,1234.05,3
CUST101338,73,7,1628.06,4
CUST101339,193,2,1035.03,0
CUST101340,71,18,1512.29,3
CUST101341,34,19,8809.63,1
CUST101342,191,7,807.96,4
CUST101343,44,9,1285.43,4
CUST101344,101,6,1295.36,4
CUST101345,324,3,974.33,0
CUST101346,80,7,2751.01,2
CUST101347,36,8,2546.34,3
CUST101348,22,11,2906.01,3
CUST101349,22,7,1803.51,3
CUST101350,3,25,5108.16,1
CUST101351,124,8,1691.43,2
CUST101352,231,1,2249.26,0
CUST101353,44,12,3941.23,3
CUST101354,23,12,2284.28,3
CUST101355,281,4,487.98,0
CUST101356,8,16,5502.15,1
CUST101357,99,7,1877.9,2
CUST101358,57,6,2110.0,2
CUST101359,160,8,5346.11,2
CUST101360,21,15,4153.81,1
CUST101361,169,12,784.35,4
CUST101362,21,9,4051.28,3
CUST101363,103,8,2216.38,2
CUST101364,31,26,6125.75,1
CUST101365,107,5,2376.37,2
CUST101366,68,6,1630.49,4
CUST101367,70,20,2262.69,3
CUST101368,4,20,3816.15,1
CUST101369,19,13,3974.18,3
CUST101370,52,12,3785.77,3
CUST101371,6,30,7759.88,1
CUST101372,302,4,513.57,0
CUST101373,65,7,588.31,4
CUST101374,174,11,2114.24,2
CUST101375,254,5,165.37,0
CUST101376,9,20,2593.47,1
CUST101377,133,5,643.4,4
CUST101378,187,2,574.79,0
CUST101379,129,7,3019.74,2
CUST101380,46,9,3731.81,3
CUST101381,33,6,2143.13,3
CUST101382,16,21,5439.79,1
CUST101383,26,9,2463.05,3
CUST101384,313,3,1015.06,0
CUST101385,310,4,405.9,0
CUST101386,7,18,6332.63,1
CUST101387,220,5,640.14,0
CUST101388,66,14,3660.2,3
CUST101389,208,2,944.37,0
CUST101390,19,23,9666.53,1
CUST101391,353,4,382.32,0
CUST101392,214,2,1351.96,0
CUST101393,29,20,1222.35,3
CUST101394,11,21,7609.31,1
CUST101395,265,2,1503.12,0
CUST101396,33,22,7496.87,1
CUST101397,98,3,1411.75,4
CUST101398,184,5,322.85,0
CUST101399,103,9,2429.88,2
CUST101400,64,10,4873.3,3
CUST101401,85,13,2717.98,3
CUST101402,1,18,8097.38,1
CUST101403,234,1,1179.76,0
CUST101404,32,10,4322.28,3
CUST101405,29,19,3094.9,3
CUST101406,33,16,835.55,4
CUST101407,201,3,745.73,0
CUST101408,13,21,8437.38,1
CUST101409,281,2,1713.56,0
CUST101410,102,9,4528.68,2
CUST101411,186,4,484.68,0
CUST101412,333,4,740.4,0
CUST101413,289,3,1188.67,0
CUST101414,288,3,708.06,0
CUST101415,6,27,8591.42,1
CUST101416,113,8,967.75,4
CUST101417,74,5,1464.95,4
CUST101418,52,7,1500.03,4
CUST101419,290,2,1576.04,0
CUST101420,269,3,674.75,0
CUST101421,107,9,3872.75,2
CUST101422,33,8,2019.52,3
CUST101423,103,9,658.86,4
CUST101424,21,16,5176.92,1
CUST101425,40,16,2837.97,3
CUST101426,54,18,2346.9,3
CUST101427,31,23,4912.14,1
CUST101428,21,27,9567.63,1
CUST101429,151,8,1525.19,2
CUST101430,22,9,2072.26,3
CUST101431,247,3,852.15,0
CUST101432,53,6,1304.54,4
CUST101433,2,11,3729.73,1
CUST101434,10,24,6973.64,1
CUST101435,68,8,3042.03,2
CUST101436,237,3,921.22,0
CUST101437,62,14,3931.09,3
CUST101438,53,4,2901.14,2
CUST101439,232,3,1046.03,0
CUST101440,304,3,194.94,0
CUST101441,17,14,2394.53,3
CUST101442,19,19,6750.53,1
CUST101443,23,23,8894.24,1
CUST101444,20,19,6526.41,1
CUST101445,38,10,3430.09,3
CUST101446,25,8,1737.63,3
CUST101447,246,3,980.59,0
CUST101448,91,5,787.5,4
CUST101449,217,10,3488.63,2
CUST101450,62,11,2125.14,3
CUST101451,101,9,1632.34,4
CUST101452,96,7,812.19,4
CUST101453,356,5,189.56,0
CUST101454,295,3,1284.38,0
CUST101455,13,18,4021.63,1
CUST101456,25,19,8558.09,1
CUST101457,33,9,924.55,4
CUST101458,107,5,1756.7,2
CUST101459,362,3,2467.69,2
CUST101460,54,10,3424.24,3
CUST101461,212,6,740.94,0
CUST101462,107,10,1769.31,2
CUST101463,48,13,2272.75,3
CUST101464,42,11,5418.79,3
CUST101465,194,6,1009.61,4
CUST101466,185,6,4848.21,2
CUST101467,41,4,1016.14,4
CUST101468,60,11,2634.54,3
CUST101469,160,9,1550.17,2
CUST101470,60,12,3418.26,3
CUST101471,210,2,667.43,0
CUST101472,72,17,3739.74,3
CUST101473,26,15,5534.33,1
CUST101474,119,7,966.09,4
CUST101475,80,9,2073.95,2
CUST101476,30,6,1724.07,4
CUST101477,42,7,2010.83,3
CUST101478,301,4,244.83,0
CUST101479,112,7,708.18,4
CUST101480,27,2,1699.79,4
CUST101481,50,9,1307.52,4
CUST101482,25,23,8352.06,1
CUST101483,43,6,1624.93,4
CUST101484,12,8,2440.92,3
CUST101485,191,7,3409.83,2
CUST101486,27,21,10413.47,1
CUST101487,251,6,539.44,0
CUST101488,38,7,945.2,4
CUST101489,342,4,910.11,0
CUST101490,74,11,984.74,4
CUST101491,22,28,4486.99,1
CUST101492,241,5,1590.69,2
CUST101493,96,7,1286.4,4
CUST101494,146,7,695.89,4
CUST101495,30,8,2093.02,3
CUST101496,125,7,1824.5,2
CUST101497,335,1,695.85,0
CUST101498,205,4,1986.35,2
CUST101499,43,19,3806.22,3
CUST101500,135,4,1606.79,2
CUST101501,167,4,1730.72,2
CUST101502,180,1,1430.14,0
CUST101503,43,7,5118.22,3
CUST101504,48,6,1130.01,4
CUST101505,161,7,1780.96,2
CUST101506,79,8,2197.51,2
CUST101507,180,9,1974.29,2
CUST101508,90,6,3242.59,2
CUST101509,23,13,7379.58,1
CUST101510,216,5,1953.67,2
CUST101511,19,22,4968.37,1
CUST101512,17,11,2041.48,3
CUST101513,95,7,2456.51,2
CUST101514,90,7,1975.53,2
CUST101515,202,1,696.67,0
CUST101516,25,14,4374.82,3
CUST101517,24,25,5498.85,1
CUST101518,212,5,674.52,0
CUST101519,5,21,4887.36,1
CUST101520,34,11,3962.84,3
CUST101521,48,20,4471.02,3
CUST101522,95,6,1297.29,4
CUST101523,244,6,939.06,0
CUST101524,197,6,3816.09,2
CUST101525,150,6,1732.17,2
CUST101526,57,17,3829.93,3
CUST101527,38,14,5016.18,3
CUST101528,74,6,1044.71,4
CUST101529,5,23,7564.29,1
CUST101530,21,13,2879.92,3
CUST101531,30,8,5850.42,3
CUST101532,13,24,6007.03,1
CUST101533,90,7,3291.81,2
CUST101534,99,8,1086.67,4
CUST101535,33,22,5885.22,1
CUST101536,31,6,2316.58,3
CUST101537,115,9,1802.77,2
CUST101538,230,6,1301.78,2
CUST101539,125,6,1035.62,4
CUST101540,58,8,1589.71,4
CUST101541,356,3,1582.98,0
CUST101542,69,13,4611.27,3
CUST101543,40,13,1569.58,3
CUST101544,12,12,7145.7,1
CUST101545,73,3,3582.94,2
CUST101546,24,18,3030.78,3
CUST101547,55,14,1516.66,3
CUST101548,159,7,1993.91,2
CUST101549,58,12,2974.23,3
CUST101550,59,12,2679.0,3
CUST101551,11,24,5621.99,1
CUST101552,62,11,1998.6,3
CUST101553,28,11,3154.33,3
CUST101554,70,12,3271.29,3
CUST101555,34,16,2590.34,3
CUST101556,94,8,1450.43,4
CUST101557,191,5,824.23,0
CUST101558,45,6,4092.63,3
CUST101559,211,8,2180.77,2
CUST101560,210,3,3146.44,2
CUST101561,230,4,607.42,0
CUST101562,78,7,2255.09,2
CUST101563,286,4,685.33,0
CUST101564,285,3,788.55,0
CUST101565,226,4,1917.08,2
CUST101566,23,8,2012.1,3
CUST101567,7,25,7689.41,1
CUST101568,13,23,7358.27,1
CUST101569,25,4,1687.0,4
CUST101570,99,5,1340.88,4
CUST101571,113,5,2896.0,2
CUST101572,99,8,2217.32,2
CUST101573,71,3,2212.02,2
CUST101574,271,6,540.03,0
CUST101575,7,19,7717.7,1
CUST101576,51,12,2924.52,3
CUST101577,148,6,1418.52,4
CUST101578,320,7,399.27,0
CUST101579,275,1,396.43,0
CUST101580,266,6,1248.52,2
CUST101581,338,4,1717.13,0
CUST101582,54,11,1907.1,3
CUST101583,72,10,792.01,4
CUST101584,72,17,1373.11,3
CUST101585,83,7,2487.94,2
CUST101586,359,4,1115.25,0
CUST101587,17,14,4184.66,1
CUST101588,37,8,3545.77,3
CUST101589,70,11,4671.12,3
CUST101590,26,11,1414.09,3
CUST101591,51,14,2888.96,3
CUST101592,7,22,7637.88,1
CUST101593,219,2,3594.72,2
CUST101594,96,5,2674.07,2
CUST101595,281,4,1002.78,0
CUST101596,127,5,1503.05,4
CUST101597,54,12,996.95,4
CUST101598,65,11,3650.66,3
CUST101599,122,5,1586.91,2
CUST101600,62,12,4982.96,3
CUST101601,271,2,780.9,0
CUST101602,18,32,6662.83,1
CUST101603,195,6,2061.57,2
CUST101604,215,8,2856.05,2
CUST101605,58,11,2569.61,3
CUST101606,47,12,5750.7,3
CUST101607,320,3,310.27,0
CUST101608,22,14,4583.19,1
CUST101609,72,8,1119.98,4
CUST101610,38,10,1450.26,4
CUST101611,19,13,2303.99,3
CUST101612,142,7,2552.61,2
CUST101613,200,9,1667.12,2
CUST101614,19,8,1862.86,3
CUST101615,222,1,1925.09,0
CUST101616,37,12,4450.5,3
CUST101617,11,23,6223.09,1
CUST101618,28,5,3007.04,3
CUST101619,356,5,2988.24,2
CUST101620,17,20,9783.93,1
CUST101621,71,10,2131.87,3
CUST101622,42,13,2045.65,3
CUST101623,112,4,1283.8,4
CUST101624,16,23,6771.04,1
CUST101625,44,13,2116.05,3
CUST101626,92,7,982.14,4
CUST101627,41,22,3329.01,3
CUST101628,28,15,3669.13,3
CUST101629,46,10,1985.85,3
CUST101630,100,6,1715.87,2
CUST101631,115,5,1352.21,4
CUST101632,240,3,805.27,0
CUST101633,189,9,1190.2,4
CUST101634,228,6,2506.85,2
CUST101635,198,3,90.42,0
CUST101636,35,6,3129.26,3
CUST101637,78,7,3388.9,2
CUST101638,314,2,494.01,0
CUST101639,27,10,2292.82,3
CUST101640,144,6,1315.81,4
CUST101641,193,11,2229.86,2
CUST101642,31,26,9709.98,1
CUST101643,96,7,723.74,4
CUST101644,67,11,5158.59,3
CUST101645,71,10,3838.81,3
CUST101646,27,5,517.81,4
CUST101647,41,9,850.55,4
CUST101648,102,5,1560.98,4
CUST101649,242,3,2040.2,2
CUST101650,116,12,1000.27,4
CUST101651,21,14,6483.46,1
CUST101652,47,12,2809.02,3
CUST101653,57,14,2624.03,3
CUST101654,21,26,9146.9,1
CUST101655,290,3,716.9,0
CUST101656,99,8,1808.64,2
CUST101657,67,13,3560.8,3
CUST101658,236,1,655.07,0
CUST101659,43,12,1669.07,3
CUST101660,33,30,8818.85,1
CUST101661,19,7,1832.31,3
CUST101662,181,9,1352.21,4
CUST101663,175,7,1802.26,2
CUST101664,66,15,1568.49,3
CUST101665,324,3,1000.57,0
CUST101666,335,4,1244.3,0
CUST101667,235,1,355.73,0
CUST101668,50,13,4422.98,3
CUST101669,29,18,5559.53,1
CUST101670,267,5,914.31,0
CUST101671,36,12,1776.75,3
CUST101672,75,7,2922.83,2
CUST101673,185,7,1625.98,2
CUST101674,8,21,6256.71,1
CUST101675,160,11,4560.48,2
CUST101676,292,4,293.7,0
CUST101677,129,13,1215.64,4
CUST101678,105,5,1561.93,4
CUST101679,300,4,1039.98,0
CUST101680,74,6,3588.06,2
CUST101681,100,4,917.58,4
CUST101682,182,1,770.13,0
CUST101683,170,5,637.31,0
CUST101684,43,11,2326.99,3
CUST101685,32,21,10401.79,1
CUST101686,23,15,2752.16,3
CUST101687,89,8,1977.7,2
CUST101688,28,13,5130.38,3
CUST101689,29,5,3553.64,3
CUST101690,59,11,5325.8,3
CUST101691,102,10,2125.44,2
CUST101692,249,4,2778.54,2
CUST101693,14,16,1158.66,3
CUST101694,223,7,4798.83,2
CUST101695,127,11,1481.13,4
CUST101696,57,7,3870.69,3
CUST101697,21,17,1679.58,3
CUST101698,214,15,2360.69,2
CUST101699,222,2,438.11,0
CUST101700,125,5,3013.32,2
CUST101701,319,2,1345.77,0
CUST101702,278,3,373.43,0
CUST101703,57,7,4383.62,3
CUST101704,159,6,1788.34,2
CUST101705,70,4,1208.41,4
CUST101706,362,1,1142.71,0
CUST101707,24,28,6007.17,1
CUST101708,56,8,1836.56,4
CUST101709,204,3,445.62,0
CUST101710,10,10,4196.45,1
CUST101711,199,6,2552.12,2
CUST101712,59,11,1720.69,3
CUST101713,342,3,578.44,0
CUST101714,283,4,2400.98,2
CUST101715,59,12,3185.31,3
CUST101716,227,15,4726.19,2
CUST101717,29,9,1693.08,3
CUST101718,34,6,1329.32,4
CUST101719,180,9,1133.81,4
CUST101720,240,2,507.62,0
CUST101721,5,28,9191.99,1
CUST101722,46,12,2796.35,3
CUST101723,208,11,1550.1,2
CUST101724,47,8,885.16,4
CUST101725,64,7,1568.51,4
CUST101726,7,16,4910.09,1
CUST101727,63,12,2483.14,3
CUST101728,251,1,1718.18,0
CUST101729,29,20,7045.01,1
CUST101730,68,14,3841.06,3
CUST101731,323,6,613.34,0
CUST101732,29,23,5198.68,1
CUST101733,165,8,1352.15,4
CUST101734,32,14,3307.39,3
CUST101735,308,4,366.07,0
CUST101736,138,7,1542.75,2
CUST101737,208,5,1791.39,2
CUST101738,22,12,1415.75,3
CUST101739,33,10,731.68,4
CUST101740,210,9,1609.07,2
CUST101741,16,11,3402.07,3
CUST101742,66,14,4376.62,3
CUST101743,26,26,7845.82,1
CUST101744,246,4,342.83,0
CUST101745,137,6,787.72,4
CUST101746,228,12,2670.49,2
CUST101747,116,7,2125.44,2
CUST101748,110,10,1308.58,4
CUST101749,119,6,3328.68,2
CUST101750,37,6,2116.24,3
CUST101751,200,8,1922.48,2
CUST101752,32,13,6105.57,3
CUST101753,234,2,673.1,0
CUST101754,238,6,1587.1,2
CUST101755,32,9,7819.07,3
CUST101756,49,8,2991.55,3
CUST101757,26,22,4987.09,1
CUST101758,340,5,1537.28,2
CUST101759,186,1,1695.77,0
CUST101760,217,3,635.4,0
CUST101761,27,8,3170.22,3
CUST101762,18,18,3267.02,1
CUST101763,35,16,5459.66,1
CUST101764,26,26,5835.44,1
CUST101765,16,16,4279.72,1
CUST101766,15,28,6272.36,1
CUST101767,309,3,467.9,0
CUST101768,10,21,9500.67,1
CUST101769,32,27,4299.88,1
CUST101770,300,3,2069.61,0
CUST101771,46,10,855.68,4
CUST101772,158,7,1963.2,2
CUST101773,114,5,2078.09,2
CUST101774,351,3,1661.56,0
CUST101775,169,6,2576.54,2
CUST101776,112,13,2741.22,2
CUST101777,159,5,3454.75,2
CUST101778,25,9,3558.59,3
CUST101779,41,10,3215.06,3
CUST101780,87,18,1368.37,4
CUST101781,17,17,3384.55,1
CUST101782,97,10,2655.37,2
CUST101783,62,14,2103.42,3
CUST101784,27,23,7622.3,1
CUST101785,36,9,2215.35,3
CUST101786,352,4,56.04,0
CUST101787,26,17,2684.24,3
CUST101788,223,9,850.73,4
CUST101789,351,1,976.77,0
CUST101790,34,21,5444.51,1
CUST101791,106,9,3417.47,2
CUST101792,66,15,2566.25,3
CUST101793,14,11,2291.57,3
CUST101794,207,8,1893.25,2
CUST101795,240,6,1234.65,2
CUST101796,43,12,1712.98,3
CUST101797,27,4,679.38,4
CUST101798,67,16,2933.88,3
CUST101799,71,10,2208.07,3
CUST101800,101,9,1957.91,2
CUST101801,21,9,2986.85,3
CUST101802,125,6,1481.41,4
CUST101803,27,26,8566.57,1
CUST101804,114,2,2243.02,2
CUST101805,133,10,507.01,4
CUST101806,175,5,2643.54,2
CUST101807,3,18,7747.6,1
CUST101808,25,9,1091.41,4
CUST101809,66,6,2286.09,2
CUST101810,24,22,14601.85,1
CUST101811,22,12,872.64,4
CUST101812,56,4,894.13,4
CUST101813,96,6,7679.29,2
CUST101814,68,12,2027.33,3
CUST101815,255,2,620.4,0
CUST101816,34,5,3421.42,3
CUST101817,186,14,3019.76,2
CUST101818,81,4,898.59,4
CUST101819,81,7,1868.02,2
CUST101820,58,7,3224.55,3
CUST101821,309,4,1528.79,0
CUST101822,57,7,3794.02,3
CUST101823,26,5,1278.08,4
CUST101824,103,8,2994.84,2
CUST101825,203,13,2823.16,2
CUST101826,10,25,8151.4,1
CUST101827,26,6,2496.19,3
CUST101828,114,8,1350.77,4
CUST101829,363,1,759.71,0
CUST101830,37,16,3151.44,3
CUST101831,34,7,1761.09,3
CUST101832,186,3,1681.33,0
CUST101833,61,4,1649.98,4
CUST101834,71,20,3808.43,3
CUST101835,48,11,1958.14,3
CUST101836,19,18,7964.88,1
CUST101837,16,28,3801.41,1
CUST101838,59,9,1947.39,3
CUST101839,134,8,1672.58,2
CUST101840,200,12,475.4,4
CUST101841,19,16,8134.47,1
CUST101842,54,7,1950.49,4
CUST101843,4,25,6334.59,1
CUST101844,227,3,1424.43,0
CUST101845,19,12,2236.25,3
CUST101846,94,7,2361.33,2
CUST101847,37,11,1940.0,3
CUST101848,97,6,1092.6,4
CUST101849,95,10,6081.09,2
CUST101850,236,7,1339.2,2
CUST101851,74,11,2668.06,3
CUST101852,222,2,2040.56,0
CUST101853,36,5,2786.65,3
CUST101854,117,14,5715.74,3
CUST101855,238,5,774.49,0
CUST101856,283,8,1071.52,4
CUST101857,69,17,5366.0,3
CUST101858,23,18,7981.0,1
CUST101859,73,12,1734.54,3
CUST101860,16,14,3568.21,3
CUST101861,20,8,1602.57,3
CUST101862,335,1,906.31,0
CUST101863,357,3,613.03,0
CUST101864,28,5,2950.93,3
CUST101865,219,5,2540.89,2
CUST101866,357,3,917.89,0
CUST101867,308,4,1702.92,0
CUST101868,64,16,3687.5,3
CUST101869,23,5,1230.82,4
CUST101870,187,3,369.51,0
CUST101871,16,12,1812.57,3
CUST101872,91,6,1518.63,4
CUST101873,192,4,455.22,0
CUST101874,357,4,122.55,0
CUST101875,185,3,1452.87,0
CUST101876,198,12,3403.25,2
CUST101877,67,10,2042.69,3
CUST101878,73,13,998.99,4
CUST101879,56,13,1933.3,3
CUST101880,55,9,2618.78,3
CUST101881,80,9,1437.34,4
CUST101882,175,11,1286.6,4
CUST101883,74,8,4676.61,2
CUST101884,90,7,1684.84,4
CUST101885,74,17,3457.66,3
CUST101886,72,11,1495.05,4
CUST101887,18,17,6129.54,1
CUST101888,26,7,6553.45,3
CUST101889,326,3,278.57,0
CUST101890,90,7,3125.36,2
CUST101891,69,17,920.55,4
CUST101892,191,10,2868.11,2
CUST101893,24,7,1305.44,4
CUST101894,17,24,5053.41,1
CUST101895,43,12,2116.08,3
CUST101896,20,13,2050.77,3
CUST101897,173,6,1206.08,4
CUST101898,72,13,3509.22,3
CUST101899,21,23,4834.5,1
CUST101900,2,23,5931.77,1
CUST101901,87,6,1177.85,4
CUST101902,16,20,5424.38,1
CUST101903,317,4,767.36,0
CUST101904,18,29,4464.02,1
CUST101905,77,6,2947.46,2
CUST101906,32,11,1643.92,3
CUST101907,40,4,1726.96,4
CUST101908,15,28,5330.43,1
CUST101909,139,7,1764.18,2
CUST101910,188,3,880.28,0
CUST101911,24,17,3103.88,3
CUST101912,72,13,3985.08,3
CUST101913,310,2,1533.55,0
CUST101914,98,10,1586.9,4
CUST101915,6,25,7555.32,1
CUST101916,49,18,2768.69,3
CUST101917,219,4,2520.19,2
CUST101918,120,7,2386.17,2
CUST101919,54,8,1711.11,4
CUST101920,195,1,742.83,0
CUST101921,99,7,3159.51,2
CUST101922,71,11,6454.64,3
CUST101923,117,7,1266.36,4
CUST101924,28,16,2573.81,3
CUST101925,65,13,2969.74,3
CUST101926,21,17,4908.33,1
CUST101927,46,14,2280.36,3
CUST101928,156,5,1201.22,4
CUST101929,23,20,4205.93,1
CUST101930,116,6,1669.25,2
CUST101931,168,7,2797.96,2
CUST101932,22,3,2176.28,4
CUST101933,231,7,1096.97,4
CUST101934,137,8,1490.83,4
CUST101935,199,10,1473.27,2
CUST101936,28,25,7662.67,1
CUST101937,80,8,3125.6,2
CUST101938,116,6,3464.0,2
CUST101939,57,16,5633.6,3
CUST101940,11,22,11768.95,1
CUST101941,20,17,2557.06,3
CUST101942,39,7,1317.34,4
CUST101943,38,8,708.81,4
CUST101944,30,10,2701.49,3
CUST101945,207,3,1991.51,2
CUST101946,360,3,437.84,0
CUST101947,51,14,4125.24,3
CUST101948,257,1,659.69,0
CUST101949,11,24,6164.49,1
CUST101950,328,3,1993.4,0
CUST101951,308,6,1118.63,0
CUST101952,34,20,6024.42,1
CUST101953,105,6,3301.04,2
CUST101954,277,4,817.53,0
CUST101955,359,5,976.31,0
CUST101956,291,1,1663.3,0
CUST101957,30,9,2074.27,3
CUST101958,32,28,6255.66,1
CUST101959,339,3,744.0,0
CUST101960,102,8,1226.85,4
CUST101961,99,6,1346.58,4
CUST101962,53,9,1865.66,3
CUST101963,101,6,1140.88,4
CUST101964,20,23,5029.57,1
CUST101965,220,7,2426.57,2
CUST101966,28,23,9149.61,1
CUST101967,114,6,441.45,4
CUST101968,308,3,1021.52,0
CUST101969,94,7,2353.96,2
CUST101970,48,5,1100.53,4
CUST101971,55,12,4409.94,3
CUST101972,274,4,310.29,0
CUST101973,187,10,3231.66,2
CUST101974,26,11,2840.59,3
CUST101975,53,8,2611.46,3
CUST101976,14,12,2606.0,3
CUST101977,109,4,1255.59,4
CUST101978,220,6,2883.57,2
CUST101979,130,5,4174.72,2
CUST101980,64,12,2486.83,3
CUST101981,210,4,675.83,0
CUST101982,15,11,3230.92,3
CUST101983,295,4,1212.09,0
CUST101984,42,10,2253.08,3
CUST101985,75,7,2303.64,2
CUST101986,336,1,252.44,0
CUST101987,65,11,3156.45,3
CUST101988,162,6,1672.23,2
CUST101989,290,5,2657.61,2
CUST101990,30,23,6282.91,1
CUST101991,14,21,4430.07,1
CUST101992,122,4,1136.15,4
CUST101993,25,10,3396.1,3
CUST101994,20,27,6397.77,1
CUST101995,62,8,1397.54,4
CUST101996,117,8,4342.79,2
CUST101997,16,15,5498.7,1
CUST101998,57,12,4787.64,3
CUST101999,251,6,470.2,0
CUST102000,71,5,2213.65,2
CUST102001,336,2,1133.86,0
CUST102002,31,10,2233.36,3
CUST102003,180,1,809.39,0
CUST102004,211,8,1757.59,2
CUST102005,5,26,5035.21,1
CUST102006,299,4,1026.86,0
CUST102007,113,6,1991.1,2
CUST102008,19,25,9453.67,1
CUST102009,4,24,8859.59,1
CUST102010,99,6,2655.42,2
CUST102011,16,24,4714.87,1
CUST102012,29,17,4606.16,1
CUST102013,24,18,4859.41,1
CUST102014,32,10,3635.16,3
CUST102015,114,4,685.21,0
CUST102016,74,5,988.88,4
CUST102017,50,15,2150.98,3
CUST102018,22,20,6298.0,1
CUST102019,119,8,1727.2,2
CUST102020,51,9,2689.75,3
CUST102021,197,5,4259.28,2
CUST102022,13,19,4368.51,1
CUST102023,6,21,3287.43,1
CUST102024,15,9,3812.57,3
CUST102025,95,7,1423.04,4
CUST102026,54,11,3040.54,3
CUST102027,202,12,1975.69,2
CUST102028,52,18,1786.66,3
CUST102029,26,9,1355.38,3
CUST102030,55,7,1815.42,4
CUST102031,15,20,3025.86,1
CUST102032,47,7,3452.57,3
CUST102033,25,16,1459.07,3
CUST102034,72,12,3581.46,3
CUST102035,19,18,6529.88,1
CUST102036,111,8,2891.43,2
CUST102037,337,1,912.65,0
CUST102038,12,23,2903.35,1
CUST102039,67,7,3338.14,2
CUST102040,232,9,2004.13,2
CUST102041,26,18,1364.32,3
CUST102042,126,10,987.84,4
CUST102043,239,9,1635.12,2
CUST102044,217,2,854.34,0
CUST102045,363,2,386.83,0
CUST102046,7,21,6457.23,1
CUST102047,78,8,1893.48,4
CUST102048,67,10,1538.12,4
CUST102049,20,16,11750.41,1
CUST102050,22,17,1699.34,3
CUST102051,271,1,693.27,0
CUST102052,12,27,2077.54,1
CUST102053,100,12,1786.36,4
CUST102054,194,1,700.52,0
CUST102055,74,11,3970.09,3
CUST102056,99,10,2447.85,2
CUST102057,320,3,1695.13,0
CUST102058,79,6,2401.8,2
CUST102059,17,22,3443.41,1
CUST102060,13,26,3738.06,1
CUST102061,248,5,1716.01,2
CUST102062,68,13,3601.21,3
CUST102063,55,6,3226.94,2
CUST102064,8,20,7156.23,1
CUST102065,102,8,2995.65,2
CUST102066,211,4,486.5,0
CUST102067,43,7,5173.99,3
CUST102068,270,4,2448.36,2
CUST102069,51,19,1769.76,3
CUST102070,33,5,1070.7,4
CUST102071,316,2,1205.34,0
CUST102072,110,7,1811.87,2
CUST102073,12,10,2272.51,3
CUST102074,336,2,482.28,0
CUST102075,24,9,3129.96,3
CUST102076,39,6,811.0,4
CUST102077,351,2,505.66,0
CUST102078,32,17,3474.2,3
CUST102079,49,11,3184.89,3
CUST102080,7,24,3103.79,1
CUST102081,52,11,5069.21,3
CUST102082,72,18,5705.43,3
CUST102083,168,6,736.03,4
CUST102084,45,9,2097.99,3
CUST102085,125,12,3362.85,2
CUST102086,33,7,1633.87,4
CUST102087,51,17,6794.01,1
CUST102088,33,14,8781.21,1
CUST102089,126,6,1686.12,2
CUST102090,112,7,2994.58,2
CUST102091,29,13,3474.38,3
CUST102092,199,2,1168.12,0
CUST102093,47,10,2256.08,3
CUST102094,40,18,2131.03,3
CUST102095,248,3,858.34,0
CUST102096,23,14,3660.01,3
CUST102097,26,20,1948.24,3
CUST102098,93,6,1349.88,4
CUST102099,7,23,4648.3,1
CUST102100,44,13,1371.93,3
CUST102101,91,9,2602.09,2
CUST102102,34,27,9303.96,1
CUST102103,105,13,2482.25,2
CUST102104,238,3,2687.27,2
CUST102105,99,9,2038.01,2
CUST102106,221,12,1001.05,4
CUST102107,194,4,1508.86,2
CUST102108,243,2,524.92,0
CUST102109,61,10,929.09,4
CUST102110,58,16,1117.39,4
CUST102111,45,9,1014.17,4
CUST102112,60,6,2291.74,2
CUST102113,57,12,2574.71,3
CUST102114,83,7,990.97,4
CUST102115,15,21,4998.24,1
CUST102116,254,2,2438.57,0
CUST102117,40,17,8427.41,1
CUST102118,3,27,5887.93,1
CUST102119,29,27,7556.84,1
CUST102120,19,12,2049.86,3
CUST102121,64,16,1681.01,3
CUST102122,28,23,3404.47,1
CUST102123,59,10,3587.92,3
CUST102124,21,12,4138.65,3
CUST102125,61,16,3590.39,3
CUST102126,24,7,2780.95,3
CUST102127,20,13,7777.41,1
CUST102128,18,10,6485.19,1
CUST102129,19,15,5072.05,1
CUST102130,8,22,11798.66,1
CUST102131,17,14,2253.35,3
CUST102132,121,5,4248.09,2
CUST102133,261,4,1553.45,0
CUST102134,350,2,222.31,0
CUST102135,39,5,3339.93,3
CUST102136,65,5,1865.38,4
CUST102137,18,11,5183.42,3
CUST102138,213,6,664.75,0
CUST102139,175,9,1932.93,2
CUST102140,356,3,2016.75,0
CUST102141,311,5,196.05,0
CUST102142,107,10,2244.89,2
CUST102143,223,8,1918.75,2
CUST102144,163,11,1837.49,2
CUST102145,16,12,3002.23,3
CUST102146,204,2,143.06,0
CUST102147,32,21,6518.45,1
CUST102148,334,2,2398.28,0
CUST102149,115,8,3900.01,2
CUST102150,29,22,3018.88,3
CUST102151,100,11,2265.45,2
CUST102152,24,23,3844.26,1
CUST102153,120,10,2293.11,2
CUST102154,215,8,1886.42,2
CUST102155,58,5,2923.3,2
CUST102156,306,2,534.45,0
CUST102157,10,24,3225.58,1
CUST102158,50,13,2646.76,3
CUST102159,42,8,1433.13,4
CUST102160,1,18,5042.81,1
CUST102161,40,5,5311.55,3
CUST102162,61,12,1109.63,4
CUST102163,13,15,3475.88,1
CUST102164,57,11,2277.38,3
CUST102165,276,3,1252.4,0
CUST102166,71,12,3377.97,3
CUST102167,181,2,189.32,0
CUST102168,80,5,718.92,4
CUST102169,37,9,3416.23,3
CUST102170,65,6,2007.08,2
CUST102171,37,3,1768.78,4
CUST102172,24,17,2116.55,3
CUST102173,97,8,1933.87,2
CUST102174,22,25,4328.26,1
CUST102175,65,12,2263.86,3
CUST102176,60,9,2555.65,3
CUST102177,81,7,2575.16,2
CUST102178,241,2,582.34,0
CUST102179,43,15,2804.14,3
CUST102180,220,2,274.91,0
CUST102181,202,6,3197.25,2
CUST102182,208,3,1786.05,0
CUST102183,241,2,1262.81,0
CUST102184,8,20,3139.91,1
CUST102185,32,6,2546.11,3
CUST102186,37,12,1770.31,3
CUST102187,190,5,1448.98,2
CUST102188,66,6,2793.84,2
CUST102189,21,16,3136.55,3
CUST102190,230,3,519.78,0
CUST102191,10,27,3240.2,1
CUST102192,115,10,1168.66,4
CUST102193,161,7,1193.77,4
CUST102194,20,20,7567.73,1
CUST102195,59,11,631.57,4
CUST102196,92,7,3755.74,2
CUST102197,6,25,7693.54,1
CUST102198,108,11,2283.76,2
CUST102199,51,14,5408.69,3
CUST102200,197,10,4574.48,2
CUST102201,5,21,13002.41,1
CUST102202,225,2,1132.08,0
CUST102203,224,5,599.12,0
CUST102204,60,12,3025.17,3
CUST102205,71,5,3634.03,2
CUST102206,49,6,1801.85,4
CUST102207,108,5,1861.16,2
CUST102208,31,8,894.72,4
CUST102209,21,15,6896.35,1
CUST102210,2,16,10916.53,1
CUST102211,350,2,137.26,0
CUST102212,85,8,2889.01,2
CUST102213,345,1,818.78,0
CUST102214,79,9,2097.8,2
CUST102215,259,2,1504.66,0
CUST102216,6,26,7120.44,1
CUST102217,19,26,8538.07,1
CUST102218,319,2,1901.03,0
CUST102219,321,2,860.07,0
CUST102220,21,11,5216.21,3
CUST102221,31,18,2172.21,3
CUST102222,28,7,874.08,4
CUST102223,99,5,3637.69,2
CUST102224,33,17,4358.06,3
CUST102225,284,3,642.06,0
CUST102226,28,14,6575.4,1
CUST102227,202,5,3182.02,2
CUST102228,27,23,7466.4,1
CUST102229,26,25,4881.15,1
CUST102230,110,6,1645.24,2
CUST102231,41,12,3380.91,3
CUST102232,146,13,1671.41,2
CUST102233,11,20,7424.92,1
CUST102234,302,4,946.12,0
CUST102235,190,11,745.43,4
CUST102236,230,3,575.57,0
CUST102237,21,28,10050.6,1
CUST102238,71,12,4761.25,3
CUST102239,41,15,2094.17,3
CUST102240,106,8,1537.33,4
CUST102241,62,15,3316.64,3
CUST102242,28,22,7314.27,1
CUST102243,35,14,1833.33,3
CUST102244,52,14,2157.04,3
CUST102245,33,8,807.44,4
CUST102246,32,13,3948.72,3
CUST102247,41,16,3380.14,3
CUST102248,231,9,2151.08,2
CUST102249,47,20,6693.1,1
CUST102250,20,14,1524.19,3
CUST102251,88,5,1464.51,4
CUST102252,134,9,4183.37,2
CUST102253,74,17,5212.7,3
CUST102254,81,7,1448.89,4
CUST102255,243,2,394.65,0
CUST102256,104,7,2055.48,2
CUST102257,289,2,729.99,0
CUST102258,108,5,1382.9,4
CUST102259,26,24,6123.0,1
CUST102260,70,9,1726.75,4
CUST102261,176,12,3081.37,2
CUST102262,292,1,2231.1,0
CUST102263,71,4,1536.1,4
CUST102264,15,26,7493.89,1
CUST102265,91,6,575.06,4
CUST102266,21,25,7417.68,1
CUST102267,164,6,2023.44,2
CUST102268,46,10,1164.74,4
CUST102269,133,6,3024.68,2
CUST102270,299,1,897.37,0
CUST102271,174,7,3154.33,2
CUST102272,25,6,1643.6,4
CUST102273,126,9,2116.58,2
CUST102274,319,4,888.1,0
CUST102275,230,4,115.97,0
CUST102276,12,29,5419.25,1
CUST102277,84,6,1927.73,2
CUST102278,49,13,2284.32,3
CUST102279,201,3,2275.36,2
CUST102280,173,9,2465.97,2
CUST102281,115,13,1404.41,4
CUST102282,72,14,1669.19,3
CUST102283,43,13,3185.02,3
CUST102284,198,7,1710.91,2
CUST102285,12,11,4326.46,1
CUST102286,18,25,7209.69,1
CUST102287,210,2,1583.76,0
CUST102288,214,12,2731.56,2
CUST102289,52,11,3141.14,3
CUST102290,62,16,3076.07,3
CUST102291,211,3,1177.92,0
CUST102292,103,7,794.11,4
CUST102293,103,8,2963.21,2
CUST102294,54,11,4707.01,3
CUST102295,13,14,2967.04,3
CUST102296,21,18,4764.4,1
CUST102297,195,12,4576.4,2
CUST102298,1,23,6723.75,1
CUST102299,16,27,5275.54,1
CUST102300,196,12,2731.47,2
CUST102301,334,3,1394.07,0
CUST102302,208,10,1739.99,2
CUST102303,89,5,4784.14,2
CUST102304,30,9,1477.32,3
CUST102305,86,5,3171.21,2
CUST102306,25,17,2251.33,3
CUST102307,51,6,1781.05,4
CUST102308,24,6,1422.67,4
CUST102309,107,5,731.56,4
CUST102310,316,4,920.59,0
CUST102311,314,2,193.56,0
CUST102312,25,28,9568.62,1
CUST102313,28,14,4648.72,3
CUST102314,62,18,2639.58,3
CUST102315,22,19,6387.74,1
CUST102316,52,11,3702.27,3
CUST102317,41,7,2946.13,3
CUST102318,147,8,2101.24,2
CUST102319,32,4,375.51,4
CUST102320,295,1,2040.81,0
CUST102321,5,17,5275.26,1
CUST102322,30,22,9941.05,1
CUST102323,68,6,1154.71,4
CUST102324,25,24,6812.58,1
CUST102325,17,8,6032.38,3
CUST102326,351,1,589.3,0
CUST102327,59,8,3040.09,3
CUST102328,32,12,1526.85,3
CUST102329,104,4,999.31,4
CUST102330,63,5,1521.37,4
CUST102331,36,6,2158.28,3
CUST102332,21,13,1208.27,3
CUST102333,184,4,2388.74,2
CUST102334,29,20,5834.02,1
CUST102335,101,5,2255.26,2
CUST102336,94,6,3199.75,2
CUST102337,239,1,1086.61,0
CUST102338,53,9,4886.87,3
CUST102339,64,9,1560.82,4
CUST102340,23,24,7029.24,1
CUST102341,22,15,2128.08,3
CUST102342,26,20,7148.67,1
CUST102343,199,7,3956.57,2
CUST102344,41,9,3688.93,3
CUST102345,223,7,956.34,4
CUST102346,6,26,3826.83,1
CUST102347,291,2,185.03,0
CUST102348,269,4,336.63,0
CUST102349,33,21,4465.83,1
CUST102350,31,16,1598.72,3
CUST102351,17,27,6664.18,1
CUST102352,234,5,514.2,0
CUST102353,35,14,2471.43,3
CUST102354,68,6,2784.49,2
CUST102355,94,6,1910.08,2
CUST102356,114,9,3827.8,2
CUST102357,50,5,2308.84,2
CUST102358,47,9,1835.04,3
CUST102359,364,3,3946.85,2
CUST102360,18,20,3271.93,1
CUST102361,204,4,1202.68,0
CUST102362,3,22,7216.71,1
CUST102363,82,5,1336.33,4
CUST102364,306,3,2625.1,2
CUST102365,194,9,4685.96,2
CUST102366,114,6,1763.22,2
CUST102367,12,16,2936.08,1
CUST102368,80,7,1483.18,4
CUST102369,29,13,2903.48,3
CUST102370,33,9,1887.87,3
CUST102371,102,3,761.74,0
CUST102372,32,11,3216.69,3
CUST102373,47,10,2392.49,3
CUST102374,49,14,4704.21,3
CUST102375,39,9,3101.06,3
CUST102376,29,18,4764.92,1
CUST102377,260,2,696.64,0
CUST102378,100,7,2624.81,2
CUST102379,26,22,5993.13,1
CUST102380,164,9,803.62,4
CUST102381,270,1,1219.61,0
CUST102382,27,15,1708.42,3
CUST102383,24,18,3612.51,1
CUST102384,1,30,5637.45,1
CUST102385,15,24,9328.14,1
CUST102386,230,9,2100.29,2
CUST102387,314,5,459.94,0
CUST102388,34,24,7644.68,1
CUST102389,170,6,1762.58,2
CUST102390,28,19,5358.34,1
CUST102391,74,5,941.2,4
CUST102392,97,8,2705.8,2
CUST102393,41,10,4311.7,3
CUST102394,19,29,8032.89,1
CUST102395,57,6,1089.3,4
CUST102396,276,2,527.21,0
CUST102397,54,11,4604.17,3
CUST102398,20,13,4876.05,1
CUST102399,7,24,4851.77,1
CUST102400,111,4,2211.65,2
CUST102401,81,4,1043.62,4
CUST102402,181,9,2197.85,2
CUST102403,101,8,466.66,4
CUST102404,216,2,803.36,0
CUST102405,129,10,709.63,4
CUST102406,28,11,5253.97,3
CUST102407,91,6,2190.64,2
CUST102408,33,11,1675.06,3
CUST102409,45,14,2527.63,3
CUST102410,349,3,1270.62,0
CUST102411,175,7,2360.73,2
CUST102412,252,2,263.54,0
CUST102413,25,5,869.91,4
CUST102414,48,6,2543.47,3
CUST102415,112,5,1380.54,4
CUST102416,3,23,5339.39,1
CUST102417,41,9,3091.01,3
CUST102418,101,7,1360.89,4
CUST102419,14,18,4156.57,1
CUST102420,323,2,721.31,0
CUST102421,20,22,8401.67,1
CUST102422,72,10,3742.89,3
CUST102423,204,10,3023.22,2
CUST102424,29,24,7566.97,1
CUST102425,309,3,720.57,0
CUST102426,158,12,2037.4,2
CUST102427,11,27,4083.95,1
CUST102428,99,7,2172.76,2
CUST102429,164,5,1327.5,4
CUST102430,115,8,2751.3,2
CUST102431,251,2,68.52,0
CUST102432,199,8,2915.18,2
CUST102433,118,4,3637.05,2
CUST102434,26,16,2162.68,3
CUST102435,157,10,2035.47,2
CUST102436,252,1,832.88,0
CUST102437,113,6,2111.45,2
CUST102438,183,8,2011.15,2
CUST102439,71,10,2342.7,3
CUST102440,190,6,3088.72,2
CUST102441,319,2,429.07,0
CUST102442,41,17,1607.72,3
CUST102443,71,12,5142.13,3
CUST102444,96,6,2431.14,2
CUST102445,103,9,2184.07,2
CUST102446,98,8,1200.91,4
CUST102447,30,16,3457.68,3
CUST102448,31,8,1674.96,3
CUST102449,42,6,1552.79,4
CUST102450,90,5,2318.02,2
CUST102451,204,9,1918.72,2
CUST102452,107,7,1151.94,4
CUST102453,227,7,720.81,4
CUST102454,132,8,3192.25,2
CUST102455,176,8,2856.08,2
CUST102456,99,13,2998.09,3
CUST102457,41,6,2326.6,3
CUST102458,8,20,6749.23,1
CUST102459,10,14,2787.3,1
CUST102460,111,5,2728.19,2
CUST102461,233,2,1248.94,0
CUST102462,177,7,1567.24,2
CUST102463,13,20,8468.46,1
CUST102464,27,3,1455.77,4
CUST102465,44,15,2970.68,3
CUST102466,200,8,1392.44,2
CUST102467,187,4,1174.2,0
CUST102468,25,5,1479.55,4
CUST102469,27,9,802.01,4
CUST102470,67,17,1987.16,3
CUST102471,51,6,1789.14,4
CUST102472,337,4,2363.1,2
CUST102473,193,9,2949.74,2
CUST102474,32,10,1581.85,3
CUST102475,47,13,5116.86,3
CUST102476,1,23,8035.12,1
CUST102477,25,28,8788.04,1
CUST102478,31,11,2550.69,3
CUST102479,25,10,3018.86,3
CUST102480,300,1,1871.89,0
CUST102481,50,7,1816.66,4
CUST102482,10,9,5250.72,1
CUST102483,34,25,6862.84,1
CUST102484,74,16,3803.58,3
CUST102485,143,7,2648.38,2
CUST102486,54,11,4523.97,3
CUST102487,211,9,1598.23,2
CUST102488,232,10,1078.4,4
CUST102489,29,19,10923.41,1
CUST102490,78,8,1027.31,4
CUST102491,269,3,1695.07,0
CUST102492,24,10,3288.18,3
CUST102493,31,20,5437.5,1
CUST102494,311,1,273.26,0
CUST102495,264,7,213.54,0
CUST102496,101,5,2202.77,2
CUST102497,52,8,2847.17,3
CUST102498,29,8,3357.12,3
CUST102499,228,9,3921.85,2
CUST102500,82,6,1724.84,4
CUST102501,23,25,5732.69,1
CUST102502,164,8,2161.65,2
CUST102503,284,4,274.73,0
CUST102504,345,1,528.36,0
CUST102505,19,12,3448.8,3
CUST102506,17,22,7867.6,1
CUST102507,218,1,1918.82,0
CUST102508,279,4,339.18,0
CUST102509,89,2,1822.1,0
CUST102510,122,6,1950.16,2
CUST102511,30,6,1986.21,3
CUST102512,101,8,1942.11,2
CUST102513,12,25,4519.63,1
CUST102514,4,20,5507.39,1
CUST102515,57,8,4054.21,3
CUST102516,359,2,856.21,0
CUST102517,4,16,7155.97,1
CUST102518,58,12,4785.59,3
CUST102519,91,5,1772.83,2
CUST102520,69,11,2400.24,3
CUST102521,55,12,2892.62,3
CUST102522,116,8,1966.09,2
CUST102523,11,12,4682.11,1
CUST102524,93,10,2760.66,2
CUST102525,248,2,138.2,0
CUST102526,24,24,4726.62,1
CUST102527,231,3,774.76,0
CUST102528,207,5,1822.02,2
CUST102529,287,6,411.64,0
CUST102530,133,9,2350.87,2
CUST102531,92,8,2553.69,2
CUST102532,197,8,1353.69,2
CUST102533,225,5,2099.19,2
CUST102534,9,20,8702.42,1
CUST102535,191,1,468.41,0
CUST102536,73,6,836.54,4
CUST102537,160,10,3384.48,2
CUST102538,20,14,3115.43,3
CUST102539,16,27,7990.45,1
CUST102540,46,7,398.55,4
CUST102541,24,7,1407.2,4
CUST102542,43,9,3140.3,3
CUST102543,48,17,1333.08,3
CUST102544,12,16,3336.56,1
CUST102545,92,9,2380.75,2
CUST102546,41,15,4651.07,3
CUST102547,322,2,954.31,0
CUST102548,36,12,2169.7,3
CUST102549,17,15,5350.64,1
CUST102550,32,13,2185.61,3
CUST102551,20,6,1695.23,3
CUST102552,72,6,1196.73,4
CUST102553,95,5,5042.29,2
CUST102554,240,1,1317.67,0
CUST102555,30,12,4537.13,3
CUST102556,156,9,3140.74,2
CUST102557,12,29,5536.26,1
CUST102558,68,9,6124.26,3
CUST102559,41,14,1123.92,4
CUST102560,16,19,6832.73,1
CUST102561,58,5,3740.71,2
CUST102562,206,12,2806.27,2
CUST102563,151,11,3385.23,2
CUST102564,32,7,2106.11,3
CUST102565,79,5,1990.46,2
CUST102566,13,12,4282.26,1
CUST102567,24,20,9533.95,1
CUST102568,12,22,4960.85,1
CUST102569,213,13,947.76,4
CUST102570,207,3,471.09,0
CUST102571,4,22,5595.69,1
CUST102572,92,11,1870.17,2
CUST102573,148,10,638.21,4
CUST102574,322,2,2093.85,0
CUST102575,88,8,6261.53,2
CUST102576,29,4,1918.6,4
CUST102577,235,8,1488.57,2
CUST102578,301,4,1076.53,0
CUST102579,16,24,2785.84,1
CUST102580,300,2,820.26,0
CUST102581,1,30,4309.14,1
CUST102582,228,4,526.5,0
CUST102583,8,20,9734.2,1
CUST102584,71,14,4684.65,3
CUST102585,21,19,8124.61,1
CUST102586,64,4,1712.44,4
CUST102587,10,16,3400.61,1
CUST102588,19,13,1060.5,3
CUST102589,95,8,823.0,4
CUST102590,98,9,2591.48,2
CUST102591,199,10,2305.31,2
CUST102592,210,2,2329.73,0
CUST102593,182,11,3914.97,2
CUST102594,19,17,6088.04,1
CUST102595,29,13,3449.05,3
CUST102596,273,2,862.42,0
CUST102597,29,24,7115.59,1
CUST102598,36,8,1880.72,3
CUST102599,186,2,763.32,0
CUST102600,181,2,1716.76,0
CUST102601,70,11,2433.57,3
CUST102602,206,7,851.41,4
CUST102603,38,8,1048.97,4
CUST102604,210,10,1297.94,4
CUST102605,26,24,7046.6,1
CUST102606,34,28,5002.5,1
CUST102607,42,6,2845.79,3
CUST102608,32,12,4452.28,3
CUST102609,166,12,697.11,4
CUST102610,60,13,2719.91,3
CUST102611,227,2,852.08,0
CUST102612,120,11,2367.57,2
CUST102613,73,7,2047.97,2
CUST102614,100,9,786.78,4
CUST102615,71,13,5337.99,3
CUST102616,92,6,1031.91,4
CUST102617,17,14,2808.08,3
CUST102618,267,4,1311.63,0
CUST102619,192,3,656.89,0
CUST102620,345,1,549.91,0
CUST102621,244,3,1343.95,0
CUST102622,262,2,926.22,0
CUST102623,15,14,3608.96,1
CUST102624,250,3,1274.5,0
CUST102625,87,7,4325.21,2
CUST102626,43,6,1842.33,4
CUST102627,105,7,4685.82,2
CUST102628,30,11,2112.82,3
CUST102629,38,13,1696.72,3
CUST102630,69,12,1737.87,3
CUST102631,28,28,5060.03,1
CUST102632,70,6,806.21,4
CUST102633,323,4,877.75,0
CUST102634,221,11,2150.3,2
CUST102635,108,12,1891.46,2
CUST102636,85,7,2466.18,2
CUST102637,81,8,3185.35,2
CUST102638,44,12,1224.69,4
CUST102639,302,3,664.26,0
CUST102640,18,15,4441.34,1
CUST102641,199,7,3270.06,2
CUST102642,208,12,2042.29,2
CUST102643,118,8,2892.0,2
CUST102644,328,3,782.34,0
CUST102645,20,12,2476.23,3
CUST102646,350,2,433.45,0
CUST102647,200,7,5093.33,2
CUST102648,232,6,2166.61,2
CUST102649,112,5,3841.28,2
CUST102650,330,2,718.89,0
CUST102651,334,3,1757.26,0
CUST102652,115,5,1538.91,4
CUST102653,104,8,4056.3,2
CUST102654,188,14,1737.7,2
CUST102655,20,4,1456.68,4
CUST102656,359,2,76.39,0
CUST102657,73,17,3310.02,3
CUST102658,119,5,1356.22,4
CUST102659,30,25,3624.78,1
CUST102660,44,12,1760.64,3
CUST102661,253,3,161.84,0
CUST102662,63,14,3764.32,3
CUST102663,60,11,2680.92,3
CUST102664,44,12,4704.61,3
CUST102665,29,8,4540.79,3
CUST102666,217,6,3622.3,2
CUST102667,348,1,1328.68,0
CUST102668,16,25,4296.41,1
CUST102669,108,5,1017.99,4
CUST102670,60,10,2926.72,3
CUST102671,45,5,1967.99,4
CUST102672,72,13,1856.87,3
CUST102673,32,12,3554.41,3
CUST102674,78,6,2579.63,2
CUST102675,107,9,1514.26,4
CUST102676,52,6,3127.43,2
CUST102677,45,7,2022.75,3
CUST102678,140,12,1872.07,2
CUST102679,145,6,1915.25,2
CUST102680,74,12,5179.52,3
CUST102681,202,5,1417.87,2
CUST102682,348,2,443.06,0
CUST102683,30,27,6261.17,1
CUST102684,48,4,1274.79,4
CUST102685,33,15,4435.7,3
CUST102686,167,7,1236.23,4
CUST102687,24,18,1059.84,3
CUST102688,177,9,2221.55,2
CUST102689,44,15,2796.97,3
CUST102690,68,7,3941.25,2
CUST102691,208,3,993.25,0
CUST102692,32,16,1403.46,3
CUST102693,272,2,1495.06,0
CUST102694,238,3,1020.3,0
CUST102695,290,4,753.44,0
CUST102696,56,10,1641.42,4
CUST102697,142,10,1161.02,4
CUST102698,25,24,7788.06,1
CUST102699,18,14,1391.83,3
CUST102700,236,6,1042.86,4
CUST102701,169,7,2281.07,2
CUST102702,112,4,1698.47,2
CUST102703,15,15,1274.49,3
CUST102704,223,8,1586.37,2
CUST102705,184,4,1104.95,0
CUST102706,68,6,2232.0,2
CUST102707,328,2,500.26,0
CUST102708,51,9,1347.05,4
CUST102709,12,15,5210.37,1
CUST102710,107,9,4245.38,2
CUST102711,275,5,295.68,0
CUST102712,49,8,2137.75,3
CUST102713,63,12,4523.99,3
CUST102714,34,24,5110.73,1
CUST102715,180,4,819.41,0
CUST102716,52,11,1650.36,3
CUST102717,92,6,928.74,4
CUST102718,357,4,763.11,0
CUST102719,10,26,4510.31,1
CUST102720,21,10,2046.55,3
CUST102721,85,7,949.67,4
CUST102722,147,8,1679.75,2
CUST102723,46,15,1277.42,3
CUST102724,49,7,2913.5,3
CUST102725,41,17,2247.82,3
CUST102726,168,6,1890.34,2
CUST102727,149,10,1738.1,2
CUST102728,8,23,6184.6,1
CUST102729,16,13,2388.37,3
CUST102730,339,1,3171.38,0
CUST102731,33,21,6135.96,1
CUST102732,13,11,2797.98,3
CUST102733,99,6,2041.06,2
CUST102734,40,11,3974.75,3
CUST102735,32,16,3602.99,3
CUST102736,119,6,1937.37,2
CUST102737,61,13,2865.77,3
CUST102738,43,8,2525.34,3
CUST102739,149,10,947.14,4
CUST102740,78,7,524.0,4
CUST102741,29,24,9374.03,1
CUST102742,267,2,1328.35,0
CUST102743,60,17,2397.53,3
CUST102744,150,10,1583.18,2
CUST102745,51,14,2495.87,3
CUST102746,206,10,5526.42,2
CUST102747,33,18,3992.46,3
CUST102748,55,10,4850.17,3
CUST102749,77,9,3923.97,3
CUST102750,19,24,9473.99,1
CUST102751,44,13,3378.12,3
CUST102752,232,5,2565.96,2
CUST102753,272,4,386.35,0
CUST102754,19,27,5118.87,1
CUST102755,263,2,819.78,0
CUST102756,201,10,1998.85,2
CUST102757,343,3,1298.89,0
CUST102758,112,7,1939.12,2
CUST102759,193,5,2326.56,2
CUST102760,45,7,1804.96,4
CUST102761,184,9,1074.18,4
CUST102762,344,2,612.21,0
CUST102763,16,23,3529.32,1
CUST102764,61,11,2495.31,3
CUST102765,27,24,7970.67,1
CUST102766,214,4,290.19,0
CUST102767,27,4,4726.84,3
CUST102768,157,6,1861.34,2
CUST102769,292,2,869.52,0
CUST102770,273,2,2105.59,0
CUST102771,37,11,1575.63,3
CUST102772,99,6,2873.62,2
CUST102773,226,3,2773.64,2
CUST102774,10,15,4613.19,1
CUST102775,152,10,2818.91,2
CUST102776,48,13,2697.35,3
CUST102777,135,8,281.23,4
CUST102778,29,7,3626.1,3
CUST102779,32,8,4083.88,3
CUST102780,22,17,7306.8,1
CUST102781,31,18,2543.46,3
CUST102782,11,22,4579.77,1
CUST102783,147,8,973.09,4
CUST102784,54,20,1468.39,3
CUST102785,53,14,1140.47,4
CUST102786,94,6,1650.33,4
CUST102787,164,12,1890.79,2
CUST102788,22,7,806.05,4
CUST102789,329,5,911.18,0
CUST102790,34,10,2541.77,3
CUST102791,228,3,139.65,0
CUST102792,30,27,9284.24,1
CUST102793,177,9,2207.89,2
CUST102794,245,3,318.83,0
CUST102795,192,4,160.4,0
CUST102796,48,4,2786.51,2
CUST102797,105,9,1280.06,4
CUST102798,52,14,1564.39,3
CUST102799,200,4,1002.53,0
CUST102800,148,4,2431.14,2
CUST102801,249,1,2436.58,0
CUST102802,61,7,1203.82,4
CUST102803,24,23,12568.28,1
CUST102804,107,11,2099.92,2
CUST102805,29,18,6443.48,1
CUST102806,71,12,2484.29,3
CUST102807,61,10,1936.02,3
CUST102808,200,10,1516.1,2
CUST102809,31,10,2773.17,3
CUST102810,30,11,2636.19,3
CUST102811,30,22,11922.34,1
CUST102812,252,2,439.64,0
CUST102813,148,10,3045.26,2
CUST102814,7,22,8083.43,1
CUST102815,20,22,10274.19,1
CUST102816,78,7,1132.88,4
CUST102817,58,12,1746.1,3
CUST102818,41,9,1127.97,4
CUST102819,23,11,1426.24,3
CUST102820,278,3,1144.03,0
CUST102821,62,16,2471.06,3
CUST102822,93,6,3694.4,2
CUST102823,22,26,7454.16,1
CUST102824,340,3,2090.75,0
CUST102825,197,2,1516.17,0
CUST102826,99,8,2284.81,2
CUST102827,79,4,2941.84,2
CUST102828,23,13,2459.58,3
CUST102829,115,9,1912.79,2
CUST102830,92,10,5510.32,2
CUST102831,38,14,5530.73,3
CUST102832,60,12,3552.13,3
CUST102833,91,9,1698.32,4
CUST102834,234,4,208.1,0
CUST102835,145,10,2372.24,2
CUST102836,152,8,2523.1,2
CUST102837,169,6,2645.42,2
CUST102838,51,16,5903.96,3
CUST102839,29,9,4553.33,3
CUST102840,30,23,3924.47,1
CUST102841,166,10,3341.9,2
CUST102842,106,6,600.81,4
CUST102843,59,7,2047.51,4
CUST102844,70,17,2684.33,3
CUST102845,31,12,2542.15,3
CUST102846,22,9,3249.26,3
CUST102847,14,12,2737.0,3
CUST102848,7,19,2909.2,1
CUST102849,117,7,1352.05,4
CUST102850,68,13,1171.98,4
CUST102851,10,13,3626.42,1
CUST102852,58,9,3619.0,3
CUST102853,99,7,1921.11,2
CUST102854,40,8,4276.67,3
CUST102855,125,9,1396.51,4
CUST102856,343,3,126.49,0
CUST102857,225,13,2624.98,2
CUST102858,25,6,1880.1,3
CUST102859,224,9,1285.47,2
CUST102860,90,9,2162.13,2
CUST102861,45,10,1511.63,4
CUST102862,20,4,3703.21,3
CUST102863,25,10,978.2,4
CUST102864,32,27,8884.96,1
CUST102865,65,5,1374.76,4
CUST102866,5,26,2909.59,1
CUST102867,117,9,1554.12,4
CUST102868,71,4,1300.26,4
CUST102869,347,3,2782.77,2
CUST102870,33,26,7106.12,1
CUST102871,147,6,2288.42,2
CUST102872,82,10,941.88,4
CUST102873,3,27,5874.65,1
CUST102874,45,21,4189.48,3
CUST102875,6,21,10860.53,1
CUST102876,64,15,2714.37,3
CUST102877,66,20,2711.37,3
CUST102878,66,7,1296.31,4
CUST102879,68,9,2697.21,3
CUST102880,28,27,6100.53,1
CUST102881,44,13,3216.45,3
CUST102882,21,24,5556.61,1
CUST102883,29,5,1619.32,4
CUST102884,10,12,4411.47,1
CUST102885,87,6,1977.17,2
CUST102886,26,9,4096.57,3
CUST102887,6,22,5063.34,1
CUST102888,209,3,896.3,0
CUST102889,34,21,7083.26,1
CUST102890,21,25,4698.27,1
CUST102891,31,26,10282.21,1
CUST102892,205,2,2025.11,0
CUST102893,106,6,877.73,4
CUST102894,95,11,599.77,4
CUST102895,339,1,914.01,0
CUST102896,31,18,10082.62,1
CUST102897,185,4,129.71,0
CUST102898,20,10,3228.65,3
CUST102899,179,12,2512.67,2
CUST102900,38,9,247.48,4
CUST102901,26,14,1973.63,3
CUST102902,193,2,635.42,0
CUST102903,19,25,7307.36,1
CUST102904,271,2,2624.52,0
CUST102905,13,13,2564.28,3
CUST102906,161,5,1228.21,4
CUST102907,267,1,834.79,0
CUST102908,2,20,5128.93,1
CUST102909,235,3,855.67,0
CUST102910,103,4,1215.68,4
CUST102911,115,10,1449.43,4
CUST102912,10,28,9165.44,1
CUST102913,31,7,1781.83,3
CUST102914,228,7,1011.19,4
CUST102915,107,8,1186.13,4
CUST102916,20,21,7061.75,1
CUST102917,69,13,1423.81,4
CUST102918,332,1,808.5,0
CUST102919,26,22,4474.9,1
CUST102920,121,10,1929.38,2
CUST102921,347,3,2549.87,2
CUST102922,28,22,3047.67,3
CUST102923,32,11,2253.84,3
CUST102924,153,14,2056.64,2
CUST102925,10,25,5623.89,1
CUST102926,99,7,4327.31,2
CUST102927,97,5,2293.78,2
CUST102928,84,6,2222.71,2
CUST102929,72,12,969.58,4
CUST102930,149,11,1858.72,2
CUST102931,21,5,634.8,4
CUST102932,64,10,4327.68,3
CUST102933,96,8,987.23,4
CUST102934,203,3,1401.14,0
CUST102935,138,7,4276.56,2
CUST102936,94,7,1764.9,2
CUST102937,36,16,3816.56,3
CUST102938,24,21,9580.82,1
CUST102939,28,11,2995.19,3
CUST102940,18,25,4317.29,1
CUST102941,198,3,1382.05,0
CUST102942,46,14,3451.58,3
CUST102943,110,11,3019.65,2
CUST102944,22,16,4040.05,1
CUST102945,68,15,1377.32,4
CUST102946,25,7,2401.96,3
CUST102947,27,6,3245.07,3
CUST102948,206,12,1337.46,4
CUST102949,296,6,283.59,0
CUST102950,232,2,784.88,0
CUST102951,4,27,3539.56,1
CUST102952,110,5,2200.7,2
CUST102953,25,24,4805.15,1
CUST102954,218,4,1795.79,2
CUST102955,117,8,874.12,4
CUST102956,15,12,3170.94,3
CUST102957,30,27,4750.74,1
CUST102958,5,22,4325.41,1
CUST102959,22,13,6500.72,1
CUST102960,228,3,576.87,0
CUST102961,230,9,1115.24,4
CUST102962,208,3,1123.78,0
CUST102963,24,24,7638.62,1
CUST102964,85,4,2322.91,2
CUST102965,45,14,4052.8,3
CUST102966,75,4,1158.06,4
CUST102967,74,15,3816.66,3
CUST102968,70,13,3824.03,3
CUST102969,72,4,1587.14,4
CUST102970,29,6,2390.13,3
CUST102971,109,5,1269.59,4
CUST102972,140,6,2818.56,2
CUST102973,21,17,6205.87,1
CUST102974,249,2,403.23,0
CUST102975,90,9,1697.56,4
CUST102976,113,11,2182.51,2
CUST102977,181,11,1555.8,2
CUST102978,150,9,1963.09,2
CUST102979,222,11,3126.42,2
CUST102980,247,3,271.97,0
CUST102981,28,9,990.7,4
CUST102982,21,17,1221.29,3
CUST102983,9,22,7249.36,1
CUST102984,58,6,1788.38,4
CUST102985,6,33,7598.04,1
CUST102986,70,13,5415.54,3
CUST102987,24,21,2482.0,3
CUST102988,93,5,2384.14,2
CUST102989,56,12,1444.58,4
CUST102990,91,5,1213.83,4
CUST102991,196,7,2441.25,2
CUST102992,283,4,1242.0,0
CUST102993,36,12,4983.29,3
CUST102994,27,8,1107.6,4
CUST102995,32,10,2930.51,3
CUST102996,88,6,1410.11,4
CUST102997,125,7,4116.38,2
CUST102998,44,14,2978.57,3
CUST102999,233,3,1026.33,0
CUST103000,29,22,3866.5,1
CUST103001,343,3,293.02,0
CUST103002,86,6,5155.95,2
CUST103003,58,10,2549.38,3
CUST103004,235,5,1481.22,2
CUST103005,17,28,9547.13,1
CUST103006,225,8,1899.78,2
CUST103007,99,10,2241.28,2
CUST103008,12,32,9693.63,1
CUST103009,25,27,6314.16,1
CUST103010,131,7,921.36,4
CUST103011,41,13,2688.68,3
CUST103012,302,3,1545.97,0
CUST103013,214,6,975.82,4
CUST103014,148,5,2919.88,2
CUST103015,72,16,4294.79,3
CUST103016,105,11,673.89,4
CUST103017,359,3,1307.68,0
CUST103018,21,20,8399.01,1
CUST103019,14,21,3243.94,1
CUST103020,13,19,6861.16,1
CUST103021,42,15,998.2,4
CUST103022,166,4,2069.03,2
CUST103023,68,7,643.25,4
CUST103024,23,9,1983.54,3
CUST103025,29,12,2999.26,3
CUST103026,28,21,7419.91,1
CUST103027,15,15,1277.66,3
CUST103028,356,3,2800.03,2
CUST103029,20,6,2813.99,3
CUST103030,27,11,6951.02,3
CUST103031,157,8,2022.92,2
CUST103032,23,23,2724.6,1
CUST103033,19,14,1588.74,3
CUST103034,68,13,2296.68,3
CUST103035,244,4,557.09,0
CUST103036,130,7,3274.67,2
CUST103037,53,11,2279.73,3
CUST103038,24,25,5077.31,1
CUST103039,14,18,2891.25,1
CUST103040,185,8,2432.29,2
CUST103041,11,14,2313.58,3
CUST103042,187,2,1184.78,0
CUST103043,201,12,1630.67,2
CUST103044,56,5,1925.8,4
CUST103045,107,7,1197.57,4
CUST103046,195,1,1281.58,0
CUST103047,52,6,1130.82,4
CUST103048,144,8,2529.26,2
CUST103049,344,2,222.21,0
CUST103050,74,10,894.14,4
CUST103051,202,4,2850.72,2
CUST103052,33,18,5138.62,1
CUST103053,120,8,2485.56,2
CUST103054,138,6,840.71,4
CUST103055,61,7,1747.96,4
CUST103056,86,5,3111.58,2
CUST103057,115,6,2601.09,2
CUST103058,3,20,3808.82,1
CUST103059,62,16,2368.64,3
CUST103060,53,9,2220.11,3
CUST103061,116,4,1615.15,2
CUST103062,38,8,836.03,4
CUST103063,54,14,1312.39,4
CUST103064,301,6,640.47,0
CUST103065,43,17,2863.39,3
CUST103066,34,3,1353.2,4
CUST103067,115,8,727.14,4
CUST103068,11,18,3237.49,1
CUST103069,184,7,1705.61,2
CUST103070,90,12,1400.09,4
CUST103071,16,25,9118.93,1
CUST103072,308,5,1113.94,0
CUST103073,121,6,1898.27,2
CUST103074,136,9,1990.75,2
CUST103075,198,2,608.77,0
CUST103076,318,1,3421.34,0
CUST103077,41,11,1787.09,3
CUST103078,90,8,822.35,4
CUST103079,92,7,4581.94,2
CUST103080,28,8,3429.42,3
CUST103081,39,19,3589.32,3
CUST103082,22,28,4957.38,1
CUST103083,120,11,2700.23,2
CUST103084,141,6,3259.53,2
CUST103085,176,9,2986.55,2
CUST103086,64,17,1181.33,4
CUST103087,50,16,3665.38,3
CUST103088,109,8,1183.98,4
CUST103089,71,5,582.5,4
CUST103090,222,2,210.3,0
CUST103091,230,2,1361.03,0
CUST103092,299,4,1488.87,0
CUST103093,183,3,776.18,0
CUST103094,338,2,307.43,0
CUST103095,113,8,2089.09,2
CUST103096,10,26,2695.75,1
CUST103097,31,32,11990.55,1
CUST103098,16,16,2769.36,3
CUST103099,50,19,2710.98,3
CUST103100,35,9,4031.18,3
CUST103101,217,2,400.57,0
CUST103102,43,12,1915.46,3
CUST103103,289,2,478.5,0
CUST103104,115,4,2451.16,2
CUST103105,91,5,1038.45,4
CUST103106,149,4,1423.13,2
CUST103107,23,15,3646.35,3
CUST103108,102,14,1890.48,3
CUST103109,23,18,2836.88,3
CUST103110,321,4,548.74,0
CUST103111,46,9,1222.65,4
CUST103112,28,11,2502.93,3
CUST103113,144,9,2643.28,2
CUST103114,101,9,2066.42,2
CUST103115,80,6,1105.78,4
CUST103116,133,14,1726.11,2
CUST103117,16,21,4904.98,1
CUST103118,217,11,1866.1,2
CUST103119,60,17,2027.03,3
CUST103120,19,14,1698.5,3
CUST103121,61,11,3945.9,3
CUST103122,53,21,2814.45,3
CUST103123,65,13,2001.37,3
CUST103124,103,6,324.76,4
CUST103125,14,17,2177.73,3
CUST103126,55,10,5732.11,3
CUST103127,97,10,3715.79,2
CUST103128,23,30,4460.93,1
CUST103129,200,8,1404.73,2
CUST103130,247,3,196.94,0
CUST103131,76,10,4009.03,3
CUST103132,234,2,1267.88,0
CUST103133,24,23,4408.99,1
CUST103134,27,19,4464.73,1
CUST103135,135,7,2640.02,2
CUST103136,183,5,2457.92,2
CUST103137,288,2,765.61,0
CUST103138,27,30,9142.07,1
CUST103139,129,8,3477.13,2
CUST103140,54,12,2751.24,3
CUST103141,23,18,4326.3,1
CUST103142,10,16,5776.85,1
CUST103143,273,6,333.29,0
CUST103144,30,26,3090.57,1
CUST103145,229,2,944.04,0
CUST103146,117,7,3512.51,2
CUST103147,101,7,1056.89,4
CUST103148,154,9,2637.43,2
CUST103149,193,3,1959.17,2
CUST103150,53,9,2101.86,3
CUST103151,20,21,3726.43,1
CUST103152,91,8,4657.34,2
CUST103153,55,11,2864.44,3
CUST103154,27,27,10480.09,1
CUST103155,20,10,1138.43,3
CUST103156,34,11,4941.43,3
CUST103157,9,24,4823.47,1
CUST103158,5,25,5239.62,1
CUST103159,272,4,634.91,0
CUST103160,38,17,3069.87,3
CUST103161,242,6,554.05,0
CUST103162,204,2,748.95,0
CUST103163,16,25,6062.91,1
CUST103164,235,9,2723.12,2
CUST103165,97,12,953.2,4
CUST103166,162,6,6422.87,2
CUST103167,11,14,9526.54,1
CUST103168,74,11,1537.27,4
CUST103169,24,27,9444.77,1
CUST103170,66,6,1248.47,4
CUST103171,267,1,675.64,0
CUST103172,206,7,2073.2,2
CUST103173,112,5,1620.71,2
CUST103174,234,3,913.76,0
CUST103175,217,5,1045.87,0
CUST103176,2,31,2823.45,1
CUST103177,217,4,999.94,0
CUST103178,15,8,1719.79,3
CUST103179,22,17,5099.85,1
CUST103180,113,6,1319.13,4
CUST103181,220,3,2404.31,2
CUST103182,61,10,632.52,4
CUST103183,24,8,1297.89,4
CUST103184,11,14,982.01,3
CUST103185,4,24,9205.63,1
CUST103186,20,22,7539.61,1
CUST103187,117,5,1639.81,2
CUST103188,239,5,264.85,0
CUST103189,10,17,5410.84,1
CUST103190,39,18,2485.06,3
CUST103191,17,13,2264.59,3
CUST103192,3,23,3340.41,1
CUST103193,60,5,2656.99,2
CUST103194,120,12,1795.63,2
CUST103195,213,10,2682.04,2
CUST103196,58,12,3422.73,3
CUST103197,65,5,1591.44,4
CUST103198,8,29,3932.34,1
CUST103199,23,20,4826.74,1
CUST103200,325,2,1938.01,0
CUST103201,213,5,1804.11,2
CUST103202,227,1,659.21,0
CUST103203,328,2,757.38,0
CUST103204,144,9,2487.78,2
CUST103205,294,1,2182.38,0
CUST103206,51,6,879.69,4
CUST103207,21,23,10758.93,1
CUST103208,7,22,11453.92,1
CUST103209,16,29,8314.25,1
CUST103210,29,28,3850.95,1
CUST103211,43,11,1724.15,3
CUST103212,218,11,3821.95,2
CUST103213,183,7,2010.72,2
CUST103214,60,6,2953.01,2
CUST103215,17,18,5842.3,1
CUST103216,201,6,3851.67,2
CUST103217,72,16,1690.1,3
CUST103218,24,29,3806.8,1
CUST103219,60,13,3384.53,3
CUST103220,29,14,5875.1,1
CUST103221,33,9,2300.82,3
CUST103222,181,6,2401.14,2
CUST103223,132,12,2752.36,2
CUST103224,152,11,719.53,4
CUST103225,16,23,7895.18,1
CUST103226,179,7,1615.45,2
CUST103227,214,7,2086.99,2
CUST103228,50,14,848.81,4
CUST103229,180,9,2782.66,2
CUST103230,89,6,4207.18,2
CUST103231,22,7,1454.57,3
CUST103232,3,22,4432.28,1
CUST103233,54,7,1147.4,4
CUST103234,15,21,5492.99,1
CUST103235,13,10,4428.4,3
CUST103236,3,26,9302.36,1
CUST103237,264,2,1094.18,0
CUST103238,14,12,1869.2,3
CUST103239,58,15,1081.61,4
CUST103240,33,15,4551.19,3
CUST103241,263,7,1078.54,4
CUST103242,48,8,3371.44,3
CUST103243,340,5,690.92,0
CUST103244,38,13,3378.96,3
CUST103245,23,24,5625.77,1
CUST103246,108,11,3786.24,2
CUST103247,37,10,2729.58,3
CUST103248,117,13,1588.75,4
CUST103249,324,2,686.42,0
CUST103250,102,4,3318.32,2
CUST103251,356,1,1557.27,0
CUST103252,71,11,2128.78,3
CUST103253,67,11,3466.64,3
CUST103254,34,6,3226.21,3
CUST103255,24,22,4824.39,1
CUST103256,178,6,2668.99,2
CUST103257,23,31,7337.98,1
CUST103258,25,14,5548.14,1
CUST103259,112,7,3345.13,2
CUST103260,8,24,3192.68,1
CUST103261,1,22,2932.31,1
CUST103262,238,4,1362.98,0
CUST103263,13,17,4989.93,1
CUST103264,45,8,4085.82,3
CUST103265,15,14,3463.07,3
CUST103266,72,13,4467.63,3
CUST103267,23,14,4006.36,3
CUST103268,96,6,2617.46,2
CUST103269,200,3,995.28,0
CUST103270,32,18,5929.43,1
CUST103271,353,4,241.34,0
CUST103272,114,3,955.36,0
CUST103273,184,7,1327.23,4
CUST103274,140,14,1579.49,4
CUST103275,142,10,2703.63,2
CUST103276,231,4,670.62,0
CUST103277,87,5,1364.35,4
CUST103278,45,7,1992.67,3
CUST103279,41,17,3040.57,3
CUST103280,6,24,5050.97,1
CUST103281,228,9,3779.59,2
CUST103282,16,26,6214.56,1
CUST103283,72,10,1868.1,4
CUST103284,24,25,4362.45,1
CUST103285,65,20,2562.19,3
CUST103286,159,9,2071.46,2
CUST103287,218,10,2534.69,2
CUST103288,88,4,2069.2,2
CUST103289,28,26,7710.59,1
CUST103290,42,7,1085.5,4
CUST103291,39,14,5702.95,3
CUST103292,114,7,996.81,4
CUST103293,46,7,1111.88,4
CUST103294,100,5,549.31,4
CUST103295,27,7,2291.5,3
CUST103296,314,4,1902.76,2
CUST103297,198,7,738.93,4
CUST103298,104,5,701.43,4
CUST103299,116,4,2180.26,2
CUST103300,9,25,5995.6,1
CUST103301,195,3,438.16,0
CUST103302,17,14,7350.63,1
CUST103303,25,16,4069.12,3
CUST103304,188,5,3540.32,2
CUST103305,227,7,1982.16,2
CUST103306,31,20,7648.7,1
CUST103307,19,21,6907.65,1
CUST103308,34,17,5066.54,1
CUST103309,108,9,1636.61,4
CUST103310,2,16,4658.79,1
CUST103311,207,2,728.91,0
CUST103312,321,5,501.4,0
CUST103313,46,8,2010.28,3
CUST103314,43,4,1575.4,4
CUST103315,31,15,3715.92,3
CUST103316,11,23,7881.29,1
CUST103317,132,9,789.24,4
CUST103318,4,24,6449.8,1
CUST103319,31,18,2783.97,3
CUST103320,27,12,3741.71,3
CUST103321,15,28,8022.75,1
CUST103322,61,7,1935.29,4
CUST103323,177,9,2669.2,2
CUST103324,224,7,1571.47,2
CUST103325,90,8,3030.17,2
CUST103326,197,3,732.88,0
CUST103327,71,5,1686.61,4
CUST103328,204,3,321.79,0
CUST103329,38,8,1471.54,4
CUST103330,39,15,1564.78,3
CUST103331,238,2,318.93,0
CUST103332,17,8,2774.4,3
CUST103333,24,25,5956.77,1
CUST103334,31,12,2074.54,3
CUST103335,60,14,2680.32,3
CUST103336,17,15,1554.29,3
CUST103337,66,8,1627.12,4
CUST103338,292,3,1682.14,0
CUST103339,22,11,3486.59,3
CUST103340,83,12,3452.32,3
CUST103341,33,14,1909.77,3
CUST103342,273,1,1440.05,0
CUST103343,26,23,5740.02,1
CUST103344,17,21,8490.66,1
CUST103345,58,7,1381.59,4
CUST103346,150,2,2073.83,0
CUST103347,92,8,3372.97,2
CUST103348,75,6,1649.32,4
CUST103349,214,5,1759.35,2
CUST103350,69,16,2942.75,3
CUST103351,23,16,8718.95,1
CUST103352,32,26,4200.06,1
CUST103353,30,23,3217.82,1
CUST103354,62,14,3524.33,3
CUST103355,78,9,2622.4,2
CUST103356,18,16,2927.21,3
CUST103357,59,8,3251.79,3
CUST103358,24,6,3578.4,3
CUST103359,225,6,3462.95,2
CUST103360,121,8,1921.41,2
CUST103361,14,16,3767.01,1
CUST103362,34,18,5851.92,1
CUST103363,104,6,1374.46,4
CUST103364,25,9,2881.14,3
CUST103365,23,14,1666.09,3
CUST103366,24,11,2476.9,3
CUST103367,155,15,2141.66,2
CUST103368,99,6,2735.09,2
CUST103369,28,20,3266.53,3
CUST103370,103,6,2095.53,2
CUST103371,285,4,784.99,0
CUST103372,5,20,3621.43,1
CUST103373,202,3,1917.46,2
CUST103374,53,12,1241.82,4
CUST103375,71,10,1660.3,4
CUST103376,65,6,1490.02,4
CUST103377,4,30,4316.45,1
CUST103378,269,4,787.19,0
CUST103379,35,8,2224.05,3
CUST103380,308,5,1104.96,0
CUST103381,24,13,2695.38,3
CUST103382,312,4,228.27,0
CUST103383,300,4,1911.93,2
CUST103384,90,8,425.47,4
CUST103385,72,14,1790.74,3
CUST103386,212,8,2648.57,2
CUST103387,58,6,2024.06,4
CUST103388,189,3,1431.27,0
CUST103389,41,9,1293.93,4
CUST103390,69,19,2390.91,3
CUST103391,21,24,4276.81,1
CUST103392,101,8,2105.4,2
CUST103393,349,4,1543.22,0
CUST103394,27,24,4743.24,1
CUST103395,136,3,4255.69,2
CUST103396,200,2,1000.43,0
CUST103397,28,26,5294.44,1
CUST103398,10,28,8924.7,1
CUST103399,112,11,1838.97,2
CUST103400,148,8,1434.4,4
CUST103401,1,22,4774.03,1
CUST103402,235,5,785.81,0
CUST103403,21,9,1137.97,4
CUST103404,358,7,619.15,0
CUST103405,304,3,283.29,0
CUST103406,145,7,2516.88,2
CUST103407,57,4,1149.66,4
CUST103408,39,18,3404.88,3
CUST103409,99,6,1254.05,4
CUST103410,9,21,8446.72,1
CUST103411,233,7,662.36,4
CUST103412,11,23,9976.27,1
CUST103413,62,12,2816.04,3
CUST103414,24,16,5712.99,1
CUST103415,12,14,1198.35,3
CUST103416,36,12,2168.84,3
CUST103417,94,14,5038.42,3
CUST103418,92,9,4655.95,2
CUST103419,24,22,6391.46,1
CUST103420,220,3,1994.6,2
CUST103421,181,2,784.11,0
CUST103422,70,13,5053.69,3
CUST103423,193,7,2913.67,2
CUST103424,43,6,2181.4,3
CUST103425,21,21,10657.32,1
CUST103426,76,5,662.03,4
CUST103427,7,22,12736.21,1
CUST103428,212,2,1741.4,0
CUST103429,305,2,1781.67,0
CUST103430,201,5,1164.15,0
CUST103431,98,4,4421.96,2
CUST103432,45,11,3831.84,3
CUST103433,349,3,728.08,0
CUST103434,45,14,4132.35,3
CUST103435,11,22,6756.29,1
CUST103436,47,7,1732.17,4
CUST103437,55,12,3204.06,3
CUST103438,68,17,2845.82,3
CUST103439,10,22,7930.64,1
CUST103440,80,8,413.55,4
CUST103441,68,9,3592.3,3
CUST103442,73,20,2426.25,3
CUST103443,21,19,4716.49,1
CUST103444,12,11,3911.75,3
CUST103445,316,2,167.31,0
CUST103446,20,14,2220.34,3
CUST103447,151,12,858.57,4
CUST103448,109,11,1433.36,4
CUST103449,50,11,2114.47,3
CUST103450,290,2,615.81,0
CUST103451,219,9,995.24,4
CUST103452,44,5,2773.5,2
CUST103453,25,20,6818.94,1
CUST103454,18,35,5165.6,1
CUST103455,350,6,873.05,0
CUST103456,184,6,1215.79,4
CUST103457,201,6,628.72,0
CUST103458,359,7,667.4,0
CUST103459,27,19,5387.57,1
CUST103460,230,7,4666.18,2
CUST103461,86,7,2588.34,2
CUST103462,126,6,3778.47,2
CUST103463,31,24,5978.1,1
CUST103464,67,12,3849.17,3
CUST103465,158,6,886.53,4
CUST103466,216,12,2297.42,2
CUST103467,31,7,1886.97,3
CUST103468,13,13,1276.72,3
CUST103469,36,9,4043.16,3
CUST103470,277,4,1231.61,0
CUST103471,110,13,2055.52,2
CUST103472,47,4,1284.32,4
CUST103473,67,7,2758.55,2
CUST103474,92,7,1677.83,4
CUST103475,83,7,558.01,4
CUST103476,29,5,1095.73,4
CUST103477,204,1,1369.57,0
CUST103478,290,3,1056.95,0
CUST103479,352,1,972.47,0
CUST103480,25,9,1296.72,4
CUST103481,52,7,1879.4,4
CUST103482,205,6,1797.17,2
CUST103483,326,3,916.26,0
CUST103484,55,6,944.88,4
CUST103485,182,9,5072.29,2
CUST103486,168,11,3057.7,2
CUST103487,102,6,1480.97,4
CUST103488,234,7,1437.78,2
CUST103489,15,14,3673.52,1
CUST103490,82,10,1656.12,4
CUST103491,67,8,1836.38,4
CUST103492,27,25,11417.68,1
CUST103493,342,2,1519.58,0
CUST103494,58,3,2487.84,2
CUST103495,28,20,5291.64,1
CUST103496,182,11,1375.85,4
CUST103497,234,9,2936.44,2
CUST103498,128,7,1470.22,4
CUST103499,29,9,5374.0,3
CUST103500,242,3,858.15,0
CUST103501,103,8,1117.43,4
CUST103502,51,8,2018.36,3
CUST103503,1,22,8557.17,1
CUST103504,234,9,2197.57,2
CUST103505,128,5,1985.09,2
CUST103506,107,8,2032.95,2
CUST103507,66,5,1335.96,4
CUST103508,144,11,1972.59,2
CUST103509,99,5,1957.44,2
CUST103510,39,14,2217.16,3
CUST103511,182,2,376.83,0
CUST103512,166,9,3214.9,2
CUST103513,356,1,980.75,0
CUST103514,214,5,380.12,0
CUST103515,255,3,1092.01,0
CUST103516,191,6,656.52,0
CUST103517,26,6,2296.33,3
CUST103518,50,11,2807.96,3
CUST103519,37,9,3074.86,3
CUST103520,124,9,3603.86,2
CUST103521,80,4,4403.7,2
CUST103522,260,2,840.1,0
CUST103523,4,21,7904.07,1
CUST103524,22,9,2229.2,3
CUST103525,72,3,4505.12,2
CUST103526,59,9,1695.25,4
CUST103527,16,25,8379.67,1
CUST103528,4,16,5736.57,1
CUST103529,345,3,982.14,0
CUST103530,58,8,1973.65,4
CUST103531,18,32,1572.5,1
CUST103532,28,18,5186.21,1
CUST103533,78,6,1753.31,4
CUST103534,32,12,2691.57,3
CUST103535,102,4,1889.44,2
CUST103536,182,6,1202.27,4
CUST103537,18,13,4056.11,3
CUST103538,108,8,2205.08,2
CUST103539,27,26,4920.89,1
CUST103540,28,9,3686.75,3
CUST103541,278,3,696.81,0
CUST103542,68,6,1815.84,4
CUST103543,227,5,490.64,0
CUST103544,20,10,2654.56,3
CUST103545,72,17,2710.31,3
CUST103546,91,10,2450.22,2
CUST103547,64,5,2411.61,2
CUST103548,297,3,1350.37,0
CUST103549,27,19,4776.45,1
CUST103550,341,5,241.33,0
CUST103551,279,4,456.92,0
CUST103552,108,6,3992.31,2
CUST103553,73,12,918.46,4
CUST103554,106,10,1045.51,4
CUST103555,20,15,4455.01,1
CUST103556,133,9,2444.67,2
CUST103557,93,8,1693.7,4
CUST103558,183,4,530.01,0
CUST103559,205,9,1848.69,2
CUST103560,43,10,1852.69,3
CUST103561,174,10,995.19,4
CUST103562,25,4,4627.39,3
CUST103563,200,5,2059.5,2
CUST103564,48,14,4054.5,3
CUST103565,183,2,144.86,0
CUST103566,221,5,5911.81,2
CUST103567,237,3,440.17,0
CUST103568,62,10,4581.34,3
CUST103569,229,4,628.28,0
CUST103570,72,14,2028.01,3
CUST103571,124,9,2197.92,2
CUST103572,13,21,4231.64,1
CUST103573,66,13,3932.6,3
CUST103574,80,5,1672.76,4
CUST103575,54,12,5983.04,3
CUST103576,58,14,3590.22,3
CUST103577,322,1,1204.43,0
CUST103578,51,25,6318.67,1
CUST103579,210,6,1299.95,2
CUST103580,17,21,11621.78,1
CUST103581,135,10,2147.65,2
CUST103582,116,8,2218.22,2
CUST103583,107,6,1904.51,2
CUST103584,100,10,1049.83,4
CUST103585,283,4,1814.83,2
CUST103586,198,10,2980.37,2
CUST103587,23,13,4860.45,3
CUST103588,71,5,2196.15,2
CUST103589,128,7,2508.19,2
CUST103590,17,17,2640.1,3
CUST103591,193,14,5014.39,2
CUST103592,27,11,2237.79,3
CUST103593,181,4,3133.59,2
CUST103594,24,19,7380.91,1
CUST103595,17,20,3973.82,1
CUST103596,331,7,1515.3,2
CUST103597,230,2,782.84,0
CUST103598,268,3,1388.02,0
CUST103599,325,2,349.91,0
CUST103600,119,6,1933.54,2
CUST103601,32,17,3763.07,3
CUST103602,22,22,5287.12,1
CUST103603,85,5,1668.48,4
CUST103604,21,13,4076.47,3
CUST103605,212,1,817.8,0
CUST103606,18,18,2750.07,3
CUST103607,34,23,7892.26,1
CUST103608,57,11,3464.12,3
CUST103609,47,19,4943.57,3
CUST103610,47,15,4162.98,3
CUST103611,205,7,2369.79,2
CUST103612,27,17,1339.76,3
CUST103613,74,10,1849.66,4
CUST103614,352,2,224.88,0
CUST103615,36,5,1396.27,4
CUST103616,117,9,2358.96,2
CUST103617,46,13,4224.81,3
CUST103618,19,19,7370.32,1
CUST103619,34,11,2853.14,3
CUST103620,237,4,865.2,0
CUST103621,218,7,1286.59,2
CUST103622,20,6,4338.95,3
CUST103623,100,5,1616.22,4
CUST103624,333,2,1909.38,0
CUST103625,220,12,1189.26,4
CUST103626,70,5,1660.08,4
CUST103627,278,4,230.96,0
CUST103628,217,12,1923.85,2
CUST103629,94,9,1307.62,4
CUST103630,30,14,3923.44,3
CUST103631,17,17,7398.22,1
CUST103632,345,4,1123.12,0
CUST103633,65,7,4616.47,2
CUST103634,46,4,2046.73,4
CUST103635,83,4,3627.98,2
CUST103636,13,18,3700.2,1
CUST103637,209,1,1035.85,0
CUST103638,72,13,2077.5,3
CUST103639,115,10,2497.21,2
CUST103640,43,3,2421.04,2
CUST103641,22,11,2296.19,3
CUST103642,29,26,4458.16,1
CUST103643,91,4,4423.8,2
CUST103644,48,8,2490.07,3
CUST103645,10,27,4886.16,1
CUST103646,127,6,1460.33,4
CUST103647,36,9,4077.42,3
CUST103648,23,9,3984.45,3
CUST103649,27,12,2967.92,3
CUST103650,334,2,732.5,0
CUST103651,12,15,2114.37,3
CUST103652,22,18,3040.71,3
CUST103653,68,12,2900.11,3
CUST103654,26,6,6101.03,3
CUST103655,30,17,2590.29,3
CUST103656,21,20,4488.44,1
CUST103657,26,26,5375.13,1
CUST103658,64,7,3800.24,2
CUST103659,207,2,1483.36,0
CUST103660,22,21,3049.56,1
CUST103661,12,14,2522.95,3
CUST103662,201,2,1178.61,0
CUST103663,272,2,1495.04,0
CUST103664,160,7,1523.13,2
CUST103665,45,9,2579.24,3
CUST103666,85,8,1482.99,4
CUST103667,17,16,2322.43,3
CUST103668,2,24,8354.38,1
CUST103669,65,14,6274.06,3
CUST103670,35,7,4550.24,3
CUST103671,53,21,3205.77,3
CUST103672,88,16,1413.76,4
CUST103673,27,12,6052.12,3
CUST103674,41,8,3062.82,3
CUST103675,115,7,3101.24,2
CUST103676,278,4,1934.0,2
CUST103677,10,17,2481.5,1
CUST103678,60,6,438.84,4
CUST103679,12,13,3819.99,1
CUST103680,2,23,10230.35,1
CUST103681,221,7,2961.29,2
CUST103682,41,11,2738.3,3
CUST103683,108,5,1746.64,2
CUST103684,25,6,3662.72,3
CUST103685,56,16,4565.78,3
CUST103686,33,22,4952.46,1
CUST103687,39,14,2438.29,3
CUST103688,192,4,707.34,0
CUST103689,24,8,622.75,4
CUST103690,17,15,5762.78,1
CUST103691,3,23,11183.09,1
CUST103692,24,9,496.91,4
CUST103693,21,25,4489.84,1
CUST103694,85,7,1682.75,4
CUST103695,195,5,1397.07,2
CUST103696,36,4,680.6,4
CUST103697,64,24,1427.17,3
CUST103698,5,32,8543.1,1
CUST103699,17,24,4803.61,1
CUST103700,80,5,2101.76,2
CUST103701,349,3,930.48,0
CUST103702,66,12,2124.93,3
CUST103703,59,11,1629.61,4
CUST103704,169,8,2893.19,2
CUST103705,20,21,4492.32,1
CUST103706,21,24,3313.96,1
CUST103707,63,14,3504.23,3
CUST103708,219,8,1580.11,2
CUST103709,75,8,948.06,4
CUST103710,227,6,1124.24,4
CUST103711,299,2,715.57,0
CUST103712,133,5,1721.77,2
CUST103713,335,4,796.41,0
CUST103714,160,7,509.05,4
CUST103715,257,3,472.84,0
CUST103716,323,2,1628.6,0
CUST103717,235,6,2617.62,2
CUST103718,141,2,2320.02,2
CUST103719,319,1,346.41,0
CUST103720,48,4,1548.42,4
CUST103721,202,5,2192.78,2
CUST103722,75,10,2404.75,3
CUST103723,284,2,1160.73,0
CUST103724,39,7,1792.68,4
CUST103725,231,7,1595.47,2
CUST103726,133,7,2852.54,2
CUST103727,214,3,245.7,0
CUST103728,40,9,3308.02,3
CUST103729,231,7,1450.04,2
CUST103730,211,9,291.55,4
CUST103731,282,3,801.36,0
CUST103732,247,1,892.39,0
CUST103733,73,7,2209.64,2
CUST103734,72,10,336.64,4
CUST103735,62,15,2210.03,3
CUST103736,342,2,1296.65,0
CUST103737,22,12,2333.89,3
CUST103738,105,9,2903.74,2
CUST103739,128,9,2312.41,2
CUST103740,80,10,4003.03,3
CUST103741,33,16,2640.22,3
CUST103742,59,17,3425.44,3
CUST103743,189,3,963.25,0
CUST103744,115,5,1278.94,4
CUST103745,18,20,7743.2,1
CUST103746,99,6,3025.71,2
CUST103747,71,15,3968.29,3
CUST103748,255,4,414.68,0
CUST103749,58,15,2490.11,3
CUST103750,56,9,2887.04,3
CUST103751,16,24,5660.61,1
CUST103752,23,9,2291.32,3
CUST103753,103,7,1994.34,2
CUST103754,159,12,2437.32,2
CUST103755,80,7,2465.65,2
CUST103756,34,16,2572.64,3
CUST103757,43,14,3154.96,3
CUST103758,74,13,4362.5,3
CUST103759,194,2,1491.72,0
CUST103760,68,15,3322.02,3
CUST103761,252,3,2150.36,2
CUST103762,12,10,4018.53,3
CUST103763,22,20,5763.97,1
CUST103764,22,13,2962.45,3
CUST103765,9,22,4389.93,1
CUST103766,191,4,1223.06,0
CUST103767,40,10,2122.52,3
CUST103768,15,9,2459.53,3
CUST103769,130,5,1989.75,2
CUST103770,159,5,3401.73,2
CUST103771,231,2,1646.39,0
CUST103772,199,3,596.76,0
CUST103773,147,6,3106.59,2
CUST103774,223,7,1922.21,2
CUST103775,93,13,3355.89,3
CUST103776,105,6,1467.74,4
CUST103777,116,10,2179.89,2
CUST103778,3,26,7041.67,1
CUST103779,150,10,878.51,4
CUST103780,299,4,2519.76,2
CUST103781,33,24,6760.75,1
CUST103782,324,3,854.85,0
CUST103783,237,4,308.6,0
CUST103784,44,16,7699.81,1
CUST103785,62,6,1981.7,4
CUST103786,279,1,731.08,0
CUST103787,251,1,714.5,0
CUST103788,1,25,6073.18,1
CUST103789,47,13,7715.78,3
CUST103790,116,10,1735.65,2
CUST103791,60,15,1809.2,3
CUST103792,14,18,5592.07,1
CUST103793,31,22,9099.63,1
CUST103794,6,23,3632.71,1
CUST103795,77,6,1404.25,4
CUST103796,115,9,1569.9,4
CUST103797,234,10,845.18,4
CUST103798,216,6,2992.91,2
CUST103799,70,10,1170.17,4
CUST103800,25,14,4685.12,3
CUST103801,29,19,10351.35,1
CUST103802,31,11,2355.99,3
CUST103803,54,10,4217.47,3
CUST103804,38,13,2134.02,3
CUST103805,12,26,7073.41,1
CUST103806,18,25,6956.0,1
CUST103807,191,6,3664.2,2
CUST103808,112,4,2511.01,2
CUST103809,331,2,845.65,0
CUST103810,179,11,3304.05,2
CUST103811,77,5,2006.2,2
CUST103812,3,28,3505.53,1
CUST103813,107,9,1030.44,4
CUST103814,27,22,5853.21,1
CUST103815,85,8,766.63,4
CUST103816,40,17,5882.2,1
CUST103817,26,13,2611.94,3
CUST103818,31,10,3430.86,3
CUST103819,104,10,1649.05,4
CUST103820,308,2,886.41,0
CUST103821,113,11,1507.52,4
CUST103822,117,8,3127.46,2
CUST103823,97,7,1273.84,4
CUST103824,21,23,6046.38,1
CUST103825,133,8,1497.96,4
CUST103826,87,9,658.65,4
CUST103827,31,10,6451.5,3
CUST103828,62,18,2628.28,3
CUST103829,327,3,416.5,0
CUST103830,183,7,1290.62,4
CUST103831,60,8,1185.25,4
CUST103832,114,7,1751.52,2
CUST103833,115,5,2839.35,2
CUST103834,45,8,1980.11,3
CUST103835,10,11,1593.78,3
CUST103836,60,9,1498.28,4
CUST103837,154,9,1474.62,4
CUST103838,31,26,9226.33,1
CUST103839,141,12,2631.11,2
CUST103840,61,8,2655.97,3
CUST103841,236,5,676.62,0
CUST103842,97,11,2857.12,2
CUST103843,232,5,1000.36,0
CUST103844,36,6,1486.98,4
CUST103845,345,3,814.35,0
CUST103846,84,6,2412.59,2
CUST103847,200,9,1887.72,2
CUST103848,202,5,3451.38,2
CUST103849,23,9,4139.95,3
CUST103850,59,11,2415.65,3
CUST103851,72,9,2488.31,2
CUST103852,20,15,1795.06,3
CUST103853,59,12,2045.88,3
CUST103854,18,15,3478.29,3
CUST103855,73,4,4664.64,2
CUST103856,13,13,5031.97,1
CUST103857,125,6,2373.98,2
CUST103858,53,2,3701.39,2
CUST103859,218,5,536.88,0
CUST103860,6,20,10998.27,1
CUST103861,62,10,1518.07,4
CUST103862,25,24,4060.72,1
CUST103863,239,5,1745.87,2
CUST103864,21,17,2442.24,3
CUST103865,266,4,554.55,0
CUST103866,64,21,3524.98,3
CUST103867,68,4,3781.05,2
CUST103868,42,17,3018.09,3
CUST103869,116,7,3254.91,2
CUST103870,39,12,2860.34,3
CUST103871,11,9,2403.73,3
CUST103872,29,9,4236.31,3
CUST103873,2,21,7891.65,1
CUST103874,17,33,1943.26,1
CUST103875,314,4,314.03,0
CUST103876,73,8,1645.7,4
CUST103877,12,15,8849.45,1
CUST103878,288,3,395.84,0
CUST103879,30,22,3144.6,3
CUST103880,20,9,919.56,4
CUST103881,231,11,2055.07,2
CUST103882,300,2,1217.94,0
CUST103883,105,13,1936.96,2
CUST103884,23,8,2208.07,3
CUST103885,310,2,1244.8,0
CUST103886,10,20,6744.71,1
CUST103887,344,2,850.56,0
CUST103888,199,5,353.44,0
CUST103889,219,3,1668.22,0
CUST103890,54,14,2215.81,3
CUST103891,23,22,7121.8,1
CUST103892,220,7,1731.27,2
CUST103893,100,4,1400.24,4
CUST103894,22,2,1663.31,4
CUST103895,269,1,1543.54,0
CUST103896,135,10,1559.01,4
CUST103897,11,14,2479.66,3
CUST103898,113,4,1622.09,2
CUST103899,17,27,4244.83,1
CUST103900,71,16,1155.8,4
CUST103901,32,25,2200.04,3
CUST103902,129,7,1597.61,2
CUST103903,170,9,2965.22,2
CUST103904,50,9,1954.14,3
CUST103905,13,12,2736.95,3
CUST103906,173,7,2298.52,2
CUST103907,234,8,1922.4,2
CUST103908,250,1,556.7,0
CUST103909,28,3,2273.31,4
CUST103910,164,5,1666.69,2
CUST103911,80,7,1791.44,4
CUST103912,26,14,1301.58,3
CUST103913,359,5,1581.2,2
CUST103914,55,12,3929.44,3
CUST103915,15,15,3659.57,1
CUST103916,53,16,1618.19,3
CUST103917,75,3,442.23,0
CUST103918,46,8,2736.9,3
CUST103919,202,12,816.45,4
CUST103920,34,10,1605.67,3
CUST103921,60,14,5231.65,3
CUST103922,273,3,573.76,0
CUST103923,59,16,2462.34,3
CUST103924,271,3,669.21,0
CUST103925,12,10,2717.49,3
CUST103926,107,5,1328.91,4
CUST103927,98,8,298.88,4
CUST103928,230,5,1453.54,2
CUST103929,2,31,7784.06,1
CUST103930,301,1,803.5,0
CUST103931,58,4,1402.09,4
CUST103932,81,4,1995.41,2
CUST103933,72,4,3502.53,2
CUST103934,25,23,7434.24,1
CUST103935,79,5,906.67,4
CUST103936,14,17,4606.4,1
CUST103937,15,18,4978.43,1
CUST103938,200,10,1224.41,4
CUST103939,94,7,1951.14,2
CUST103940,31,24,4482.22,1
CUST103941,30,21,8367.19,1
CUST103942,47,11,4358.58,3
CUST103943,58,10,7105.79,3
CUST103944,110,10,3785.89,2
CUST103945,28,17,2754.64,3
CUST103946,236,3,356.02,0
CUST103947,54,12,1968.36,3
CUST103948,9,18,3369.92,1
CUST103949,220,5,1071.67,0
CUST103950,69,14,6243.01,3
CUST103951,115,8,2453.62,2
CUST103952,334,3,773.27,0
CUST103953,360,4,929.85,0
CUST103954,121,5,1735.32,2
CUST103955,29,25,6168.51,1
CUST103956,70,5,2253.21,2
CUST103957,359,3,357.27,0
CUST103958,203,3,630.95,0
CUST103959,26,24,6453.25,1
CUST103960,60,15,1300.35,4
CUST103961,38,11,1206.86,4
CUST103962,28,20,7003.21,1
CUST103963,109,4,1019.09,4
CUST103964,26,10,3887.49,3
CUST103965,66,15,2015.01,3
CUST103966,34,23,8992.28,1
CUST103967,21,5,1902.13,3
CUST103968,24,24,4688.32,1
CUST103969,118,8,2518.1,2
CUST103970,7,19,5404.37,1
CUST103971,245,2,1177.57,0
CUST103972,9,25,4845.48,1
CUST103973,95,4,1904.86,2
CUST103974,10,14,2973.33,1
CUST103975,25,18,4349.36,1
CUST103976,53,12,4729.15,3
CUST103977,10,24,6826.98,1
CUST103978,33,23,4448.96,1
CUST103979,96,9,808.24,4
CUST103980,197,13,1435.72,2
CUST103981,34,24,3448.99,1
CUST103982,95,10,1422.67,4
CUST103983,65,4,2590.69,2
CUST103984,49,14,2042.64,3
CUST103985,51,12,4169.3,3
CUST103986,26,20,5301.62,1
CUST103987,60,11,3888.16,3
CUST103988,31,6,4769.91,3
CUST103989,277,3,744.47,0
CUST103990,278,2,1941.05,0
CUST103991,277,3,545.92,0
CUST103992,29,8,2916.18,3
CUST103993,29,19,4799.28,1
CUST103994,66,15,4380.32,3
CUST103995,40,14,2757.77,3
CUST103996,15,21,8070.32,1
CUST103997,33,31,4343.82,1
CUST103998,35,7,2087.35,3
CUST103999,17,5,2745.14,3
CUST104000,11,8,3506.9,3
CUST104001,101,4,3635.87,2
CUST104002,32,8,3829.7,3
CUST104003,325,3,701.43,0
CUST104004,18,11,1299.64,3
CUST104005,39,8,470.02,4
CUST104006,44,12,2981.3,3
CUST104007,29,4,2446.27,3
CUST104008,13,25,4257.03,1
CUST104009,16,16,1105.77,3
CUST104010,46,7,1261.6,4
CUST104011,14,19,5047.96,1
CUST104012,43,15,1769.94,3
CUST104013,200,2,557.7,0
CUST104014,22,18,8258.91,1
CUST104015,22,11,2871.69,3
CUST104016,84,7,892.84,4
CUST104017,71,17,3037.8,3
CUST104018,42,13,4065.74,3
CUST104019,14,27,7165.31,1
CUST104020,107,11,1945.11,2
CUST104021,12,11,2135.14,3
CUST104022,46,18,2400.76,3
CUST104023,17,11,3005.09,3
CUST104024,286,3,1615.01,0
CUST104025,117,8,2065.7,2
CUST104026,280,5,2255.29,2
CUST104027,121,4,1996.48,2
CUST104028,186,10,1973.09,2
CUST104029,36,2,2340.67,2
CUST104030,214,3,1236.42,0
CUST104031,83,2,3591.58,2
CUST104032,72,11,3561.67,3
CUST104033,131,8,2306.45,2
CUST104034,110,8,1695.92,2
CUST104035,1,24,4852.73,1
CUST104036,67,15,1975.32,3
CUST104037,42,11,3152.55,3
CUST104038,195,2,591.62,0
CUST104039,38,17,1625.21,3
CUST104040,228,4,1799.57,2
CUST104041,71,4,1008.61,4
CUST104042,208,7,2648.14,2
CUST104043,18,19,3700.89,1
CUST104044,257,2,1108.56,0
CUST104045,52,6,1933.82,4
CUST104046,17,10,2697.75,3
CUST104047,18,12,4345.27,3
CUST104048,21,15,5421.4,1
CUST104049,55,17,3340.74,3
CUST104050,149,8,1815.69,2
CUST104051,330,5,1129.0,0
CUST104052,211,9,2156.98,2
CUST104053,117,5,2934.39,2
CUST104054,89,5,1745.97,2
CUST104055,276,3,913.13,0
CUST104056,297,3,617.65,0
CUST104057,41,13,2123.77,3
CUST104058,348,1,292.59,0
CUST104059,29,11,2486.74,3
CUST104060,110,5,1537.35,4
CUST104061,235,3,2392.56,2
CUST104062,211,10,2708.63,2
CUST104063,52,11,2715.85,3
CUST104064,33,6,2446.44,3
CUST104065,15,30,4417.82,1
CUST104066,207,7,1189.64,4
CUST104067,53,14,2792.46,3
CUST104068,133,4,3342.27,2
CUST104069,181,2,934.68,0
CUST104070,21,6,3337.51,3
CUST104071,25,9,3326.49,3
CUST104072,196,7,760.07,4
CUST104073,56,8,2320.79,3
CUST104074,22,14,3009.8,3
CUST104075,24,30,3745.08,1
CUST104076,111,7,1822.13,2
CUST104077,215,7,913.14,4
CUST104078,86,4,4138.74,2
CUST104079,10,24,5957.91,1
CUST104080,89,6,1959.66,2
CUST104081,25,12,6043.28,1
CUST104082,53,15,2913.16,3
CUST104083,180,6,790.66,4
CUST104084,63,9,4449.21,3
CUST104085,100,5,2817.28,2
CUST104086,200,3,2340.4,2
CUST104087,116,9,863.15,4
CUST104088,90,5,3924.66,2
CUST104089,33,15,5429.04,3
CUST104090,38,14,2519.46,3
CUST104091,23,28,4951.88,1
CUST104092,216,8,2835.58,2
CUST104093,316,5,440.46,0
CUST104094,31,14,6185.74,1
CUST104095,27,13,1492.81,3
CUST104096,26,13,1542.55,3
CUST104097,107,5,1205.01,4
CUST104098,219,9,2476.24,2
CUST104099,219,10,4175.47,2
CUST104100,205,2,456.41,0
CUST104101,51,12,2925.18,3
CUST104102,201,12,3594.22,2
CUST104103,60,5,2234.37,2
CUST104104,32,12,1019.23,4
CUST104105,332,4,1757.92,2
CUST104106,31,21,6780.37,1
CUST104107,100,7,1139.84,4
CUST104108,179,8,2132.17,2
CUST104109,255,1,1746.97,0
CUST104110,57,5,774.32,4
CUST104111,72,11,1682.26,4
CUST104112,211,1,862.16,0
CUST104113,219,13,4052.1,2
CUST104114,38,4,1827.03,4
CUST104115,168,13,1176.33,4
CUST104116,69,12,3642.29,3
CUST104117,70,9,2790.21,3
CUST104118,258,2,1384.19,0
CUST104119,49,11,3123.04,3
CUST104120,43,5,2374.5,2
CUST104121,184,1,427.22,0
CUST104122,114,6,1550.14,4
CUST104123,223,3,515.25,0
CUST104124,48,10,3352.08,3
CUST104125,352,6,490.73,0
CUST104126,23,23,5360.99,1
CUST104127,25,8,3875.96,3
CUST104128,117,5,1215.44,4
CUST104129,177,11,3015.28,2
CUST104130,192,2,1442.07,0
CUST104131,178,7,3502.98,2
CUST104132,199,11,1831.4,2
CUST104133,101,4,3091.78,2
CUST104134,46,5,3100.19,2
CUST104135,64,5,2180.24,2
CUST104136,16,27,6937.62,1
CUST104137,59,6,1595.73,4
CUST104138,213,4,2092.02,2
CUST104139,103,8,1621.62,4
CUST104140,209,8,1837.9,2
CUST104141,58,10,2191.82,3
CUST104142,116,8,1911.16,2
CUST104143,24,24,4484.79,1
CUST104144,29,14,1893.48,3
CUST104145,103,4,4151.32,2
CUST104146,46,10,4362.99,3
CUST104147,13,21,2476.66,1
CUST104148,207,5,2067.73,2
CUST104149,119,2,1903.75,0
CUST104150,100,5,1506.17,4
CUST104151,23,13,2281.76,3
CUST104152,24,7,1434.22,4
CUST104153,70,9,1130.45,4
CUST104154,99,10,2681.63,2
CUST104155,90,6,1109.74,4
CUST104156,26,21,8104.71,1
CUST104157,181,2,731.41,0
CUST104158,3,21,7368.64,1
CUST104159,65,10,3137.43,3
CUST104160,51,12,5938.54,3
CUST104161,84,6,825.69,4
CUST104162,14,8,5247.08,3
CUST104163,229,2,576.49,0
CUST104164,37,8,2894.28,3
CUST104165,110,7,3491.89,2
CUST104166,64,9,2414.87,3
CUST104167,12,24,9607.02,1
CUST104168,22,10,3703.12,3
CUST104169,55,8,1409.2,4
CUST104170,117,4,1412.15,4
CUST104171,187,4,1250.15,0
CUST104172,193,9,2650.65,2
CUST104173,310,1,1160.1,0
CUST104174,66,12,2513.61,3
CUST104175,218,14,1064.57,4
CUST104176,51,7,1705.87,4
CUST104177,29,7,1837.12,3
CUST104178,185,2,526.32,0
CUST104179,131,8,2089.69,2
CUST104180,235,3,2330.55,2
CUST104181,182,8,737.11,4
CUST104182,7,23,5943.67,1
CUST104183,185,7,5158.52,2
CUST104184,118,13,1690.68,4
CUST104185,290,3,1208.42,0
CUST104186,127,8,2480.58,2
CUST104187,26,26,6576.81,1
CUST104188,13,17,7913.67,1
CUST104189,14,21,6706.41,1
CUST104190,70,4,1416.39,4
CUST104191,34,29,4369.49,1
CUST104192,139,10,1648.09,2
CUST104193,73,7,1963.41,2
CUST104194,235,3,1791.95,0
CUST104195,51,13,3831.15,3
CUST104196,58,9,1475.25,4
CUST104197,6,21,7523.91,1
CUST104198,349,3,466.29,0
CUST104199,49,11,2552.02,3
CUST104200,16,27,5958.04,1
CUST104201,34,11,2910.19,3
CUST104202,208,6,1325.11,2
CUST104203,26,24,5443.75,1
CUST104204,110,10,1469.92,4
CUST104205,109,6,2531.61,2
CUST104206,119,6,1014.64,4
CUST104207,21,17,2932.14,3
CUST104208,13,21,6571.17,1
CUST104209,118,7,1390.8,4
CUST104210,38,9,2018.14,3
CUST104211,187,10,715.02,4
CUST104212,24,8,2676.86,3
CUST104213,113,10,2905.23,2
CUST104214,2,21,5246.5,1
CUST104215,92,5,1017.52,4
CUST104216,30,8,2942.77,3
CUST104217,137,8,844.33,4
CUST104218,23,22,6604.74,1
CUST104219,334,2,2307.89,0
CUST104220,210,7,1150.76,4
CUST104221,29,11,1508.3,3
CUST104222,8,27,6773.95,1
CUST104223,17,15,355.97,4
CUST104224,22,22,5059.72,1
CUST104225,59,7,1808.79,4
CUST104226,269,3,743.26,0
CUST104227,41,8,3046.15,3
CUST104228,18,12,2580.32,3
CUST104229,25,10,2093.67,3
CUST104230,18,8,4276.27,3
CUST104231,281,2,763.7,0
CUST104232,18,21,5338.71,1
CUST104233,229,6,757.15,0
CUST104234,125,8,2440.49,2
CUST104235,6,24,4377.45,1
CUST104236,58,14,4506.22,3
CUST104237,55,11,3728.95,3
CUST104238,293,8,664.78,4
CUST104239,68,7,1942.74,4
CUST104240,179,10,2409.51,2
CUST104241,198,8,920.82,4
CUST104242,276,2,270.25,0
CUST104243,97,10,933.06,4
CUST104244,33,3,1645.66,4
CUST104245,199,7,4676.69,2
CUST104246,60,12,3975.69,3
CUST104247,292,3,88.17,0
CUST104248,24,24,12120.75,1
CUST104249,58,13,2379.74,3
CUST104250,157,11,3107.58,2
CUST104251,46,7,1926.17,4
CUST104252,27,17,5196.64,1
CUST104253,33,13,4661.89,3
CUST104254,89,4,1889.7,2
CUST104255,206,3,1786.9,0
CUST104256,33,15,1152.26,3
CUST104257,29,21,3779.58,1
CUST104258,89,4,2683.07,2
CUST104259,245,4,823.28,0
CUST104260,68,12,2459.54,3
CUST104261,183,2,477.41,0
CUST104262,205,3,357.22,0
CUST104263,30,10,4223.74,3
CUST104264,200,4,2353.94,2
CUST104265,216,8,2242.29,2
CUST104266,95,7,980.04,4
CUST104267,93,7,2722.05,2
CUST104268,195,9,7016.7,2
CUST104269,162,13,1818.97,2
CUST104270,173,6,3667.19,2
CUST104271,218,2,1270.78,0
CUST104272,80,4,1710.61,4
CUST104273,96,10,632.24,4
CUST104274,352,3,451.92,0
CUST104275,22,15,3734.44,3
CUST104276,8,22,3938.07,1
CUST104277,66,10,3957.7,3
CUST104278,272,2,1865.92,0
CUST104279,68,16,3153.92,3
CUST104280,92,9,1468.75,4
CUST104281,3,27,6129.31,1
CUST104282,41,10,3503.29,3
CUST104283,77,8,3578.82,2
CUST104284,23,19,10231.05,1
CUST104285,261,5,371.58,0
CUST104286,8,21,3444.98,1
CUST104287,231,4,2038.21,2
CUST104288,30,12,2804.78,3
CUST104289,218,4,840.61,0
CUST104290,38,8,2915.08,3
CUST104291,32,27,5948.16,1
CUST104292,26,22,8090.0,1
CUST104293,5,22,9529.33,1
CUST104294,28,6,597.8,4
CUST104295,215,4,1300.48,0
CUST104296,111,6,1050.01,4
CUST104297,76,6,3784.75,2
CUST104298,110,9,1219.42,4
CUST104299,103,9,1326.04,4
CUST104300,122,10,2373.41,2
CUST104301,85,13,1961.35,3
CUST104302,110,6,868.18,4
CUST104303,316,1,445.7,0
CUST104304,72,10,3165.53,3
CUST104305,33,19,3582.78,3
CUST104306,21,25,11854.8,1
CUST104307,60,7,2380.05,2
CUST104308,34,12,1289.95,3
CUST104309,315,3,1092.96,0
CUST104310,138,7,1419.61,4
CUST104311,107,5,652.66,4
CUST104312,209,11,3149.14,2
CUST104313,34,12,2676.95,3
CUST104314,235,9,3097.2,2
CUST104315,33,18,5690.01,1
CUST104316,110,4,3115.41,2
CUST104317,266,5,1430.9,2
CUST104318,131,8,1080.46,4
CUST104319,202,7,854.86,4
CUST104320,71,13,1323.31,4
CUST104321,200,4,736.91,0
CUST104322,111,8,2693.14,2
CUST104323,111,5,1154.39,4
CUST104324,5,20,3851.4,1
CUST104325,18,14,2619.59,3
CUST104326,76,7,2078.43,2
CUST104327,16,28,7021.56,1
CUST104328,156,10,2078.87,2
CUST104329,189,3,795.56,0
CUST104330,336,2,1050.11,0
CUST104331,10,17,3091.67,1
CUST104332,336,2,1328.34,0
CUST104333,25,28,6664.39,1
CUST104334,82,5,967.93,4
CUST104335,300,5,1549.95,2
CUST104336,6,26,5674.09,1
CUST104337,10,18,1597.45,3
CUST104338,8,22,4103.64,1
CUST104339,68,7,2309.89,2
CUST104340,117,10,2261.71,2
CUST104341,2,25,6529.26,1
CUST104342,14,19,5005.54,1
CUST104343,97,7,3308.77,2
CUST104344,64,10,2932.32,3
CUST104345,132,9,1649.33,2
CUST104346,267,2,421.37,0
CUST104347,181,10,3646.09,2
CUST104348,327,3,331.33,0
CUST104349,86,6,1415.76,4
CUST104350,331,5,2417.95,2
CUST104351,13,11,2201.11,3
CUST104352,33,19,4269.31,1
CUST104353,149,9,3838.93,2
CUST104354,25,24,5407.73,1
CUST104355,180,3,794.79,0
CUST104356,146,10,2269.1,2
CUST104357,275,4,556.25,0
CUST104358,47,9,3195.23,3
CUST104359,95,6,991.14,4
CUST104360,239,7,2248.98,2
CUST104361,11,12,3974.88,1
CUST104362,20,3,967.52,4
CUST104363,195,11,1957.82,2
CUST104364,350,2,1118.95,0
CUST104365,199,8,1678.39,2
CUST104366,25,17,7683.11,1
CUST104367,68,8,1185.23,4
CUST104368,29,5,1565.89,4
CUST104369,27,31,11834.18,1
CUST104370,55,11,2885.91,3
CUST104371,37,14,5457.47,3
CUST104372,30,20,7192.51,1
CUST104373,52,8,1628.38,4
CUST104374,19,14,2666.5,3
CUST104375,71,5,1806.58,4
CUST104376,60,11,2150.75,3
CUST104377,165,4,3119.81,2
CUST104378,45,14,3258.62,3
CUST104379,309,5,982.06,0
CUST104380,15,16,9264.26,1
CUST104381,32,5,3273.19,3
CUST104382,48,12,1497.08,3
CUST104383,46,15,4020.21,3
CUST104384,62,6,2056.46,2
CUST104385,228,2,1616.09,0
CUST104386,271,3,564.58,0
CUST104387,35,13,2208.79,3
CUST104388,27,23,3353.76,1
CUST104389,137,12,1477.1,4
CUST104390,66,7,952.27,4
CUST104391,45,8,3555.17,3
CUST104392,214,9,2424.66,2
CUST104393,63,5,2590.08,2
CUST104394,99,13,1348.75,4
CUST104395,11,15,3716.51,1
CUST104396,114,6,3716.16,2
CUST104397,42,17,3975.92,3
CUST104398,150,10,1972.3,2
CUST104399,2,24,6137.78,1
CUST104400,182,8,2836.87,2
CUST104401,177,9,4450.01,2
CUST104402,130,4,2063.77,2
CUST104403,9,23,4960.67,1
CUST104404,46,9,5881.61,3
CUST104405,34,7,494.3,4
CUST104406,48,6,2140.44,4
CUST104407,196,5,2002.33,2
CUST104408,51,16,4241.77,3
CUST104409,182,1,1257.34,0
CUST104410,68,16,3090.36,3
CUST104411,73,13,2388.52,3
CUST104412,25,26,10437.18,1
CUST104413,141,9,1892.02,2
CUST104414,18,27,6359.66,1
CUST104415,67,13,3044.92,3
CUST104416,217,7,3278.23,2
CUST104417,78,11,2399.26,3
CUST104418,21,19,8188.94,1
CUST104419,22,20,5967.64,1
CUST104420,106,3,1448.97,0
CUST104421,10,14,1459.21,3
CUST104422,69,9,2563.26,3
CUST104423,99,7,3077.61,2
CUST104424,38,10,4946.96,3
CUST104425,94,6,2748.87,2
CUST104426,67,15,2771.22,3
CUST104427,50,15,4868.98,3
CUST104428,15,21,1910.9,3
CUST104429,30,15,3210.82,3
CUST104430,11,26,6160.42,1
CUST104431,74,10,1717.74,4
CUST104432,251,2,295.78,0
CUST104433,306,2,1149.31,0
CUST104434,35,13,3423.21,3
CUST104435,118,7,1724.78,2
CUST104436,23,10,1240.7,3
CUST104437,267,4,1484.71,0
CUST104438,51,10,1785.87,3
CUST104439,55,14,2626.97,3
CUST104440,72,10,4711.37,3
CUST104441,17,27,4106.43,1
CUST104442,15,13,3108.31,3
CUST104443,342,4,423.81,0
CUST104444,345,2,919.1,0
CUST104445,30,24,4660.09,1
CUST104446,109,8,4424.74,2
CUST104447,27,14,3287.23,3
CUST104448,42,6,2895.2,3
CUST104449,58,8,1561.92,4
CUST104450,34,27,13803.32,1
CUST104451,231,4,519.51,0
CUST104452,328,5,1576.14,2
CUST104453,138,7,1281.51,4
CUST104454,200,5,2905.34,2
CUST104455,31,6,2406.76,3
CUST104456,20,15,2225.22,3
CUST104457,33,24,7617.14,1
CUST104458,53,6,119.87,4
CUST104459,10,31,8296.54,1
CUST104460,357,4,585.95,0
CUST104461,56,9,2691.55,3
CUST104462,69,9,1593.65,4
CUST104463,16,13,1190.15,3
CUST104464,191,1,995.03,0
CUST104465,46,9,1912.79,3
CUST104466,28,15,8243.62,1
CUST104467,33,18,2593.44,3
CUST104468,110,10,3234.39,2
CUST104469,180,3,666.22,0
CUST104470,52,11,5067.79,3
CUST104471,273,2,1302.32,0
CUST104472,38,11,1564.71,3
CUST104473,121,10,902.85,4
CUST104474,21,19,4650.9,1
CUST104475,107,9,1459.47,4
CUST104476,217,8,1979.11,2
CUST104477,84,12,654.34,4
CUST104478,50,12,2531.04,3
CUST104479,232,5,438.28,0
CUST104480,311,5,713.67,0
CUST104481,55,9,2005.89,3
CUST104482,143,12,3065.85,2
CUST104483,128,8,2310.54,2
CUST104484,23,11,2188.78,3
CUST104485,325,3,752.08,0
CUST104486,34,17,2415.94,3
CUST104487,186,8,1839.97,2
CUST104488,8,17,4606.27,1
CUST104489,23,14,1980.08,3
CUST104490,110,7,1837.57,2
CUST104491,117,4,2398.17,2
CUST104492,270,3,1103.13,0
CUST104493,228,2,766.95,0
CUST104494,12,23,7847.82,1
CUST104495,45,15,1978.53,3
CUST104496,33,16,2818.9,3
CUST104497,30,6,4255.68,3
CUST104498,42,7,3585.56,3
CUST104499,253,4,324.87,0
CUST104500,128,7,1696.24,2
CUST104501,4,19,4296.11,1
CUST104502,29,7,466.34,4
CUST104503,35,7,619.01,4
CUST104504,58,6,3962.49,2
CUST104505,18,21,4848.97,1
CUST104506,25,17,1570.24,3
CUST104507,105,8,1559.08,4
CUST104508,67,12,2370.24,3
CUST104509,111,12,434.91,4
CUST104510,11,21,3937.0,1
CUST104511,80,6,3072.88,2
CUST104512,115,7,474.48,4
CUST104513,184,2,1506.87,0
CUST104514,19,18,4068.98,1
CUST104515,27,28,4752.94,1
CUST104516,64,11,1064.07,4
CUST104517,100,7,1011.19,4
CUST104518,64,13,2686.13,3
CUST104519,234,9,2561.61,2
CUST104520,69,12,3062.17,3
CUST104521,9,18,9023.9,1
CUST104522,25,6,2183.56,3
CUST104523,188,7,2832.66,2
CUST104524,260,3,1427.69,0
CUST104525,97,5,4335.78,2
CUST104526,62,5,1583.39,4
CUST104527,224,2,1185.27,0
CUST104528,126,11,1289.44,4
CUST104529,63,11,3744.02,3
CUST104530,92,6,5335.23,2
CUST104531,216,8,3824.87,2
CUST104532,28,11,5789.27,3
CUST104533,115,14,3030.86,2
CUST104534,25,9,601.91,4
CUST104535,78,2,1359.59,0
CUST104536,13,23,5088.95,1
CUST104537,192,6,1142.47,4
CUST104538,200,3,366.63,0
CUST104539,29,23,14828.71,1
CUST104540,66,18,1979.34,3
CUST104541,23,19,6969.38,1
CUST104542,15,28,6194.63,1
CUST104543,349,2,990.59,0
CUST104544,76,6,2025.65,2
CUST104545,10,10,4063.82,1
CUST104546,12,10,4850.26,1
CUST104547,191,5,1489.95,2
CUST104548,52,9,2121.13,3
CUST104549,142,5,2508.49,2
CUST104550,26,8,1913.99,3
CUST104551,21,23,2198.73,3
CUST104552,174,6,1266.81,4
CUST104553,1,31,9480.44,1
CUST104554,150,11,3379.91,2
CUST104555,62,11,4499.3,3
CUST104556,223,5,2445.37,2
CUST104557,194,6,1077.14,4
CUST104558,191,10,2322.88,2
CUST104559,23,28,6333.46,1
CUST104560,210,7,2435.34,2
CUST104561,195,4,204.61,0
CUST104562,35,10,2023.15,3
CUST104563,28,16,4294.92,3
CUST104564,221,8,2148.88,2
CUST104565,14,12,1002.44,3
CUST104566,158,11,1000.73,4
CUST104567,167,6,1156.09,4
CUST104568,14,20,10032.87,1
CUST104569,114,9,850.15,4
CUST104570,70,7,1341.69,4
CUST104571,34,11,3002.45,3
CUST104572,248,2,566.1,0
CUST104573,58,12,2077.98,3
CUST104574,44,14,2945.32,3
CUST104575,338,3,1050.89,0
CUST104576,71,11,4613.47,3
CUST104577,310,3,1461.51,0
CUST104578,25,23,3376.67,1
CUST104579,39,11,2155.5,3
CUST104580,14,25,9237.87,1
CUST104581,227,10,5654.73,2
CUST104582,213,10,1659.98,2
CUST104583,310,1,1269.41,0
CUST104584,212,4,1396.74,0
CUST104585,151,6,2914.6,2
CUST104586,160,8,2682.28,2
CUST104587,105,10,3908.15,2
CUST104588,354,5,1169.85,0
CUST104589,216,8,1140.22,4
CUST104590,260,3,1094.52,0
CUST104591,36,14,4269.22,3
CUST104592,42,5,1005.07,4
CUST104593,127,7,1434.37,4
CUST104594,20,14,3229.21,3
CUST104595,33,13,2455.2,3
CUST104596,297,4,1191.25,0
CUST104597,92,10,1385.16,4
CUST104598,45,14,823.09,4
CUST104599,55,15,967.81,4
CUST104600,69,15,2990.72,3
CUST104601,127,13,3075.6,2
CUST104602,234,2,1781.18,0
CUST104603,205,2,541.76,0
CUST104604,201,5,1569.29,2
CUST104605,239,10,1724.52,2
CUST104606,34,9,5502.85,3
CUST104607,194,1,274.6,0
CUST104608,50,12,3753.92,3
CUST104609,29,29,6687.47,1
CUST104610,302,4,985.8,0
CUST104611,281,2,727.76,0
CUST104612,60,14,3258.76,3
CUST104613,223,15,3636.36,2
CUST104614,103,6,2175.25,2
CUST104615,72,15,4735.11,3
CUST104616,51,13,942.39,4
CUST104617,28,18,6940.11,1
CUST104618,105,5,1183.89,4
CUST104619,32,6,3856.16,3
CUST104620,48,7,1508.98,4
CUST104621,36,8,3441.96,3
CUST104622,328,4,541.46,0
CUST104623,178,8,7253.69,2
CUST104624,225,3,619.9,0
CUST104625,29,26,4586.61,1
CUST104626,171,9,1441.88,2
CUST104627,269,3,455.01,0
CUST104628,60,13,2023.91,3
CUST104629,57,13,3575.38,3
CUST104630,18,11,4092.27,3
CUST104631,39,12,1724.88,3
CUST104632,115,10,1832.07,2
CUST104633,41,13,1931.7,3
CUST104634,31,14,2647.86,3
CUST104635,203,7,2332.36,2
CUST104636,19,27,5440.1,1
CUST104637,74,13,2309.43,3
CUST104638,166,7,1663.6,2
CUST104639,28,11,1468.45,3
CUST104640,38,12,4078.07,3
CUST104641,56,12,3894.44,3
CUST104642,5,27,4995.3,1
CUST104643,77,9,1281.51,4
CUST104644,3,26,8705.4,1
CUST104645,13,18,2714.17,1
CUST104646,210,4,719.57,0
CUST104647,252,3,1284.47,0
CUST104648,47,17,3912.06,3
CUST104649,21,7,2709.9,3
CUST104650,21,4,3300.44,3
CUST104651,312,3,404.8,0
CUST104652,118,10,4218.39,2
CUST104653,30,28,9564.43,1
CUST104654,20,24,4028.78,1
CUST104655,23,7,1988.9,3
CUST104656,364,4,268.89,0
CUST104657,361,6,154.77,0
CUST104658,14,30,5348.87,1
CUST104659,33,6,970.02,4
CUST104660,29,19,6016.67,1
CUST104661,149,8,1479.01,4
CUST104662,311,4,2418.13,2
CUST104663,119,8,2296.25,2
CUST104664,24,25,4412.27,1
CUST104665,45,6,3030.6,3
CUST104666,109,9,1090.17,4
CUST104667,126,6,978.96,4
CUST104668,64,13,2675.42,3
CUST104669,329,2,3188.28,2
CUST104670,16,17,2887.73,3
CUST104671,12,20,3660.62,1
CUST104672,70,14,2299.67,3
CUST104673,22,24,3729.07,1
CUST104674,64,18,2852.27,3
CUST104675,182,9,1283.26,4
CUST104676,26,21,10819.35,1
CUST104677,26,27,5069.08,1
CUST104678,10,25,3496.19,1
CUST104679,17,20,4235.7,1
CUST104680,222,3,804.06,0
CUST104681,215,3,358.93,0
CUST104682,21,22,5133.25,1
CUST104683,104,9,1736.1,2
CUST104684,101,7,1017.76,4
CUST104685,285,4,383.12,0
CUST104686,69,13,1882.01,3
CUST104687,13,18,7367.87,1
CUST104688,48,6,1545.05,4
CUST104689,305,3,563.23,0
CUST104690,179,10,2231.89,2
CUST104691,115,5,923.24,4
CUST104692,43,10,2355.45,3
CUST104693,182,12,5607.87,2
CUST104694,307,1,1917.45,0
CUST104695,67,17,2132.69,3
CUST104696,133,9,1751.32,2
CUST104697,71,9,2344.59,2
CUST104698,57,6,3439.84,2
CUST104699,110,8,2698.06,2
CUST104700,233,7,3201.69,2
CUST104701,358,2,397.4,0
CUST104702,30,3,1981.54,4
CUST104703,36,9,2302.83,3
CUST104704,69,12,2634.98,3
CUST104705,25,21,1656.68,3
CUST104706,73,13,1423.64,4
CUST104707,22,19,9768.87,1
CUST104708,50,8,2051.05,3
CUST104709,47,14,3746.2,3
CUST104710,28,11,4674.95,3
CUST104711,161,7,912.6,4
CUST104712,69,12,7178.83,3
CUST104713,69,9,1066.03,4
CUST104714,289,4,1162.63,0
CUST104715,65,10,1671.53,4
CUST104716,27,14,4671.91,3
CUST104717,14,18,5135.71,1
CUST104718,43,6,1571.29,4
CUST104719,100,12,592.61,4
CUST104720,22,23,10220.09,1
CUST104721,36,11,3848.58,3
CUST104722,24,8,2672.05,3
CUST104723,17,6,1474.41,3
CUST104724,104,3,1827.24,2
CUST104725,4,24,4168.48,1
CUST104726,56,15,4270.1,3
CUST104727,226,8,2692.42,2
CUST104728,41,10,3597.74,3
CUST104729,90,10,1815.93,4
CUST104730,59,12,2672.12,3
CUST104731,74,7,5029.88,2
CUST104732,267,2,613.52,0
CUST104733,43,15,2748.79,3
CUST104734,51,11,1290.8,4
CUST104735,224,3,1094.88,0
CUST104736,127,5,2968.48,2
CUST104737,113,6,1562.47,4
CUST104738,32,20,7439.73,1
CUST104739,23,23,9370.23,1
CUST104740,198,9,2153.06,2
CUST104741,68,12,3467.45,3
CUST104742,17,8,2724.15,3
CUST104743,139,8,4927.68,2
CUST104744,18,16,4407.33,1
CUST104745,14,27,9573.23,1
CUST104746,24,24,7948.31,1
CUST104747,48,7,2012.15,4
CUST104748,88,9,2076.94,2
CUST104749,336,3,432.07,0
CUST104750,34,27,7430.49,1
CUST104751,50,12,2456.99,3
CUST104752,59,10,4319.69,3
CUST104753,54,15,7631.12,3
CUST104754,49,6,1930.56,4
CUST104755,304,3,738.79,0
CUST104756,80,8,2021.55,2
CUST104757,36,7,2172.68,3
CUST104758,235,5,334.03,0
CUST104759,32,27,8975.43,1
CUST104760,201,1,987.72,0
CUST104761,68,8,1191.84,4
CUST104762,84,3,947.8,0
CUST104763,249,3,495.76,0
CUST104764,79,8,1729.37,4
CUST104765,28,9,3801.04,3
CUST104766,69,12,3927.0,3
CUST104767,169,9,1162.2,4
CUST104768,68,5,1401.2,4
CUST104769,66,10,6820.48,3
CUST104770,237,5,1753.04,2
CUST104771,182,8,2017.03,2
CUST104772,60,17,1985.28,3
CUST104773,15,24,5285.06,1
CUST104774,27,6,1496.2,4
CUST104775,19,30,7147.84,1
CUST104776,12,20,8152.87,1
CUST104777,81,6,830.26,4
CUST104778,2,26,4996.57,1
CUST104779,71,16,2468.53,3
CUST104780,131,5,2227.05,2
CUST104781,60,10,5601.46,3
CUST104782,317,3,328.6,0
CUST104783,280,3,271.64,0
CUST104784,76,7,4374.33,2
CUST104785,330,3,1411.96,0
CUST104786,193,4,586.75,0
CUST104787,64,15,3249.33,3
CUST104788,212,6,1751.61,2
CUST104789,12,23,7410.16,1
CUST104790,108,5,4860.8,2
CUST104791,109,5,3303.56,2
CUST104792,25,16,10846.64,1
CUST104793,71,12,2243.76,3
CUST104794,355,4,597.35,0
CUST104795,18,13,3564.09,3
CUST104796,64,17,2271.3,3
CUST104797,50,10,2093.93,3
CUST104798,32,4,4591.59,3
CUST104799,254,4,853.68,0
CUST104800,173,7,4277.99,2
CUST104801,60,8,1831.76,4
CUST104802,18,14,3203.37,3
CUST104803,23,23,11543.81,1
CUST104804,107,4,1539.4,4
CUST104805,194,12,3547.84,2
CUST104806,185,6,1746.79,2
CUST104807,100,9,2615.11,2
CUST104808,119,8,3251.36,2
CUST104809,55,5,4054.76,2
CUST104810,64,4,2510.68,2
CUST104811,45,3,3044.74,2
CUST104812,109,7,1571.23,4
CUST104813,25,8,1284.5,4
CUST104814,217,1,1171.66,0
CUST104815,73,5,847.47,4
CUST104816,8,21,1254.81,3
CUST104817,35,12,2550.63,3
CUST104818,38,7,1693.08,4
CUST104819,103,9,1467.81,4
CUST104820,34,6,2534.37,3
CUST104821,201,7,1378.78,2
CUST104822,73,14,3410.52,3
CUST104823,174,9,773.2,4
CUST104824,217,7,1203.57,4
CUST104825,84,4,2600.51,2
CUST104826,92,6,5763.44,2
CUST104827,19,14,2672.4,3
CUST104828,86,7,1727.89,4
CUST104829,98,12,845.33,4
CUST104830,253,2,304.76,0
CUST104831,21,10,954.11,4
CUST104832,14,10,5182.03,1
CUST104833,228,8,2725.06,2
CUST104834,216,12,2006.52,2
CUST104835,32,20,2651.53,3
CUST104836,303,3,1139.62,0
CUST104837,2,22,7447.68,1
CUST104838,32,19,9407.37,1
CUST104839,16,22,7893.53,1
CUST104840,32,22,5982.09,1
CUST104841,210,4,1424.78,0
CUST104842,47,7,3737.5,3
CUST104843,65,11,2142.6,3
CUST104844,40,4,2578.86,2
CUST104845,61,13,4002.93,3
CUST104846,43,16,1765.36,3
CUST104847,9,23,4030.94,1
CUST104848,104,12,1947.95,2
CUST104849,3,33,4464.95,1
CUST104850,128,9,606.44,4
CUST104851,60,14,1379.0,4
CUST104852,92,5,2128.47,2
CUST104853,114,8,1798.72,2
CUST104854,27,26,5593.39,1
CUST104855,12,25,5025.91,1
CUST104856,329,3,804.67,0
CUST104857,71,3,3680.62,2
CUST104858,160,8,3084.17,2
CUST104859,1,25,8134.78,1
CUST104860,14,11,3933.55,3
CUST104861,81,6,829.65,4
CUST104862,320,4,1600.73,0
CUST104863,53,17,2309.87,3
CUST104864,130,11,1267.52,4
CUST104865,100,11,4253.73,2
CUST104866,9,22,7825.39,1
CUST104867,10,12,3639.7,1
CUST104868,14,12,1691.21,3
CUST104869,84,3,1281.22,4
CUST104870,136,7,2667.64,2
CUST104871,97,13,2981.99,3
CUST104872,37,15,4765.96,3
CUST104873,208,5,1328.25,2
CUST104874,55,6,1717.74,4
CUST104875,20,10,4137.98,3
CUST104876,74,5,3077.07,2
CUST104877,60,9,3356.88,3
CUST104878,114,13,1974.7,2
CUST104879,39,10,5300.32,3
CUST104880,25,14,7170.65,1
CUST104881,9,29,4751.89,1
CUST104882,92,6,3369.37,2
CUST104883,63,9,2018.15,3
CUST104884,58,18,3108.48,3
CUST104885,203,4,1308.54,0
CUST104886,285,3,1887.96,0
CUST104887,24,18,5515.1,1
CUST104888,101,6,1859.22,2
CUST104889,26,16,1834.58,3
CUST104890,332,2,819.68,0
CUST104891,33,12,3060.79,3
CUST104892,57,17,2446.79,3
CUST104893,107,6,1846.71,2
CUST104894,64,8,3883.53,3
CUST104895,127,14,3669.07,2
CUST104896,81,5,4076.28,2
CUST104897,26,11,2329.45,3
CUST104898,84,8,2345.98,2
CUST104899,263,1,204.84,0
CUST104900,97,7,2799.37,2
CUST104901,94,7,2962.63,2
CUST104902,46,14,3628.79,3
CUST104903,74,16,6531.91,3
CUST104904,335,2,2026.68,0
CUST104905,167,10,2232.52,2
CUST104906,25,7,2246.63,3
CUST104907,303,2,813.11,0
CUST104908,5,20,2549.17,1
CUST104909,103,14,2287.63,3
CUST104910,31,13,3749.23,3
CUST104911,12,22,5184.21,1
CUST104912,47,5,2586.62,2
CUST104913,56,16,4887.64,3
CUST104914,324,2,837.43,0
CUST104915,24,10,3660.37,3
CUST104916,145,10,905.36,4
CUST104917,145,8,1917.91,2
CUST104918,225,5,2787.24,2
CUST104919,211,4,629.58,0
CUST104920,67,7,3636.76,2
CUST104921,46,14,2039.11,3
CUST104922,24,16,4228.92,1
CUST104923,52,15,2008.36,3
CUST104924,348,1,1166.3,0
CUST104925,26,10,2077.24,3
CUST104926,47,13,3680.22,3
CUST104927,34,15,5589.45,3
CUST104928,105,5,756.84,4
CUST104929,161,9,2916.86,2
CUST104930,38,14,1580.6,3
CUST104931,232,7,1228.24,4
CUST104932,172,9,1699.21,2
CUST104933,144,8,2563.37,2
CUST104934,65,13,5935.1,3
CUST104935,197,10,2063.59,2
CUST104936,33,20,9166.66,1
CUST104937,24,9,1267.25,4
CUST104938,138,7,4014.34,2
CUST104939,136,5,3869.5,2
CUST104940,40,21,3068.37,3
CUST104941,241,4,1624.67,2
CUST104942,17,16,2176.78,3
CUST104943,41,14,1545.94,3
CUST104944,323,1,908.55,0
CUST104945,88,8,1035.19,4
CUST104946,134,8,1973.18,2
CUST104947,109,8,3789.84,2
CUST104948,173,8,2393.71,2
CUST104949,154,8,1100.89,4
CUST104950,145,7,1925.58,2
CUST104951,18,18,3168.36,1
CUST104952,222,6,3263.03,2
CUST104953,25,15,4552.65,3
CUST104954,206,5,2218.39,2
CUST104955,68,6,5642.23,2
CUST104956,11,10,7811.77,1
CUST104957,358,4,1384.65,0
CUST104958,21,12,999.04,3
CUST104959,51,14,1480.86,3
CUST104960,138,6,1064.61,4
CUST104961,19,26,7892.41,1
CUST104962,33,24,8520.33,1
CUST104963,83,9,3792.54,2
CUST104964,72,18,3552.79,3
CUST104965,19,10,2773.81,3
CUST104966,24,28,9848.33,1
CUST104967,62,11,3752.98,3
CUST104968,17,15,1567.78,3
CUST104969,15,23,9946.19,1
CUST104970,150,11,2568.19,2
CUST104971,143,11,1103.97,4
CUST104972,32,22,2352.71,3
CUST104973,15,15,4334.67,1
CUST104974,313,3,867.76,0
CUST104975,112,8,1129.96,4
CUST104976,51,7,2014.6,4
CUST104977,102,5,1959.34,2
CUST104978,33,14,3300.57,3
CUST104979,139,7,2053.52,2
CUST104980,261,3,208.86,0
CUST104981,335,1,385.03,0
CUST104982,24,15,5246.3,1
CUST104983,74,12,3942.64,3
CUST104984,49,15,3299.86,3
CUST104985,30,12,5283.02,3
CUST104986,12,12,3645.04,1
CUST104987,125,11,2580.26,2
CUST104988,57,10,2925.22,3
CUST104989,289,5,1580.09,2
CUST104990,5,22,7436.42,1
CUST104991,21,18,6901.25,1
CUST104992,287,3,1438.94,0
CUST104993,101,9,917.83,4
CUST104994,19,12,1814.01,3
CUST104995,102,7,2858.43,2
CUST104996,39,9,4348.16,3
CUST104997,28,10,3267.52,3
CUST104998,29,7,878.42,4
CUST104999,51,17,2479.53,3
CUST105000,26,6,3123.86,3
